2014,"AUDI","A1","","1.4­16V","G","","","10.8","14.0"
2014,"AUDI","A3","Ambition","1.8­16V","G","","","9.6","14.0"
2014,"AUDI","A3","Sportback","1.4­16V","G","","","10.0","11.5"
2014,"AUDI","A3","","1.8­16V","G","","","9.6","14.0"
2014,"AUDI","A3","","1.4­16V","G","","","10.0","11.5"
2014,"AUDI","A4","Attraction","2.0­16V","G","","","8.8","12.4"
2014,"AUDI","A4","","2.0­16V","G","","","8.8","12.4"
2014,"AUDI","A5","Sportback","2.0­16V","G","","","7.9","11.7"
2014,"AUDI","A5","","2.0­16V","G","","","9.0","12.9"
2014,"AUDI","Q3","Ambition","2.0­16V","G","","","8.4","10.1"
2014,"AUDI","Q3","Attraction","2.0­16V","G","","","8.0","9.6"
2014,"BENTLEY","Continental","FLYING SPUR","6.0­48V","G","","","4.5","6.7"
2014,"BENTLEY","Continental","GT V8","4.0­32V","G","","","4.5","6.4"
2014,"BENTLEY","Continental","GT W12","6.0­48V","G","","","4.5","6.7"
2014,"BENTLEY","Continental","GTC V8","4.0­32V","G","","","4.5","6.4"
2014,"BENTLEY","Continental","GTC W12","6.0­48V","G","","","4.5","6.7"
2014,"CHANGAN","Chana","(Mini Star","1.0­8V","G","","","9.1","9.4"
2014,"CHANGAN","Chana","Star CS)","1.0­8V","G","","","8.7","14.8"
2014,"CHERY","Celer","1.5 Flex","1.5­16V","F","5.8","6.9","9.2","12.1"
2014,"CHERY","Celer","1.5 Flex HB","1.5­16V","F","5.8","6.9","9.2","12.1"
2014,"CHERY","Face","1.3 Flex","1.3­16V","F","7.0","7.4","10.3","12.6"
2014,"CHERY","QQ","1.0","1.0­12V","G","","","11.8","13.9"
2014,"CHERY","Tiggo","FL 2.0 MT","2.0­16V","G","","","7.9","9.8"
2014,"CHRYSLER","300C","","3.6­24V   V6 VVT AT­8","G","","","7.1","10.1"
2014,"CHRYSLER","Town e Country","Limited","3.6­24V","G","","","6.2","8.6"
2014,"CHRYSLER","Town e Country","Touring","3.6­24V","G","","","6.2","8.6"
2014,"CITROEN","AirCross","1.6­16V Exclusive BVA",,"F","5.9","7.4","8.4","10.7"
2014,"CITROEN","AirCross","Exclusive","1.6­16V","F","6.3","7.5","8.8","10.5"
2014,"CITROEN","AirCross","GLX","1.6­16V","F","6.3","7.5","8.8","10.5"
2014,"CITROEN","AirCross","GLX BVA","1.6­16V","F","5.9","7.4","8.4","10.7"
2014,"CITROEN","C3","Exclusive","1.5­8V","F","7.5","9.3","11.9","14.7"
2014,"CITROEN","C3","Exclusive","1.6­16V","F","7.4","9.3","10.6","13.4"
2014,"CITROEN","C3","Exclusive","1.6­16V","F","6.5","8.8","9.6","13.0"
2014,"CITROEN","C3","Origine","1.5­8V","F","7.5","9.3","11.9","14.7"
2014,"CITROEN","C3","Tendance","1.5­8V","F","7.5","9.3","11.9","14.7"
2014,"CITROEN","C3","Tendance","1.6­16V","F","6.5","8.8","9.6","13.0"
2014,"CITROEN","C4 Lounge","Exclusive","2.0­16V","F","5.7","7.9","8.3","11.2"
2014,"CITROEN","C4 Lounge","Origine","2.0­16V","F","6.1","7.7","8.7","11.3"
2014,"CITROEN","C4 Lounge","Tendance","2.0­16V","F","6.1","7.7","8.7","11.3"
2014,"CITROEN","C4 Lounge","Tendance","2.0­16V","F","5.7","7.9","8.3","11.2"
2014,"CITROEN","C4 Lounge","THP Exclusive","1.6­16V","G","","","8.7","11.7"
2014,"CITROEN","C4 Picasso","BVA","2.0­16V","G","","","7.8","11.4"
2014,"CITROEN","DS3","","1.6­16V","G","","","11.3","14.4"
2014,"CITROEN","DS5","THP So Chic","1.6­16V","G","","","8.6","12.2"
2014,"CITROEN","Grand C4 Picasso","BVA","2.0­16V","G","","","7.8","11.4"
2014,"DODGE","Journey","R/T","3.6­24V","G","","","6.1","7.4"
2014,"DODGE","Journey","SXT","3.6­24V","G","","","6.1","7.4"
2014,"FERRARI","California","-","4.3­32V","G","","","5.3","7.1"
2014,"FERRARI","F12Berlinetta","-","6.3­48V","G","","","4.7","6.5"
2014,"FIAT",500,"Cult","1.4­8V","F","7.2","8.4","11.0","12.8"
2014,"FIAT",500,"Cult Dualogic","1.4­8V","F","7.5","8.5","11.3","13.0"
2014,"FIAT",500,"Sport Air","1.4­16V","F","6.9","8.1","10.4","11.7"
2014,"FIAT","Dobló","Adventure","1.8­16V","F","6.0","6.7","8.6","9.8"
2014,"FIAT","Dobló","Attractive","1.4­8V","F","6.3","6.4","9.2","9.5"
2014,"FIAT","Dobló","Cargo","1.4­8V","F","6.7","7.1","9.7","10.3"
2014,"FIAT","Dobló","Cargo","1.8­16V","F","6.4","7.1","9.5","10.4"
2014,"FIAT","Dobló","Essence","1.8­16V","F","5.7","6.4","8.2","9.4"
2014,"FIAT","Freemont","Precision","2.4­16V","G","","","7.1","10.7"
2014,"FIAT","Grand Siena","Attractive","1.4­8V","F","7.7","9.0","11.0","13.0"
2014,"FIAT","Idea","Adventure","1.8­16V","F","5.9","6.7","8.8","9.9"
2014,"FIAT","Idea","Adventure","1.8­16V","F","5.9","6.7","8.8","10.1"
2014,"FIAT","Idea","Essence","1.6­16V","F","6.8","8.0","9.8","11.5"
2014,"FIAT","Novo Fiorino","Fire Evo","1.4­8V","F","7.5","8.4","11.0","12.2"
2014,"FIAT","Novo Palio","Attractive","1.0­8V","F","7.3","9.4","10.8","13.6"
2014,"FIAT","Novo Palio","Attractive","1.4­8V","F","7.4","9.3","10.8","13.5"
2014,"FIAT","Novo Uno","4 portas","1.4­8V","F","8.7","10.4","12.5","15.2"
2014,"FIAT","Novo Uno","Attractive","1.0­8V","F","8.4","10.3","12.0","14.8"
2014,"FIAT","Novo Uno","Portas","1.0­8V","F","8.3","9.4","12.3","14.5"
2014,"FIAT","Novo Uno","Vivace 2","1.0­8V","F","8.3","9.4","12.3","14.5"
2014,"FIAT","Novo Uno","Way","1.0­8V","F","7.8","9.0","11.1","12.8"
2014,"FIAT","Novo Uno","Way","1.4­8V","F","7.6","8.6","11.1","12.6"
2014,"FIAT","Novo Uno","Way (2015)","1.0­8V","F","8.0","9.1","11.5","13.0"
2014,"FIAT","Novo Uno","Way (2015)","1.4­8V","F","7.8","8.6","11.2","12.5"
2014,"FIAT","Novo Uno","Way (2015)","1.4­8V","F","7.7","8.5","11.1","12.3"
2014,"FIAT","Novo Uno","","1.4­8V","F","8.9","10.5","12.9","15.1"
2014,"FIAT","Palio","Fire 2 Portas","1.0­8V","F","8.8","10.3","12.3","15.0"
2014,"FIAT","Palio","Fire 4 Portas","1.0­8V","F","8.8","10.3","12.3","15.0"
2014,"FIAT","Palio","Portas","1.0­8V","F","8.2","10.0","11.9","14.6"
2014,"FIAT","Palio","","1.0­8V","F","8.2","10.0","11.9","14.6"
2014,"FIAT","Palio Weekend","Adventure","1.8­16V","F","6.9","7.9","9.8","11.3"
2014,"FIAT","Palio Weekend","Attractive","1.4­8V","F","7.1","8.3","10.3","12.1"
2014,"FIAT","Palio Weekend","Trekking","1.6­8V","F","6.8","7.7","9.9","11.2"
2014,"FIAT","Palio Weekend","","1.8­16V","F","7.0","8.1","10.2","11.7"
2014,"FIAT","Punto","Dualogic","1.6­16V","F","6.9","8.1","10.1","11.9"
2014,"FIAT","Punto","Essence","1.6­16V","F","6.8","8.4","10.0","12.0"
2014,"FIAT","Punto","","1.4­8V","F","7.4","8.5","10.4","12.3"
2014,"FIAT","Siena","EL","1.0­8V","F","8.0","9.7","11.9","14.4"
2014,"FIAT","Siena","EL","1.4­8V","F","7.1","8.8","10.6","13.2"
2014,"FIAT","Strada","Cabine Dupla","1.4­8V","F","7.5","7.7","10.6","11.0"
2014,"FIAT","Strada","Cabine Dupla","1.6­16V","F","7.3","8.0","10.3","11.5"
2014,"FIAT","Uno","4 Portas","1.0­8V","F","8.2","10.4","11.8","15.0"
2014,"FIAT","Uno","Vivace (2015)","1.0­8V","F","8.2","10.4","11.8","15.0"
2014,"FORD","Ecosport","-2015","2.0­16V","F","6.6","8.0","9.7","11.5"
2014,"FORD","Ecosport","Freestyle","1.6­16V","F","7.0","8.4","10.2","12.2"
2014,"FORD","Ecosport","Freestyle","2.0­16V","F","6.3","8.1","9.4","12.0"
2014,"FORD","Ecosport","Freestyle","2.0­16V","F","6.5","8.1","9.0","11.7"
2014,"FORD","Ecosport","S","1.6­16V","F","7.0","8.4","10.2","12.2"
2014,"FORD","Ecosport","S (2015)","1.6­16V","F","7.0","8.2","10.2","11.8"
2014,"FORD","Ecosport","SE","1.6­16V","F","7.0","8.4","10.2","12.2"
2014,"FORD","Ecosport","SE","2.0­16V","F","6.7","8.0","9.7","11.8"
2014,"FORD","Ecosport","SE (2015)","1.6­16V","F","7.0","8.2","10.2","11.8"
2014,"FORD","Ecosport","SE (2015)","2.0­16V","F","6.6","8.0","9.7","11.5"
2014,"FORD","Ecosport","Titanium","1.6­16V","F","7.0","8.4","10.2","12.2"
2014,"FORD","Ecosport","Titanium","2.0­16V","F","6.3","8.1","9.4","12.0"
2014,"FORD","Ecosport","Titanium","2.0­16V","F","6.7","8.0","9.7","11.8"
2014,"FORD","Ecosport","Titanium","2.0­16V","F","6.5","8.1","9.0","11.7"
2014,"FORD","Ecosport","","1.6­16V","F","7.0","8.2","10.2","11.8"
2014,"FORD","Ecosport","","1.6­16V","F","7.0","8.2","10.2","11.8"
2014,"FORD","Ecosport","","2.0­16V Freestyle","F","6.2","7.4","9.1","10.9"
2014,"FORD","Ecosport","","2.0­16V Freestyle","F","5.7","7.0","8.6","10.3"
2014,"FORD","Focus Hatch","-2015","2.0­16V","F","6.7","8.5","9.9","12.4"
2014,"FORD","Focus Hatch","S","1.6­16V","F","7.0","9.3","10.3","13.7"
2014,"FORD","Focus Hatch","S","1.6­16V","F","6.8","8.7","10.0","12.5"
2014,"FORD","Focus Hatch","S","2.0­16V","F","6.5","8.6","9.9","13.0"
2014,"FORD","Focus Hatch","S (2015)","1.6­16V","F","7.2","9.0","10.4","13.0"
2014,"FORD","Focus Hatch","S (2015)","1.6­16V","F","7.5","9.3","10.8","13.6"
2014,"FORD","Focus Hatch","SE","1.6­16V","F","7.0","9.3","10.3","13.7"
2014,"FORD","Focus Hatch","SE","1.6­16V","F","6.8","8.7","10.0","12.5"
2014,"FORD","Focus Hatch","SE","2.0­16V","F","6.5","8.6","9.9","13.0"
2014,"FORD","Focus Hatch","SE (2015)","1.6­16V","F","7.2","9.0","10.4","13.0"
2014,"FORD","Focus Hatch","SE (2015)","1.6­16V","F","7.5","9.3","10.8","13.6"
2014,"FORD","Focus Hatch","SE (2015)","2.0­16V","F","6.7","8.5","9.9","12.4"
2014,"FORD","Focus Hatch","Titanium","2.0­16V","F","6.5","8.6","9.9","13.0"
2014,"FORD","Focus Sedan","S","2.0­16V","F","6.5","8.6","9.9","13.0"
2014,"FORD","Focus Sedan","SE","2.0­16V","F","6.5","8.6","9.9","13.0"
2014,"FORD","Focus Sedan","SE (2015)","2.0­16V","F","6.7","8.5","9.9","12.4"
2014,"FORD","Focus Sedan","Titanium","2.0­16V","F","6.5","8.6","9.9","13.0"
2014,"FORD","Focus Sedan","Titanium","2.0­16V","F","6.7","8.5","9.9","12.4"
2014,"FORD","Fusion","Hybrid","2.0­16V","G","","","16.8","14.7"
2014,"FORD","Fusion","SEL","2.5­16V","F","5.5","8.2","7.9","11.9"
2014,"FORD","Fusion","","2.0­16V FWD Titanium","G","","","8.0","11.2"
2014,"FORD","Fusion","","2.0­16V","G","","","7.8","11.0"
2014,"FORD","KA (5 Portas)","SE","1.0­12V","F","8.9","10.4","13.0","15.1"
2014,"FORD","KA (5 Portas)","SE","1.5­16V","F","7.9","9.5","11.5","13.6"
2014,"FORD","KA (5 Portas)","SEL","1.0­12V","F","8.9","10.4","13.0","15.1"
2014,"FORD","KA (5 Portas)","SEL","1.5­16V","F","7.9","9.5","11.5","13.6"
2014,"FORD","KA+ (4 Portas)","SE","1.0­12V","F","8.9","10.4","13.0","15.1"
2014,"FORD","KA+ (4 Portas)","SE","1.5­16V","F","7.9","9.5","11.5","13.6"
2014,"FORD","KA+ (4 Portas)","SEL","1.0­12V","F","8.9","10.4","13.0","15.1"
2014,"FORD","KA+ (4 Portas)","SEL","1.5­16V","F","7.9","9.5","11.5","13.6"
2014,"FORD","New Fiesta Hatch","2015","1.6­16V","F","7.7","10.0","11.0","14.3"
2014,"FORD","New Fiesta Hatch","S","1.5­16V","F","7.8","9.6","10.8","13.7"
2014,"FORD","New Fiesta Hatch","S (2015)","1.5­16V","F","7.6","9.4","10.7","13.4"
2014,"FORD","New Fiesta Hatch","SE","1.6­16V","F","8.0","10.0","12.0","14.3"
2014,"FORD","New Fiesta Hatch","SE","1.6­16V","F","7.9","9.9","11.4","13.9"
2014,"FORD","New Fiesta Hatch","SE","1.5­16V","F","7.8","9.6","10.8","13.7"
2014,"FORD","New Fiesta Hatch","SE (2015)","1.5­16V","F","7.6","9.4","10.7","13.4"
2014,"FORD","New Fiesta Hatch","SE (2015)","1.6­16V","F","7.7","10.0","11.0","14.3"
2014,"FORD","New Fiesta Hatch","SE (2015)","1.6­16V","F","8.0","9.9","11.7","14.1"
2014,"FORD","New Fiesta Hatch","Titanium","1.6­16V","F","8.0","10.0","12.0","14.3"
2014,"FORD","New Fiesta Hatch","Titanium","1.6­16V","F","7.9","9.9","11.4","13.9"
2014,"FORD","New Fiesta Hatch","Titanium","1.6­16V","F","8.0","9.9","11.7","14.1"
2014,"FORD","New Fiesta Sedan","SE","1.6­16V","F","8.0","9.7","11.2","14.1"
2014,"FORD","New Fiesta Sedan","SE","1.6­16V","F","7.9","9.9","11.4","13.9"
2014,"FORD","New Fiesta Sedan","Titanium","1.6­16V","F","8.0","9.7","11.2","14.1"
2014,"FORD","New Fiesta Sedan","Titanium","1.6­16V","F","7.9","9.9","11.4","13.9"
2014,"HAFEI","Start Pickup","CD","1.0­8V","G","","","8.7","9.3"
2014,"HAFEI","Start Pickup","L","1.0­8V","G","","","9.0","9.0"
2014,"HAFEI","Start Van","-","1.0­8V","G","","","9.0","9.9"
2014,"HONDA","City","DX","1.5­16V","F","7.6","8.7","10.9","12.5"
2014,"HONDA","City","EX","1.5­16V","F","7.5","8.3","11.2","14.0"
2014,"HONDA","City","LX","1.5­16V","F","7.5","8.3","11.2","14.0"
2014,"HONDA","City","Sport","1.5­16V","F","7.6","8.7","10.9","12.5"
2014,"HONDA","City (novo)","DX","1.5­16V","F","8.6","10.3","12.4","14.6"
2014,"HONDA","City (novo)","EX","1.5­16V","F","8.5","10.3","12.3","14.5"
2014,"HONDA","City (novo)","EXL","1.5­16V","F","8.5","10.3","12.3","14.5"
2014,"HONDA","City (novo)","LX","1.5­16V","F","8.5","10.3","12.3","14.5"
2014,"HONDA","Civic","EXR","2.0­16V","F","6.6","9.0","9.7","13.1"
2014,"HONDA","Civic","LXR","2.0­16V","F","6.6","9.0","9.7","13.1"
2014,"HONDA","Civic","LXS","1.8­16V","F","7.4","9.5","10.7","13.4"
2014,"HONDA","Civic","LXS","1.8­16V","F","7.3","10.0","10.5","13.4"
2014,"HONDA","Civic (2015)","EXR","2.0­16V","F","6.4","9.4","9.7","13.8"
2014,"HONDA","Civic (2015)","LXR","2.0­16V","F","6.4","9.4","9.7","13.8"
2014,"HONDA","Civic (2015)","LXS","1.8­16V","F","7.2","9.2","10.9","13.5"
2014,"HONDA","Civic (2015)","LXS","1.8­16V","F","6.8","9.6","10.5","14.4"
2014,"HONDA","Fit","CX","1.4­16V","F","8.1","9.2","11.8","13.3"
2014,"HONDA","Fit","CX","1.4­16V","F","6.6","8.5","11.0","12.5"
2014,"HONDA","Fit","EX","1.5­16V","F","6.8","8.2","10.5","12.2"
2014,"HONDA","Fit","LX","1.4­16V","F","8.1","9.2","11.8","13.3"
2014,"HONDA","Fit","LX","1.4­16V","F","6.6","8.5","11.0","12.5"
2014,"HONDA","Fit","Twist","1.5­16V","F","7.6","8.5","11.3","12.2"
2014,"HONDA","Fit","Twist","1.5­16V","F","6.8","8.2","10.5","12.2"
2014,"HONDA","Fit (novo)","DX","1.5­16V","F","8.3","9.5","11.6","13.6"
2014,"HONDA","Fit (novo)","DX","1.5­16V","F","8.3","9.9","12.3","14.1"
2014,"HONDA","Fit (novo)","EX","1.5­16V","F","8.3","9.9","12.3","14.1"
2014,"HONDA","Fit (novo)","EXL","1.5­16V","F","8.3","9.9","12.3","14.1"
2014,"HONDA","Fit (novo)","LX","1.5­16V","F","8.3","9.5","11.6","13.6"
2014,"HONDA","Fit (novo)","LX","1.5­16V","F","8.3","9.9","12.3","14.1"
2014,"HYUNDAI","Azera","3.0 V6","3.0­24V","G","","","8.2","10.7"
2014,"HYUNDAI","HB20","Comfort","1.0­12V","F","7.6","9.8","11.5","14.5"
2014,"HYUNDAI","HB20","Comfort","1.6­16V","F","7.7","9.3","11.5","13.0"
2014,"HYUNDAI","HB20","Plus","1.0­12V","F","7.6","9.8","11.5","14.5"
2014,"HYUNDAI","HB20","Plus","1.6­16V","F","7.7","9.3","11.5","13.0"
2014,"HYUNDAI","HB20","Premium","1.6­16V","F","7.7","9.3","11.5","13.0"
2014,"HYUNDAI","HB20","Style","1.0­12V","F","7.6","9.8","11.5","14.5"
2014,"HYUNDAI","HB20","Style","1.6­16V","F","7.7","9.3","11.5","13.0"
2014,"HYUNDAI","HB20S","Comfort Plus","1.0­12V","F","8.0","10.1","11.5","14.4"
2014,"HYUNDAI","HB20S","Comfort Plus","1.6­16V","F","7.8","9.3","11.4","13.0"
2014,"HYUNDAI","HB20S","Premium","1.6­16V","F","7.8","9.3","11.4","13.0"
2014,"HYUNDAI","HB20S","Style","1.0­12V","F","8.0","10.1","11.5","14.4"
2014,"HYUNDAI","HB20S","Style","1.6­16V","F","7.8","9.3","11.4","13.0"
2014,"HYUNDAI","HB20X","Premium","1.6­16V","F","7.9","8.8","11.3","12.5"
2014,"HYUNDAI","HB20X","Premium","1.6­16V","F","7.0","8.3","10.1","11.8"
2014,"HYUNDAI","HB20X","Style","1.6­16V","F","7.9","8.8","11.3","12.5"
2014,"HYUNDAI","HB20X","Style","1.6­16V","F","7.0","8.3","10.1","11.8"
2014,"HYUNDAI","i30","-","1.6­16V","F","6.8","8.5","9.3","11.6"
2014,"HYUNDAI","i30","2.0","2.0­16V","G","","","8.9","10.1"
2014,"HYUNDAI","i30","2.0","2.0­16V","G","","","8.9","10.2"
2014,"HYUNDAI","ix35","2.0","2.0­16V","G","","","7.7","9.3"
2014,"HYUNDAI","ix35","2.0","2.0­16V","G","","","7.3","8.9"
2014,"HYUNDAI","Santa Fé","2.4","2.4­16V","G","","","7.0","8.0"
2014,"HYUNDAI","Santa Fé","3.5","3.5­24V","G","","","6.7","7.8"
2014,"HYUNDAI","Sonata","2.4","2.4­16V","G","","","8.0","11.5"
2014,"HYUNDAI","Tucson","GLB","2.0­16V","F","5.2","6.6","7.2","9.1"
2014,"JAC","J2","-","1.4­16V","G","","","11.9","12.5"
2014,"JAC","J3","-","1.3­16V","G","","","11.2","12.7"
2014,"JAC","J3","1.4","1.3­16V","G","","","11.2","12.7"
2014,"JAC","J3 Turin","-","1.3­16V","G","","","11.3","12.8"
2014,"JAC","J3 Turin","1.4","1.3­16V","G","","","11.3","12.8"
2014,"JAC","J5","-","1.5­16V","G","","","9.5","11.6"
2014,"JAC","J6","2.0S 5S","2.0­16V","G","","","7.0","9.1"
2014,"JAC","J6","2.0S 7S","2.0­16V","G","","","7.0","9.1"
2014,"JAC","J6","2.0S Black 5S","2.0­16V","G","","","7.0","9.1"
2014,"JAC","J6","2.0S Black 7S","2.0­16V","G","","","7.0","9.1"
2014,"JAC","J6","2.0S Comfort","2.0­16V","G","","","7.0","9.1"
2014,"JAC","J6","2.0S Comfort","2.0­16V","G","","","7.0","9.1"
2014,"JAC","J6","","2.0­16V","G","","","7.0","9.1"
2014,"JAC","J6","","2.0­16V","G","","","7.0","9.1"
2014,"JAC","J6","","2.0­16V","G","","","7.0","9.1"
2014,"JAC","J6","","2.0­16V","G","","","7.0","9.1"
2014,"JAGUAR","XF","Luxury","2.0­16V","G","","","6.9","9.7"
2014,"JAGUAR","XF","PLuxury","2.0­16V","G","","","6.9","9.7"
2014,"JEEP","Cherokee","Limited","3.2­24V","G","","","7.2","9.4"
2014,"JEEP","Compass","VVT","2.0­16V","G","","","8.3","9.3"
2014,"JEEP","Grand Cherokee","Limited","3.6­24V","G","","","5.9","7.7"
2014,"JEEP","Wrangler","Sport","3.6­24V","G","","","5.8","6.7"
2014,"JEEP","Wrangler","","3.6­24V Unlimited","G","","","5.8","6.7"
2014,"JINBEI","Gran Topic","Furgão","2.0­16V","G","","","5.6","6.9"
2014,"JINBEI","Gran Topic","Van","2.0­16V","G","","","5.6","6.9"
2014,"JINBEI","Topic","Furgão","2.0­16V","G","","","5.6","6.9"
2014,"JINBEI","Topic","L","2.0­16V","G","","","5.7","6.8"
2014,"JINBEI","Topic","SL","2.0­16V","G","","","5.7","6.8"
2014,"JINBEI","Van 13P","L","2.0­16V","G","","","5.7","6.8"
2014,"JINBEI","Van 13P","SL","2.0­16V","G","","","5.7","6.8"
2014,"JINBEI","Van Cargo","L","2.0­16V","G","","","5.7","6.8"
2014,"KIA","Cerato","EX3 ATNB","1.6­16V","F","6.6","9.1","9.5","12.4"
2014,"KIA","Cerato","EX3 MTNB","1.6­16V","F","6.8","9.3","10.0","14.0"
2014,"KIA","Cerato","LX3 ATNB","1.6­16V","F","6.6","9.1","9.5","12.4"
2014,"KIA","Cerato","LX3 MTNB","1.6­16V","F","6.8","9.3","10.0","14.0"
2014,"KIA","Cerato","SX3 ATNB","1.6­16V","F","6.6","9.1","9.5","12.4"
2014,"KIA","Cerato","SX3 MTNB","1.6­16V","F","6.8","9.3","10.0","14.0"
2014,"KIA","Cerato Koup","LX4","2.0­16V","G","","","8.8","11.5"
2014,"KIA","Cerato Koup","SX4","2.0­16V","G","","","8.8","11.5"
2014,"KIA","New Soul","EX AT","1.6­16V","F","6.7","8.4","9.4","11.2"
2014,"KIA","New Soul","LX AT","1.6­16V","F","6.7","8.4","9.4","11.2"
2014,"KIA","Optima","EX AT","2.4­16V","G","","","7.4","9.2"
2014,"KIA","Optima","EX2 AT","2.0­16V","G","","","8.7","11.8"
2014,"KIA","Optima","LX2 AT","2.0­16V","G","","","8.7","11.8"
2014,"KIA","Picanto","EX4 AT","1.0­12V","F","8.3","9.4","11.4","13.1"
2014,"KIA","Picanto","EX4 MT","1.0­12V","F","8.2","9.8","12.0","14.4"
2014,"KIA","Picanto","LX4 AT","1.0­12V","F","8.3","9.4","11.4","13.1"
2014,"KIA","Picanto","LX4 MT","1.0­12V","F","8.2","9.8","12.0","14.4"
2014,"KIA","Sorento","EX2 G15","2.4­16V","G","","","6.8","8.2"
2014,"KIA","Sorento","EX2 G17","3.5­24V","G","","","6.3","7.7"
2014,"KIA","Sorento","LX2 G15","2.4­16V","G","","","6.8","8.2"
2014,"KIA","Sorento","LX2 G17","3.5­24V","G","","","6.3","7.7"
2014,"KIA","Soul","EX AT","1.6­16V","F","6.5","7.6","9.6","11.1"
2014,"KIA","Soul","EX MT","1.6­16V","F","7.0","8.0","10.3","11.8"
2014,"KIA","Soul","LX AT","1.6­16V","F","6.5","7.6","9.6","11.1"
2014,"KIA","Soul","LX MT","1.6­16V","F","7.0","8.0","10.3","11.8"
2014,"KIA","Sportage","EX G1","2.0­16V","F","5.8","6.9","8.5","10.3"
2014,"KIA","Sportage","EX G2","2.0­16V","F","5.8","6.9","8.5","10.3"
2014,"KIA","Sportage","EX G3","2.0­16V","F","6.0","7.4","8.9","11.2"
2014,"KIA","Sportage","EX G4","2.0­16V","F","6.0","7.4","8.9","11.2"
2014,"KIA","Sportage","LX G1","2.0­16V","F","5.8","6.9","8.5","10.3"
2014,"KIA","Sportage","LX G2","2.0­16V","F","5.8","6.9","8.5","10.3"
2014,"KIA","Sportage","LX G3","2.0­16V","F","6.0","7.4","8.9","11.2"
2014,"KIA","Sportage","LX G4","2.0­16V","F","6.0","7.4","8.9","11.2"
2014,"LAMBORGHINI","Aventador","-","6.5­48V","G","","","4.1","5.9"
2014,"LAND ROVER","Discovery","V6 SC HSE","3.0­24V","G","","","5.9","7.6"
2014,"LAND ROVER","Evoque","Dynamic 3D","2.0­16V","G","","","7.9","11.1"
2014,"LAND ROVER","Evoque","Dynamic 5D","2.0­16V","G","","","7.9","11.1"
2014,"LAND ROVER","Evoque","Dynamic P3D","2.0­16V","G","","","7.9","11.1"
2014,"LAND ROVER","Evoque","Dynamic P5D","2.0­16V","G","","","7.9","11.1"
2014,"LAND ROVER","Evoque","Prestige 5D","2.0­16V","G","","","7.9","11.1"
2014,"LAND ROVER","Evoque","Prestige P5D","2.0­16V","G","","","7.9","11.1"
2014,"LAND ROVER","Evoque","Pure 5D","2.0­16V","G","","","7.9","11.1"
2014,"LAND ROVER","Evoque","Pure P3D","2.0­16V","G","","","7.9","11.1"
2014,"LAND ROVER","Evoque","Pure P5D","2.0­16V","G","","","7.9","11.1"
2014,"LAND ROVER","Freelander 2","DYN SI4","2.0­16V","G","","","6.0","8.2"
2014,"LAND ROVER","Freelander 2","HSE SI4","2.0­16V","G","","","6.0","8.2"
2014,"LAND ROVER","Freelander 2","S SI4","2.0­16V","G","","","6.0","8.2"
2014,"LAND ROVER","Freelander 2","SE SI4","2.0­16V","G","","","6.0","8.2"
2014,"LAND ROVER","Range Rover","V8 SC AB","5.0­32V","G","","","5.1","7.7"
2014,"LAND ROVER","Range Rover","VOGUESE","5.0­32V","G","","","5.1","7.7"
2014,"LAND ROVER","Range Rover Sport","3.0 SC S","3.0­24V","G","","","6.0","8.5"
2014,"LAND ROVER","Range Rover Sport","3.0 SC SE","3.0­24V","G","","","6.0","8.5"
2014,"LAND ROVER","Range Rover Sport","3.0 SE HSE","3.0­24V","G","","","6.0","8.5"
2014,"LAND ROVER","Range Rover Sport","5.0 SC AB","5.0­32V","G","","","4.9","7.3"
2014,"LAND ROVER","Range Rover Sport","5.0 SC AB D","5.0­32V","G","","","4.9","7.3"
2014,"LAND ROVER","Range Rover Sport","5.0 SC DYN","5.0­32V","G","","","4.9","7.3"
2014,"LEXUS","CT200h","-","1.8­16V","G","","","15.7","14.2"
2014,"LEXUS","ES350","-","3.5­24V","G","","","7.7","11.0"
2014,"MASERATI","Gran","Cabrio MC","4.7­32V","G","","","5.2","7.1"
2014,"MASERATI","Gran","Cabrio S","4.7­32V","G","","","5.2","7.1"
2014,"MASERATI","Gran","T MCS","4.7­32V","G","","","5.2","7.1"
2014,"MASERATI","Gran","Turismo S","4.7­32V","G","","","5.2","7.1"
2014,"MASERATI","Quattroporte","-","4.0­32V","G","","","5.0","6.8"
2014,"MERCEDES­BENZ","C 180","Turbo Coupé","1.6­16V","G","","","9.0","12.6"
2014,"MERCEDES­BENZ","C 180","Turbo Sport","1.6­16V","G","","","9.0","12.6"
2014,"MERCEDES­BENZ","C 180","Turbo Touring","1.6­16V","G","","","9.0","12.6"
2014,"MERCEDES­BENZ","C 180 (novo)","-","1.6­16V","G","","","9.2","12.2"
2014,"MERCEDES­BENZ","C 200","Turbo","1.8­16V","G","","","8.4","12.8"
2014,"MERCEDES­BENZ","CLA 200","Turbo Sport","1.6­16V","G","","","8.2","10.9"
2014,"MERCEDES­BENZ","E250","Turbo","2.0­16V","G","","","7.3","10.4"
2014,"MERCEDES­BENZ","GLA 200","Turbo Sport","1.6­16V","G","","","8.9","11.5"
2014,"MERCEDES­BENZ","SLK 250","Turbo","1.8­16V","G","","","7.9","10.8"
2014,"MITSUBISHI","ASX","4X2","2.0­16V","G","","","8.7","10.3"
2014,"MITSUBISHI","ASX","4X2","2.0­16V","G","","","8.7","9.8"
2014,"MITSUBISHI","L200 Triton","GL","2.4­16V","F","4.0","4.9","6.1","7.2"
2014,"MITSUBISHI","Lancer","-","2.0­16V","G","","","8.4","10.3"
2014,"MITSUBISHI","Lancer","AWD","2.0­16V","G","","","8.3","9.5"
2014,"MITSUBISHI","Lancer","GT","2.0­16V","G","","","8.8","10.6"
2014,"MITSUBISHI","Outlander","4WD","3.0­24V","G","","","6.9","8.4"
2014,"MITSUBISHI","Outlander","4X2","2.0­16V","G","","","9.3","10.1"
2014,"MITSUBISHI","Pajero Full 3 Portas 3.8­24V","4X4",,"G","","","5.6","7.0"
2014,"MITSUBISHI","Pajero Full 5 Portas 3.8­24V","4X4",,"G","","","5.3","6.7"
2014,"MITSUBISHI","Pajero TR4","4X4","2.0­16V","F","4.8","5.8","6.8","8.2"
2014,"NISSAN","Altima","25SE","2.5­16V","G","","","10.1","13.1"
2014,"NISSAN","Altima","25SL","2.5­16V","G","","","10.1","13.1"
2014,"NISSAN","Altima","25SV","2.5­16V","G","","","10.1","13.1"
2014,"NISSAN","Altima","Unique","2.5­16V","G","","","10.1","13.1"
2014,"NISSAN","Grand Livina","18","1.8­16V","F","6.2","7.7","8.9","11.2"
2014,"NISSAN","Grand Livina","18 SL","1.8­16V","F","6.2","7.7","8.9","11.2"
2014,"NISSAN","Grand Livina","18S","1.8­16V","F","6.2","7.7","8.9","11.2"
2014,"NISSAN","March","10","1.0­16V","F","8.9","10.4","12.6","15.0"
2014,"NISSAN","March","10","1.0­16V","F","8.4","9.7","12.3","14.5"
2014,"NISSAN","March","10S","1.0­16V","F","8.4","9.7","12.3","14.5"
2014,"NISSAN","New March","16","1.6­16V","F","8.1","9.3","11.6","13.2"
2014,"NISSAN","New March","10MT","1.0­16V","F","8.7","10.4","12.5","14.8"
2014,"NISSAN","New March","10S","1.0­16V","F","8.7","10.4","12.5","14.8"
2014,"NISSAN","New March","10SV","1.0­16V","F","8.7","10.4","12.5","14.8"
2014,"NISSAN","New March","16S","1.6­16V","F","8.1","9.3","11.6","13.2"
2014,"NISSAN","New March","16SL","1.6­16V","F","8.1","9.3","11.6","13.2"
2014,"NISSAN","New March","16SV","1.6­16V","F","8.1","9.3","11.6","13.2"
2014,"NISSAN","Novo Sentra","20 Rio","2.0­16V","F","6.9","9.1","10.2","12.9"
2014,"NISSAN","Novo Sentra","20S","2.0­16V","F","7.2","8.7","10.5","12.9"
2014,"NISSAN","Novo Sentra","20S CVT","2.0­16V","F","6.9","9.1","10.2","12.9"
2014,"NISSAN","Novo Sentra","20SL CVT","2.0­16V","F","6.9","9.1","10.2","12.9"
2014,"NISSAN","Novo Sentra","20SR","2.0­16V","F","7.2","8.7","10.5","12.9"
2014,"NISSAN","Novo Sentra","20SR CVT","2.0­16V","F","6.9","9.1","10.2","12.9"
2014,"NISSAN","Novo Sentra","20SV","2.0­16V","F","7.2","8.7","10.5","12.9"
2014,"NISSAN","Novo Sentra","20SV CVT","2.0­16V","F","6.9","9.1","10.2","12.9"
2014,"NISSAN","Novo Sentra","Special","2.0­16V","F","6.9","9.1","10.2","12.9"
2014,"NISSAN","Novo Sentra","Unique","2.0­16V","F","6.9","9.1","10.2","12.9"
2014,"NISSAN","Versa","16","1.6­16V","F","7.8","9.3","11.7","13.9"
2014,"NISSAN","Versa","16 SR","1.6­16V","F","7.8","9.3","11.7","13.9"
2014,"NISSAN","Versa","16S","1.6­16V","F","7.8","9.3","11.7","13.9"
2014,"NISSAN","Versa","16SL","1.6­16V","F","7.8","9.3","11.7","13.9"
2014,"NISSAN","Versa","16SV","1.6­16V","F","7.8","9.3","11.7","13.9"
2014,"PEUGEOT",208,"Active","1.5­8V","F","8.0","9.6","11.6","14.3"
2014,"PEUGEOT",208,"Active Pack","1.5­8V","F","8.0","9.6","11.6","14.3"
2014,"PEUGEOT",208,"Allure","1.5­8V","F","8.0","9.6","11.6","14.3"
2014,"PEUGEOT",208,"Allure","1.6­16V","F","6.5","8.8","9.6","13.0"
2014,"PEUGEOT",208,"Griffe","1.6­16V","F","7.1","8.9","10.6","12.9"
2014,"PEUGEOT",208,"Griffe","1.6­16V","F","6.5","8.8","9.6","13.0"
2014,"PEUGEOT",408,"Allure","2.0­16V","F","5.6","7.8","8.2","11.1"
2014,"PEUGEOT",408,"Allure","2.0­16V","F","6.2","7.6","9.0","11.2"
2014,"PEUGEOT",408,"Griffe","2.0­16V","F","5.6","7.8","8.2","11.1"
2014,"PEUGEOT",408,"Griffe","2.0­16V","F","6.2","7.6","9.0","11.2"
2014,"PEUGEOT",508,"THP Allure","1.6­16V","G","","","8.4","11.4"
2014,"PEUGEOT",3008,"THP Allure","1.6­16V","G","","","8.8","11.1"
2014,"PEUGEOT",3008,"THP Griffe","1.6­16V","G","","","8.8","11.1"
2014,"PEUGEOT","207 HB","Active","1.4­8V","F","6.8","8.7","10.6","13.7"
2014,"PEUGEOT","207 Passion","Active","1.4­8V","F","6.8","8.7","10.6","13.7"
2014,"PEUGEOT","207 Passion","Allure","1.4­8V","F","6.8","8.7","10.6","13.7"
2014,"PEUGEOT","308 CC","THP Active","1.6­16V","G","","","8.2","12.0"
2014,"PEUGEOT","RCZ","THP","1.6­16V","G","","","8.6","12.1"
2014,"PORSCHE",911,"4S Cabriolet","3.8­24V","G","","","6.5","10.2"
2014,"PORSCHE",911,"Cabriolet","3.8­24V","G","","","6.5","10.4"
2014,"PORSCHE",911,"Carrera 4S","3.8­24V","G","","","6.5","10.2"
2014,"PORSCHE",911,"Carrera S","3.8­24V","G","","","6.5","10.4"
2014,"PORSCHE",911,"Turbo","3.8­24V","G","","","6.6","9.5"
2014,"PORSCHE",911,"Turbo S","3.8­24V","G","","","6.6","9.5"
2014,"PORSCHE","Boxter","-","2.7­24V","G","","","8.0","11.9"
2014,"PORSCHE","Boxter","S","3.4­24V","G","","","7.6","11.0"
2014,"PORSCHE","Cayenne","GTS","4.8­32V","G","","","5.9","8.3"
2014,"PORSCHE","Cayenne","S","4.8­32V","G","","","5.5","8.4"
2014,"PORSCHE","Cayenne","Turbo","4.8­32V","G","","","5.5","8.1"
2014,"PORSCHE","Cayenne","V6","3.6­24V","G","","","6.2","8.5"
2014,"PORSCHE","Cayman","-","2.7­24V","G","","","8.0","11.9"
2014,"PORSCHE","Cayman","S","3.4­24V","G","","","7.6","11.0"
2014,"PORSCHE","Macan","S","3.6­24V","G","","","5.9","7.9"
2014,"PORSCHE","Macan","Turbo","3.0­24V","G","","","5.7","7.6"
2014,"PORSCHE","Panamera","-","3.6­24V","G","","","7.1","10.0"
2014,"PORSCHE","Panamera","S","3.0­32V","G","","","6.5","9.9"
2014,"PORSCHE","Panamera","Turbo","4.8­32V","G","","","5.8","9.7"
2014,"RELY","Pick­Up","-","1.0­16V","G","","","7.6","8.7"
2014,"RELY","Pick­Up","CD Confort","1.0­16V","G","","","7.6","8.7"
2014,"RELY","Pick­Up","EX Basic","1.0­16V","G","","","7.6","8.7"
2014,"RELY","Pick­Up","Van","1.0­16V","G","","","7.6","8.7"
2014,"RENAULT","Clio","1.0­16V Authentique 3",,"F","9.5","10.7","14.3","15.8"
2014,"RENAULT","Clio","1.0­16V Authentique 5",,"F","9.5","10.7","14.3","15.8"
2014,"RENAULT","Clio","Portas","1.0­16V","F","9.5","10.7","14.3","15.8"
2014,"RENAULT","Clio","","1.0­16V Authentique 3","F","9.1","9.6","13.1","14.3"
2014,"RENAULT","Clio","","1.0­16V Authentique 5","F","9.1","9.6","13.1","14.3"
2014,"RENAULT","Clio","","1.0­16V Expression 5","F","9.1","9.6","13.1","14.3"
2014,"RENAULT","Duster","4x2","1.6­16V","F","6.7","7.4","10.0","10.7"
2014,"RENAULT","Duster","4x2","1.6­16V","F","6.7","7.4","10.0","10.7"
2014,"RENAULT","Duster","Tech Road 4x2","1.6­16V","F","6.7","7.4","10.0","10.7"
2014,"RENAULT","Duster","","2.0­16V Dynamique","F","6.7","7.8","9.9","11.2"
2014,"RENAULT","Duster","","2.0­16V Tech Road 4x2","F","6.7","7.8","9.9","11.2"
2014,"RENAULT","Duster","","2.0­16V Dynamique","F","5.8","7.2","8.5","10.5"
2014,"RENAULT","Duster","","2.0­16V Tech Road 4x2","F","5.8","7.2","8.5","10.5"
2014,"RENAULT","Duster","","2.0­16V","F","6.1","7.2","8.9","10.2"
2014,"RENAULT","Fluence","Dynamique","2.0­16V","F","6.8","9.2","10.2","14.1"
2014,"RENAULT","Fluence","Dynamique","2.0­16V","F","6.0","8.1","9.1","12.0"
2014,"RENAULT","Fluence","Privilège","2.0­16V","F","6.0","8.1","9.1","12.0"
2014,"RENAULT","Kangoo","Express","1.6­16V","F","6.1","7.4","9.0","10.9"
2014,"RENAULT","Novo Logan","Authentique","1.0­16V","F","8.1","9.2","11.9","13.4"
2014,"RENAULT","Novo Logan","Expression","1.0­16V","F","8.1","9.2","11.9","13.4"
2014,"RENAULT","Novo Sandero","Authentique","1.0­16V","F","8.1","9.2","11.9","13.4"
2014,"RENAULT","Novo Sandero","Expression","1.0­16V","F","8.1","9.2","11.9","13.4"
2014,"RENAULT","Sandero","Authentique","1.0­16V","F","8.4","9.2","12.9","13.8"
2014,"RENAULT","Sandero","Authentique","1.0­16V","F","8.1","8.6","12.4","12.8"
2014,"RENAULT","Sandero","Expression","1.0­16V","F","8.4","9.2","12.9","13.8"
2014,"RENAULT","Sandero","Expression","1.0­16V","F","8.1","8.6","12.4","12.8"
2014,"ROLLS­ROYCE","Ghost","-","6.5­48V","G","","","4.9","7.0"
2014,"SMART","fortwo","cabrio","1.0­12V","G","","","13.2","14.2"
2014,"SMART","fortwo","coupé","1.0­12V","G","","","13.2","14.4"
2014,"SMART","fortwo","","1.0­12V","G","","","13.2","14.2"
2014,"SUBARU","Forester","L","2.0­16V","G","","","10.0","14.4"
2014,"SUBARU","Forester","S","2.0­16V","G","","","10.0","14.4"
2014,"SUBARU","Forester","XT","2.5­16V","G","","","9.2","12.7"
2014,"SUBARU","Impreza","XV","2.0­16V","G","","","9.6","11.6"
2014,"SUZUKI","Grand Vitara","4X2","2.0­16V","G","","","7.6","9.2"
2014,"SUZUKI","Grand Vitara","4X2","2.0­16V","G","","","7.8","9.5"
2014,"SUZUKI","Grand Vitara","4X4","2.0­16V","G","","","7.3","8.9"
2014,"SUZUKI","Grand Vitara","4X4","2.0­16V","G","","","7.6","9.1"
2014,"SUZUKI","Jimny","4X4","1.3­16V","G","","","9.5","10.7"
2014,"TOYOTA","Camry","XLE","3.5­24V","G","","","7.8","10.2"
2014,"TOYOTA","Corolla","Gli","1.8­16V","F","7.0","9.6","10.2","13.5"
2014,"TOYOTA","Corolla","Gli","1.8­16V","F","7.1","9.1","10.5","13.3"
2014,"TOYOTA","Corolla","XLi","1.8­16V","F","7.0","9.6","10.2","13.5"
2014,"TOYOTA","Corolla","XLi","1.8­16V","F","7.1","9.1","10.5","13.3"
2014,"TOYOTA","Corolla Novo","Altis","2,0­16V","F","7.2","8.8","10.6","12.6"
2014,"TOYOTA","Corolla Novo","Gli","1.8­16V","F","7.3","9.1","10.7","13.2"
2014,"TOYOTA","Corolla Novo","Gli","1.8­16V","F","7.8","9.2","11.4","13.2"
2014,"TOYOTA","Corolla Novo","Xei","2,0­16V","F","7.2","8.8","10.6","12.6"
2014,"TOYOTA","Etios Hatchback","Cross","1.5­16V","F","8.5","8.9","12.4","13.4"
2014,"TOYOTA","Etios Hatchback","X","1.3­16V","F","8.5","9.0","12.5","13.0"
2014,"TOYOTA","Etios Hatchback","XLS","1.5­16V","F","8.5","8.9","12.4","13.4"
2014,"TOYOTA","Etios Hatchback","XS","1.5­16V","F","8.5","8.9","12.4","13.4"
2014,"TOYOTA","Etios Sedan","X","1.5­16V","F","8.4","9.3","11.9","14.0"
2014,"TOYOTA","Etios Sedan","XLS","1.5­16V","F","8.4","9.3","11.9","14.0"
2014,"TOYOTA","Etios Sedan","XS","1.5­16V","F","8.4","9.3","11.9","14.0"
2014,"TOYOTA","Prius","-","1.8­16V","G","","","15.7","14.3"
2014,"TOYOTA","Rav4","4X2","2.0­16V","G","","","9.5","10.9"
2014,"TOYOTA","Rav4","4X4","2.0­16V","G","","","9.5","10.9"
2014,"TOYOTA","Rav4","4X4","2.5­24V","G","","","8.7","10.9"
2014,"VOLKSWAGEN","CC","V6","3.6­24V","G","","","7.3","8.7"
2014,"VOLKSWAGEN","Fox","","1.0­12V BlueMotion ­ 2","F","8.8","9.9","12.7","14.4"
2014,"VOLKSWAGEN","Fox","","1.0­12V BlueMotion ­ 4","F","8.8","9.9","12.7","14.4"
2014,"VOLKSWAGEN","Fusca","TSI DSG","2.0­16V","G","","","8.8","10.1"
2014,"VOLKSWAGEN","Gol","1.6­8V I­Motion 2",,"F","7.3","9.5","10.7","13.6"
2014,"VOLKSWAGEN","Gol","1.6­8V I­Motion 4",,"F","7.3","9.5","10.7","13.6"
2014,"VOLKSWAGEN","Gol","2 Portas","1.0­8V","F","7.7","9.6","11.6","13.9"
2014,"VOLKSWAGEN","Gol","2 Portas","1.6­8V","F","7.3","9.4","10.7","13.7"
2014,"VOLKSWAGEN","Gol","4 Portas","1.0­8V","F","7.7","9.6","11.6","13.9"
2014,"VOLKSWAGEN","Gol","4 Portas","1.6­8V","F","7.3","9.4","10.7","13.7"
2014,"VOLKSWAGEN","Gol","4 Portas","1.6­8V","F","7.3","9.5","10.7","13.6"
2014,"VOLKSWAGEN","Gol","City 2 Portas","1.0­8V","F","7.7","9.6","11.6","13.9"
2014,"VOLKSWAGEN","Gol","City 2 Portas","1.6­8V","F","7.3","9.4","10.7","13.7"
2014,"VOLKSWAGEN","Gol","City 4 Portas","1.0­8V","F","7.7","9.6","11.6","13.9"
2014,"VOLKSWAGEN","Gol","City 4 Portas","1.6­8V","F","7.3","9.4","10.7","13.7"
2014,"VOLKSWAGEN","Gol","City I­Motion","1.6­8V","F","7.3","9.5","10.7","13.6"
2014,"VOLKSWAGEN","Gol","Highline","1.6­8V","F","7.3","9.4","10.7","13.7"
2014,"VOLKSWAGEN","Gol","Motion","1.6­8V","F","7.3","9.5","10.7","13.6"
2014,"VOLKSWAGEN","Gol","Motion 2","1.6­8V","F","7.3","9.5","10.7","13.6"
2014,"VOLKSWAGEN","Gol","Motion 2","1.6­8V","F","7.3","9.5","10.7","13.6"
2014,"VOLKSWAGEN","Gol","Motion 4","1.6­8V","F","7.3","9.5","10.7","13.6"
2014,"VOLKSWAGEN","Gol","Motion 4","1.6­8V","F","7.3","9.5","10.7","13.6"
2014,"VOLKSWAGEN","Gol","Portas","1.0­8V","F","7.7","9.6","11.6","13.9"
2014,"VOLKSWAGEN","Gol","Portas","1.0­8V","F","7.7","9.6","11.6","13.9"
2014,"VOLKSWAGEN","Gol","Portas","1.6­8V","F","7.3","9.4","10.7","13.7"
2014,"VOLKSWAGEN","Gol","Portas","1.6­8V","F","7.3","9.4","10.7","13.7"
2014,"VOLKSWAGEN","Gol","Seleção","1.0­8V","F","7.7","9.6","11.6","13.9"
2014,"VOLKSWAGEN","Gol","Seleção","1.6­8V","F","7.3","9.4","10.7","13.7"
2014,"VOLKSWAGEN","Gol","Seleção I­","1.6­8V","F","7.3","9.5","10.7","13.6"
2014,"VOLKSWAGEN","Gol","Technology 2","1.0­8V","F","8.0","10.1","11.8","14.9"
2014,"VOLKSWAGEN","Gol","Technology 4","1.0­8V","F","8.0","10.1","11.8","14.9"
2014,"VOLKSWAGEN","Gol","","1.0­8V","F","7.7","9.6","11.6","13.9"
2014,"VOLKSWAGEN","Gol","","1.0­8V","F","7.7","9.6","11.6","13.9"
2014,"VOLKSWAGEN","Gol","","1.6­8V","F","7.3","9.4","10.7","13.7"
2014,"VOLKSWAGEN","Gol","","1.6­8V","F","7.3","9.4","10.7","13.7"
2014,"VOLKSWAGEN","Jetta","Comfortline","2.0­8V","F","6.1","7.8","8.8","10.8"
2014,"VOLKSWAGEN","Jetta","","2.0­16V","G","","","8.9","12.1"
2014,"VOLKSWAGEN","New Fox","BlueMotion","1.0­12V","F","8.8","9.9","12.7","14.4"
2014,"VOLKSWAGEN","Novo Golf","1.4­16V   Comfortline",,"G","","","11.7","13.3"
2014,"VOLKSWAGEN","Novo Golf","1.4­16V   Highline DSG",,"G","","","11.5","13.4"
2014,"VOLKSWAGEN","Novo Golf","1.4­16V Comfortline",,"G","","","11.5","13.4"
2014,"VOLKSWAGEN","Novo Golf","Highline","1.4­16V","G","","","11.7","13.3"
2014,"VOLKSWAGEN","Polo","BlueMotion","1.6­8V","F","7.4","10.5","10.8","15.0"
2014,"VOLKSWAGEN","Polo Sedan","1.6","1.6­8V","F","6.2","8.1","9.4","12.1"
2014,"VOLKSWAGEN","Saveiro","Estendida","1.6­8V","F","7.3","8.5","10.7","12.3"
2014,"VOLKSWAGEN","Saveiro","Simples","1.6­8V","F","7.3","8.5","10.7","12.3"
2014,"VOLKSWAGEN","Touareg","V6 FSI","3.6­24V","G","","","6.0","8.2"
2014,"VOLKSWAGEN","Touareg","V8 FSI","4.2­32V","G","","","5.7","7.7"
2014,"VOLKSWAGEN","up!","Portas","1.0­12V","F","9.1","9.9","13.2","14.3"
2014,"VOLKSWAGEN","up!","Portas","1.0­12V","F","9.1","9.9","13.2","14.3"
2014,"VOLKSWAGEN","up!","Portas I­ Motion","1.0­12V","F","9.0","10.0","13.0","14.4"
2014,"VOLKSWAGEN","up!","Portas I­ Motion","1.0­12V","F","9.0","10.0","13.0","14.4"
2014,"VOLKSWAGEN","up!","Portas I­ Motion","1.0­12V","F","9.0","10.0","13.0","14.4"
2014,"VOLKSWAGEN","up!","red ­ 4 Portas","1.0­12V","F","9.0","10.0","13.0","14.4"
2014,"VOLKSWAGEN","up!","","1.0­12V","F","9.1","9.9","13.2","14.3"
2014,"VOLKSWAGEN","up!","","1.0­12V","F","9.1","9.9","13.2","14.3"
2014,"VOLKSWAGEN","up!","","1.0­12V","F","9.1","9.9","13.2","14.3"
2014,"VOLKSWAGEN","up!","","1.0­12V black, white,","F","9.1","9.9","13.2","14.3"
2014,"VOLKSWAGEN","Voyage","1.0","1.0­8V","F","7.7","9.6","11.6","13.9"
2014,"VOLKSWAGEN","Voyage","1.6","1.6­8V","F","7.3","9.4","10.7","13.7"
2014,"VOLKSWAGEN","Voyage","1.6­8V Evidence I­",,"F","7.3","9.5","10.7","13.6"
2014,"VOLKSWAGEN","Voyage","BlueMotion","1.0­8V","F","8.0","10.1","11.8","14.9"
2014,"VOLKSWAGEN","Voyage","City","1.0­8V","F","7.7","9.6","11.6","13.9"
2014,"VOLKSWAGEN","Voyage","City","1.6­8V","F","7.3","9.4","10.7","13.7"
2014,"VOLKSWAGEN","Voyage","City I­Motion","1.6­8V","F","7.3","9.5","10.7","13.6"
2014,"VOLKSWAGEN","Voyage","Comfortline","1.0­8V","F","7.7","9.6","11.6","13.9"
2014,"VOLKSWAGEN","Voyage","Comfortline","1.6­8V","F","7.3","9.4","10.7","13.7"
2014,"VOLKSWAGEN","Voyage","Comfortline I­","1.6­8V","F","7.3","9.5","10.7","13.6"
2014,"VOLKSWAGEN","Voyage","Evidence","1.6­8V","F","7.3","9.4","10.7","13.7"
2014,"VOLKSWAGEN","Voyage","Highline","1.6­8V","F","7.3","9.4","10.7","13.7"
2014,"VOLKSWAGEN","Voyage","Highline I­","1.6­8V","F","7.3","9.5","10.7","13.6"
2014,"VOLKSWAGEN","Voyage","I­Motion","1.6­8V","F","7.3","9.5","10.7","13.6"
2014,"VOLKSWAGEN","Voyage","Seleção","1.0­8V","F","7.7","9.6","11.6","13.9"
2014,"VOLKSWAGEN","Voyage","Seleção","1.6­8V","F","7.3","9.4","10.7","13.7"
2014,"VOLKSWAGEN","Voyage","Seleção I­","1.6­8V","F","7.3","9.5","10.7","13.6"
2014,"VOLKSWAGEN","Voyage","Trendline","1.6­8V","F","7.3","9.4","10.7","13.7"
2014,"VOLKSWAGEN","Voyage","Trendlines","1.0­8V","F","7.7","9.6","11.6","13.9"
2014,"VOLKSWAGEN","Voyage","","1.6­8V","F","7.3","9.5","10.7","13.6"
2014,"VOLVO","S60","3.0T6 Top","3.0­24V","G","","","6.0","8.6"
2014,"VOLVO","S60","Design","3.0­24V","G","","","6.0","8.6"
2014,"VOLVO","S60","","3.0­24V 3,0T6 Comfort","G","","","6.0","8.6"
2014,"VOLVO","S60","","3.0­24V 3,0T6 Dynamic","G","","","6.0","8.6"
2014,"VOLVO","S60","","2.0­16V 2,0T5 Comfort","G","","","7.0","9.7"
2014,"VOLVO","S60","","2.0­16V 2,0T5 Dynamic","G","","","7.0","9.7"
2014,"VOLVO","S60","","2.0­16V","G","","","7.0","9.7"
2014,"VOLVO","V40","2.0­16V    T4 RDesing",,"G","","","7.1","9.5"
2014,"VOLVO","V40","2.0­16V   T4 RDesign C",,"G","","","7.1","9.5"
2014,"VOLVO","V40","2.0­16V   T4 RDesing D",,"G","","","7.1","9.5"
2014,"VOLVO","V40","2.0­16V   XCT4 RD Fun",,"G","","","7.1","9.5"
2014,"VOLVO","V40","2.0­16V XCT4 RDesing",,"G","","","7.1","9.5"
2014,"VOLVO","V40","ADD","2.0­16V","G","","","7.3","8.8"
2014,"VOLVO","V40","COM","2.0­16V","G","","","7.5","9.9"
2014,"VOLVO","V40","Dynamic","2.0­16V","G","","","7.5","9.9"
2014,"VOLVO","V40","T4 Comfort","2.0­16V","G","","","7.1","9.5"
2014,"VOLVO","V40","T4 Dynamic","2.0­16V","G","","","7.1","9.5"
2014,"VOLVO","V40","T4 RDesing E","2.0­16V","G","","","7.1","9.5"
2014,"VOLVO","V40","T4 Top","2.0­16V","G","","","7.1","9.5"
2014,"VOLVO","V40","T5 Comfort","2.0­16V","G","","","7.3","8.8"
2014,"VOLVO","V40","T5 Dynamic","2.0­16V","G","","","7.3","8.8"
2014,"VOLVO","V40","T5 RDesign D","2.0­16V","G","","","7.3","8.8"
2014,"VOLVO","V40","T5 RDesing","2.0­16V","G","","","7.3","8.8"
2014,"VOLVO","V40","T5 RDesing A","2.0­16V","G","","","7.3","8.8"
2014,"VOLVO","V40","T5 RDesing C","2.0­16V","G","","","7.3","8.8"
2014,"VOLVO","V40","T5 RDesing E","2.0­16V","G","","","7.3","8.8"
2014,"VOLVO","V40","T5 Top","2.0­16V","G","","","7.3","8.8"
2014,"VOLVO","V40","Top","2.0­16V","G","","","7.5","9.9"
2014,"VOLVO","V40","XC T4 Fun","2.0­16V","G","","","7.1","9.5"
2014,"VOLVO","V40","XC T4 Top","2.0­16V","G","","","7.1","9.5"
2014,"VOLVO","V40","XCT4 Comfort","2.0­16V","G","","","7.1","9.5"
2014,"VOLVO","V40","","2.0­16V","G","","","7.1","9.5"
2014,"VOLVO","V40","","2.0­16V XC T4 RDesing","G","","","7.1","9.5"
2014,"VOLVO","V40","","2.0­16V","G","","","7.3","8.8"
2014,"VOLVO","V40","","2.0­16V","G","","","7.5","9.9"
2014,"VOLVO","V40","","2.0­16V","G","","","7.5","9.9"
2014,"VOLVO","V60","2.0T5 RD CF","2.0­16V","G","","","7.1","9.4"
2014,"VOLVO","V60","2.0T5 RD DY","2.0­16V","G","","","7.1","9.4"
2014,"VOLVO","V60","2.0T5 Top","2.0­16V","G","","","7.1","9.4"
2014,"VOLVO","V60","2.0­16V 2.0T5 Comfort",,"G","","","7.1","9.4"
2014,"VOLVO","V60","2.0­16V 2.0T5 Dynamic",,"G","","","7.1","9.4"
2014,"VOLVO","V60","3.0T6 R­","3.0­24V","G","","","6.2","8.5"
2014,"VOLVO","V60","3.0T6 Top","3.0­24V","G","","","6.2","8.5"
2014,"VOLVO","V60","","3.0­24V 3,0T6 Comfort","G","","","6.2","8.5"
2014,"VOLVO","V60","","3.0­24V 3,0T6 Dynamic","G","","","6.2","8.5"
2014,"VOLVO","V60","","2.0­16V","G","","","7.1","9.4"
2014,"VOLVO","XC60","2.0T5 Comfort","2.0­16V","G","","","6.9","8.7"
2014,"VOLVO","XC60","2.0T5 Drive­E Comfort","2.0­16V","G","","","8.0","11.1"
2014,"VOLVO","XC60","2.0T5 Drive­E Dynamic","2.0­16V","G","","","8.1","11.2"
2014,"VOLVO","XC60","2.0T5 Drive­E R-Design","2.0­16V","G","","","8.0","11.1"
2014,"VOLVO","XC60","2.0T5 Dynamic","2.0­16V","G","","","6.9","8.7"
2014,"VOLVO","XC60","2.0T5 Top","2.0­16V","G","","","6.9","8.7"
2014,"VOLVO","XC60","3.0T Comfort","3.0­24V","G","","","5.9","7.7"
2014,"VOLVO","XC60","3.0T Dynamic","3.0­24V","G","","","5.9","7.7"
2014,"VOLVO","XC60","3.0T R­Design","3.0­24V","G","","","5.9","7.7"
2014,"VOLVO","XC60","3.0T Top","3.0­24V","G","","","5.9","7.7"
2014,"VOLVO","XC60","","2.0­16V","G","","","6.9","8.7"
