fev-19,ETANOL HIDRATADO,NORTE,PARA,ABAETETUBA,4.65
fev-19,ETANOL HIDRATADO,NORDESTE,MARANHAO,ACAILANDIA,3.389
fev-19,ETANOL HIDRATADO,SUDESTE,SAO PAULO,ADAMANTINA,2.55
fev-19,ETANOL HIDRATADO,CENTRO OESTE,GOIAS,AGUAS LINDAS DE GOIAS,2.823
fev-19,ETANOL HIDRATADO,NORDESTE,BAHIA,ALAGOINHAS,3.208
fev-19,ETANOL HIDRATADO,SUL,RIO GRANDE DO SUL,ALEGRETE,4.15
fev-19,ETANOL HIDRATADO,SUDESTE,MINAS GERAIS,ALFENAS,2.952
fev-19,ETANOL HIDRATADO,CENTRO OESTE,MATO GROSSO,ALTA FLORESTA,2.987
fev-19,ETANOL HIDRATADO,NORTE,PARA,ALTAMIRA,4.049
fev-19,ETANOL HIDRATADO,SUL,RIO GRANDE DO SUL,ALVORADA,3.934
fev-19,ETANOL HIDRATADO,SUDESTE,SAO PAULO,AMERICANA,2.504
fev-19,ETANOL HIDRATADO,SUDESTE,SAO PAULO,AMPARO,2.758
fev-19,ETANOL HIDRATADO,NORTE,PARA,ANANINDEUA,3.427
fev-19,ETANOL HIDRATADO,CENTRO OESTE,GOIAS,ANAPOLIS,2.69
fev-19,ETANOL HIDRATADO,SUDESTE,RIO DE JANEIRO,ANGRA DOS REIS,3.915
fev-19,ETANOL HIDRATADO,CENTRO OESTE,GOIAS,APARECIDA DE GOIANIA,2.959
fev-19,ETANOL HIDRATADO,SUL,PARANA,APUCARANA,2.826
fev-19,ETANOL HIDRATADO,NORDESTE,SERGIPE,ARACAJU,3.301
fev-19,ETANOL HIDRATADO,SUDESTE,SAO PAULO,ARACATUBA,2.515
fev-19,ETANOL HIDRATADO,SUDESTE,ESPIRITO SANTO,ARACRUZ,3.597
fev-19,ETANOL HIDRATADO,NORTE,TOCANTINS,ARAGUAINA,3.744
fev-19,ETANOL HIDRATADO,SUDESTE,MINAS GERAIS,ARAGUARI,2.923
fev-19,ETANOL HIDRATADO,NORDESTE,ALAGOAS,ARAPIRACA,3.311
fev-19,ETANOL HIDRATADO,SUL,PARANA,ARAPONGAS,2.791
fev-19,ETANOL HIDRATADO,SUL,SANTA CATARINA,ARARANGUA,3.484
fev-19,ETANOL HIDRATADO,SUDESTE,SAO PAULO,ARARAQUARA,2.522
fev-19,ETANOL HIDRATADO,SUDESTE,SAO PAULO,ARARAS,2.501
fev-19,ETANOL HIDRATADO,NORDESTE,PERNAMBUCO,ARARIPINA,3.438
fev-19,ETANOL HIDRATADO,SUDESTE,RIO DE JANEIRO,ARARUAMA,3.549
fev-19,ETANOL HIDRATADO,SUL,PARANA,ARAUCARIA,2.863
fev-19,ETANOL HIDRATADO,SUDESTE,MINAS GERAIS,ARAXA,3.092
fev-19,ETANOL HIDRATADO,NORDESTE,PERNAMBUCO,ARCOVERDE,3.348
fev-19,ETANOL HIDRATADO,NORTE,RONDONIA,ARIQUEMES,3.969
fev-19,ETANOL HIDRATADO,SUDESTE,SAO PAULO,ASSIS,2.637
fev-19,ETANOL HIDRATADO,SUL,PARANA,ASSIS CHATEAUBRIAND,2.936
fev-19,ETANOL HIDRATADO,SUDESTE,SAO PAULO,ATIBAIA,2.78
fev-19,ETANOL HIDRATADO,SUDESTE,SAO PAULO,AVARE,2.681
fev-19,ETANOL HIDRATADO,NORDESTE,MARANHAO,BACABAL,3.748
fev-19,ETANOL HIDRATADO,SUL,RIO GRANDE DO SUL,BAGE,4.526
fev-19,ETANOL HIDRATADO,SUL,SANTA CATARINA,BALNEARIO CAMBORIU,3.528
fev-19,ETANOL HIDRATADO,NORDESTE,MARANHAO,BALSAS,3.847
fev-19,ETANOL HIDRATADO,SUDESTE,MINAS GERAIS,BARBACENA,2.926
fev-19,ETANOL HIDRATADO,SUDESTE,RIO DE JANEIRO,BARRA DO PIRAI,3.828
fev-19,ETANOL HIDRATADO,SUDESTE,RIO DE JANEIRO,BARRA MANSA,3.792
fev-19,ETANOL HIDRATADO,NORDESTE,BAHIA,BARREIRAS,3.364
fev-19,ETANOL HIDRATADO,SUDESTE,SAO PAULO,BARRETOS,2.561
fev-19,ETANOL HIDRATADO,SUDESTE,SAO PAULO,BARUERI,2.643
fev-19,ETANOL HIDRATADO,SUDESTE,SAO PAULO,BAURU,2.461
fev-19,ETANOL HIDRATADO,NORDESTE,PARAIBA,BAYEUX,2.901
fev-19,ETANOL HIDRATADO,SUDESTE,SAO PAULO,BEBEDOURO,2.695
fev-19,ETANOL HIDRATADO,NORTE,PARA,BELEM,3.625
fev-19,ETANOL HIDRATADO,SUDESTE,RIO DE JANEIRO,BELFORD ROXO,3.474
fev-19,ETANOL HIDRATADO,SUDESTE,MINAS GERAIS,BELO HORIZONTE,2.9
fev-19,ETANOL HIDRATADO,NORDESTE,PERNAMBUCO,BELO JARDIM,3.288
fev-19,ETANOL HIDRATADO,SUL,RIO GRANDE DO SUL,BENTO GONCALVES,3.978
fev-19,ETANOL HIDRATADO,SUDESTE,MINAS GERAIS,BETIM,2.853
fev-19,ETANOL HIDRATADO,SUL,SANTA CATARINA,BIGUACU,3.384
fev-19,ETANOL HIDRATADO,SUDESTE,SAO PAULO,BIRIGUI,2.447
fev-19,ETANOL HIDRATADO,SUL,SANTA CATARINA,BLUMENAU,3.355
fev-19,ETANOL HIDRATADO,NORTE,RORAIMA,BOA VISTA,3.753
fev-19,ETANOL HIDRATADO,SUDESTE,MINAS GERAIS,BOM DESPACHO,2.889
fev-19,ETANOL HIDRATADO,SUDESTE,SAO PAULO,BOTUCATU,2.816
fev-19,ETANOL HIDRATADO,NORTE,PARA,BRAGANCA,3.573
fev-19,ETANOL HIDRATADO,SUDESTE,SAO PAULO,BRAGANCA PAULISTA,2.656
fev-19,ETANOL HIDRATADO,CENTRO OESTE,DISTRITO FEDERAL,BRASILIA,3.173
fev-19,ETANOL HIDRATADO,NORDESTE,BAHIA,BRUMADO,3.606
fev-19,ETANOL HIDRATADO,SUL,SANTA CATARINA,BRUSQUE,3.415
fev-19,ETANOL HIDRATADO,NORDESTE,PARAIBA,CABEDELO,2.958
fev-19,ETANOL HIDRATADO,NORDESTE,PERNAMBUCO,CABO DE SANTO AGOSTINHO,3.102
fev-19,ETANOL HIDRATADO,SUDESTE,RIO DE JANEIRO,CABO FRIO,3.978
fev-19,ETANOL HIDRATADO,SUL,SANTA CATARINA,CACADOR,3.485
fev-19,ETANOL HIDRATADO,SUDESTE,SAO PAULO,CACAPAVA,2.713
fev-19,ETANOL HIDRATADO,CENTRO OESTE,MATO GROSSO,CACERES,2.672
fev-19,ETANOL HIDRATADO,SUL,RIO GRANDE DO SUL,CACHOEIRA DO SUL,3.768
fev-19,ETANOL HIDRATADO,SUL,RIO GRANDE DO SUL,CACHOEIRINHA,3.789
fev-19,ETANOL HIDRATADO,SUDESTE,ESPIRITO SANTO,CACHOEIRO DE ITAPEMIRIM,3.579
fev-19,ETANOL HIDRATADO,NORTE,RONDONIA,CACOAL,4.218
fev-19,ETANOL HIDRATADO,NORDESTE,BAHIA,CAETITE,3.45
fev-19,ETANOL HIDRATADO,NORDESTE,RIO GRANDE DO NORTE,CAICO,3.314
fev-19,ETANOL HIDRATADO,CENTRO OESTE,GOIAS,CALDAS NOVAS,2.988
fev-19,ETANOL HIDRATADO,NORDESTE,BAHIA,CAMACARI,3.174
fev-19,ETANOL HIDRATADO,SUL,PARANA,CAMBE,2.668
fev-19,ETANOL HIDRATADO,NORTE,PARA,CAMETA,4.1
fev-19,ETANOL HIDRATADO,NORDESTE,PARAIBA,CAMPINA GRANDE,3.044
fev-19,ETANOL HIDRATADO,SUDESTE,SAO PAULO,CAMPINAS,2.634
fev-19,ETANOL HIDRATADO,SUDESTE,MINAS GERAIS,CAMPO BELO,3.044
fev-19,ETANOL HIDRATADO,CENTRO OESTE,MATO GROSSO DO SUL,CAMPO GRANDE,3.173
fev-19,ETANOL HIDRATADO,SUL,PARANA,CAMPO LARGO,2.923
fev-19,ETANOL HIDRATADO,SUL,PARANA,CAMPO MOURAO,2.669
fev-19,ETANOL HIDRATADO,SUDESTE,RIO DE JANEIRO,CAMPOS DOS GOYTACAZES,3.423
fev-19,ETANOL HIDRATADO,NORDESTE,CEARA,CANINDE,3.682
fev-19,ETANOL HIDRATADO,SUL,RIO GRANDE DO SUL,CANOAS,3.893
fev-19,ETANOL HIDRATADO,SUDESTE,SAO PAULO,CARAGUATATUBA,2.992
fev-19,ETANOL HIDRATADO,SUDESTE,SAO PAULO,CARAPICUIBA,2.671
fev-19,ETANOL HIDRATADO,SUDESTE,MINAS GERAIS,CARATINGA,3.104
fev-19,ETANOL HIDRATADO,SUDESTE,ESPIRITO SANTO,CARIACICA,3.39
fev-19,ETANOL HIDRATADO,NORDESTE,PERNAMBUCO,CARUARU,3.134
fev-19,ETANOL HIDRATADO,SUL,PARANA,CASCAVEL,2.963
fev-19,ETANOL HIDRATADO,NORTE,PARA,CASTANHAL,3.624
fev-19,ETANOL HIDRATADO,SUL,PARANA,CASTRO,3.038
fev-19,ETANOL HIDRATADO,CENTRO OESTE,GOIAS,CATALAO,2.979
fev-19,ETANOL HIDRATADO,SUDESTE,SAO PAULO,CATANDUVA,2.625
fev-19,ETANOL HIDRATADO,NORDESTE,CEARA,CAUCAIA,3.509
fev-19,ETANOL HIDRATADO,NORDESTE,MARANHAO,CAXIAS,3.593
fev-19,ETANOL HIDRATADO,SUL,RIO GRANDE DO SUL,CAXIAS DO SUL,3.945
fev-19,ETANOL HIDRATADO,SUL,SANTA CATARINA,CHAPECO,3.388
fev-19,ETANOL HIDRATADO,SUL,PARANA,CIANORTE,2.792
fev-19,ETANOL HIDRATADO,NORDESTE,MARANHAO,CODO,3.83
fev-19,ETANOL HIDRATADO,SUDESTE,ESPIRITO SANTO,COLATINA,3.703
fev-19,ETANOL HIDRATADO,SUL,PARANA,COLOMBO,2.824
fev-19,ETANOL HIDRATADO,NORTE,PARA,CONCEICAO DO ARAGUAIA,3.95
fev-19,ETANOL HIDRATADO,SUL,SANTA CATARINA,CONCORDIA,3.683
fev-19,ETANOL HIDRATADO,SUDESTE,MINAS GERAIS,CONGONHAS,3.01
fev-19,ETANOL HIDRATADO,SUDESTE,MINAS GERAIS,CONSELHEIRO LAFAIETE,3.113
fev-19,ETANOL HIDRATADO,SUDESTE,MINAS GERAIS,CONTAGEM,2.877
fev-19,ETANOL HIDRATADO,SUL,PARANA,CORNELIO PROCOPIO,2.898
fev-19,ETANOL HIDRATADO,SUDESTE,MINAS GERAIS,CORONEL FABRICIANO,3.004
fev-19,ETANOL HIDRATADO,CENTRO OESTE,MATO GROSSO DO SUL,CORUMBA,3.548
fev-19,ETANOL HIDRATADO,SUDESTE,SAO PAULO,COSMOPOLIS,2.566
fev-19,ETANOL HIDRATADO,SUDESTE,SAO PAULO,COTIA,2.702
fev-19,ETANOL HIDRATADO,CENTRO OESTE,MATO GROSSO DO SUL,COXIM,3.428
fev-19,ETANOL HIDRATADO,NORDESTE,CEARA,CRATEUS,3.681
fev-19,ETANOL HIDRATADO,NORDESTE,CEARA,CRATO,3.611
fev-19,ETANOL HIDRATADO,SUL,SANTA CATARINA,CRICIUMA,3.376
fev-19,ETANOL HIDRATADO,SUL,RIO GRANDE DO SUL,CRUZ ALTA,3.969
fev-19,ETANOL HIDRATADO,SUDESTE,SAO PAULO,CRUZEIRO,2.738
fev-19,ETANOL HIDRATADO,NORTE,ACRE,CRUZEIRO DO SUL,4.523
fev-19,ETANOL HIDRATADO,SUDESTE,SAO PAULO,CUBATAO,3.063
fev-19,ETANOL HIDRATADO,CENTRO OESTE,MATO GROSSO,CUIABA,2.433
fev-19,ETANOL HIDRATADO,SUL,PARANA,CURITIBA,2.795
fev-19,ETANOL HIDRATADO,SUDESTE,MINAS GERAIS,CURVELO,3.159
fev-19,ETANOL HIDRATADO,NORDESTE,ALAGOAS,DELMIRO GOUVEIA,3.712
fev-19,ETANOL HIDRATADO,SUDESTE,SAO PAULO,DIADEMA,2.605
fev-19,ETANOL HIDRATADO,SUDESTE,MINAS GERAIS,DIVINOPOLIS,3.019
fev-19,ETANOL HIDRATADO,CENTRO OESTE,MATO GROSSO DO SUL,DOURADOS,3.444
fev-19,ETANOL HIDRATADO,SUDESTE,SAO PAULO,DRACENA,2.668
fev-19,ETANOL HIDRATADO,SUDESTE,RIO DE JANEIRO,DUQUE DE CAXIAS,3.52
fev-19,ETANOL HIDRATADO,SUDESTE,SAO PAULO,EMBU DAS ARTES,2.671
fev-19,ETANOL HIDRATADO,SUL,RIO GRANDE DO SUL,ERECHIM,3.887
fev-19,ETANOL HIDRATADO,SUL,RIO GRANDE DO SUL,ESTEIO,3.899
fev-19,ETANOL HIDRATADO,NORDESTE,BAHIA,EUNAPOLIS,3.548
fev-19,ETANOL HIDRATADO,NORDESTE,BAHIA,FEIRA DE SANTANA,3.088
fev-19,ETANOL HIDRATADO,SUL,SANTA CATARINA,FLORIANOPOLIS,3.558
fev-19,ETANOL HIDRATADO,SUDESTE,MINAS GERAIS,FORMIGA,3.159
fev-19,ETANOL HIDRATADO,CENTRO OESTE,GOIAS,FORMOSA,2.972
fev-19,ETANOL HIDRATADO,NORDESTE,CEARA,FORTALEZA,3.477
fev-19,ETANOL HIDRATADO,SUL,PARANA,FOZ DO IGUACU,2.819
fev-19,ETANOL HIDRATADO,SUDESTE,SAO PAULO,FRANCA,2.5
fev-19,ETANOL HIDRATADO,SUL,PARANA,FRANCISCO BELTRAO,3.038
fev-19,ETANOL HIDRATADO,SUDESTE,MINAS GERAIS,FRUTAL,3.007
fev-19,ETANOL HIDRATADO,NORDESTE,PERNAMBUCO,GARANHUNS,3.159
fev-19,ETANOL HIDRATADO,SUDESTE,SAO PAULO,GARCA,2.673
fev-19,ETANOL HIDRATADO,NORDESTE,PERNAMBUCO,GOIANA,3.056
fev-19,ETANOL HIDRATADO,CENTRO OESTE,GOIAS,GOIANIA,2.939
fev-19,ETANOL HIDRATADO,CENTRO OESTE,GOIAS,GOIATUBA,2.855
fev-19,ETANOL HIDRATADO,SUDESTE,MINAS GERAIS,GOVERNADOR VALADARES,3.049
fev-19,ETANOL HIDRATADO,SUL,RIO GRANDE DO SUL,GRAMADO,4.14
fev-19,ETANOL HIDRATADO,SUL,RIO GRANDE DO SUL,GRAVATAI,3.874
fev-19,ETANOL HIDRATADO,SUL,RIO GRANDE DO SUL,GUAIBA,3.794
fev-19,ETANOL HIDRATADO,NORDESTE,BAHIA,GUANAMBI,3.331
fev-19,ETANOL HIDRATADO,SUDESTE,ESPIRITO SANTO,GUARAPARI,3.595
fev-19,ETANOL HIDRATADO,SUL,PARANA,GUARAPUAVA,2.928
fev-19,ETANOL HIDRATADO,SUDESTE,SAO PAULO,GUARATINGUETA,2.889
fev-19,ETANOL HIDRATADO,SUDESTE,SAO PAULO,GUARUJA,2.872
fev-19,ETANOL HIDRATADO,SUDESTE,SAO PAULO,GUARULHOS,2.604
fev-19,ETANOL HIDRATADO,SUDESTE,MINAS GERAIS,GUAXUPE,2.656
fev-19,ETANOL HIDRATADO,NORTE,TOCANTINS,GURUPI,3.703
fev-19,ETANOL HIDRATADO,SUDESTE,SAO PAULO,HORTOLANDIA,2.511
fev-19,ETANOL HIDRATADO,SUDESTE,SAO PAULO,IBITINGA,2.473
fev-19,ETANOL HIDRATADO,NORDESTE,CEARA,ICO,3.633
fev-19,ETANOL HIDRATADO,NORDESTE,PERNAMBUCO,IGARASSU,3.069
fev-19,ETANOL HIDRATADO,NORDESTE,CEARA,IGUATU,3.519
fev-19,ETANOL HIDRATADO,SUL,RIO GRANDE DO SUL,IJUI,3.997
fev-19,ETANOL HIDRATADO,NORDESTE,BAHIA,ILHEUS,3.58
fev-19,ETANOL HIDRATADO,NORDESTE,MARANHAO,IMPERATRIZ,3.72
fev-19,ETANOL HIDRATADO,SUDESTE,SAO PAULO,INDAIATUBA,2.677
fev-19,ETANOL HIDRATADO,SUDESTE,MINAS GERAIS,IPATINGA,3.03
fev-19,ETANOL HIDRATADO,NORDESTE,BAHIA,IPIRA,3.253
fev-19,ETANOL HIDRATADO,NORDESTE,BAHIA,IRECE,3.347
fev-19,ETANOL HIDRATADO,NORDESTE,SERGIPE,ITABAIANA,3.332
fev-19,ETANOL HIDRATADO,SUDESTE,MINAS GERAIS,ITABIRA,3.101
fev-19,ETANOL HIDRATADO,SUDESTE,RIO DE JANEIRO,ITABORAI,3.589
fev-19,ETANOL HIDRATADO,NORDESTE,BAHIA,ITABUNA,3.454
fev-19,ETANOL HIDRATADO,NORTE,AMAZONAS,ITACOATIARA,3.821
fev-19,ETANOL HIDRATADO,SUDESTE,RIO DE JANEIRO,ITAGUAI,3.633
fev-19,ETANOL HIDRATADO,NORTE,PARA,ITAITUBA,4.028
fev-19,ETANOL HIDRATADO,SUL,SANTA CATARINA,ITAJAI,3.42
fev-19,ETANOL HIDRATADO,SUDESTE,MINAS GERAIS,ITAJUBA,2.996
fev-19,ETANOL HIDRATADO,NORDESTE,BAHIA,ITAMARAJU,3.302
fev-19,ETANOL HIDRATADO,SUDESTE,SAO PAULO,ITANHAEM,2.869
fev-19,ETANOL HIDRATADO,SUDESTE,SAO PAULO,ITAPECERICA DA SERRA,2.721
fev-19,ETANOL HIDRATADO,SUDESTE,RIO DE JANEIRO,ITAPERUNA,3.57
fev-19,ETANOL HIDRATADO,SUDESTE,SAO PAULO,ITAPETININGA,2.737
fev-19,ETANOL HIDRATADO,SUDESTE,SAO PAULO,ITAPEVA,2.886
fev-19,ETANOL HIDRATADO,NORDESTE,CEARA,ITAPIPOCA,3.679
fev-19,ETANOL HIDRATADO,SUDESTE,SAO PAULO,ITAPIRA,2.685
fev-19,ETANOL HIDRATADO,SUDESTE,SAO PAULO,ITAPOLIS,2.677
fev-19,ETANOL HIDRATADO,SUDESTE,SAO PAULO,ITAQUAQUECETUBA,2.599
fev-19,ETANOL HIDRATADO,SUDESTE,SAO PAULO,ITATIBA,2.615
fev-19,ETANOL HIDRATADO,SUDESTE,MINAS GERAIS,ITAUNA,3.002
fev-19,ETANOL HIDRATADO,SUDESTE,SAO PAULO,ITU,2.656
fev-19,ETANOL HIDRATADO,SUDESTE,MINAS GERAIS,ITUIUTABA,2.991
fev-19,ETANOL HIDRATADO,CENTRO OESTE,GOIAS,ITUMBIARA,2.971
fev-19,ETANOL HIDRATADO,NORDESTE,PERNAMBUCO,JABOATAO DOS GUARARAPES,3.047
fev-19,ETANOL HIDRATADO,SUDESTE,SAO PAULO,JABOTICABAL,2.577
fev-19,ETANOL HIDRATADO,SUDESTE,SAO PAULO,JACAREI,2.637
fev-19,ETANOL HIDRATADO,NORDESTE,BAHIA,JACOBINA,3.28
fev-19,ETANOL HIDRATADO,NORDESTE,BAHIA,JAGUAQUARA,3.249
fev-19,ETANOL HIDRATADO,SUDESTE,SAO PAULO,JALES,2.617
fev-19,ETANOL HIDRATADO,SUDESTE,MINAS GERAIS,JANAUBA,2.937
fev-19,ETANOL HIDRATADO,SUDESTE,MINAS GERAIS,JANUARIA,3.061
fev-19,ETANOL HIDRATADO,SUL,SANTA CATARINA,JARAGUA DO SUL,3.367
fev-19,ETANOL HIDRATADO,CENTRO OESTE,GOIAS,JATAI,2.998
fev-19,ETANOL HIDRATADO,SUDESTE,SAO PAULO,JAU,2.541
fev-19,ETANOL HIDRATADO,NORDESTE,BAHIA,JEQUIE,3.197
fev-19,ETANOL HIDRATADO,NORTE,RONDONIA,JI-PARANA,4.157
fev-19,ETANOL HIDRATADO,SUDESTE,MINAS GERAIS,JOAO MONLEVADE,2.893
fev-19,ETANOL HIDRATADO,NORDESTE,PARAIBA,JOAO PESSOA,2.848
fev-19,ETANOL HIDRATADO,SUDESTE,MINAS GERAIS,JOAO PINHEIRO,2.897
fev-19,ETANOL HIDRATADO,SUL,SANTA CATARINA,JOINVILLE,3.406
fev-19,ETANOL HIDRATADO,SUDESTE,SAO PAULO,JOSE BONIFACIO,2.503
fev-19,ETANOL HIDRATADO,NORDESTE,BAHIA,JUAZEIRO,3.582
fev-19,ETANOL HIDRATADO,NORDESTE,CEARA,JUAZEIRO DO NORTE,3.607
fev-19,ETANOL HIDRATADO,SUDESTE,MINAS GERAIS,JUIZ DE FORA,3.052
fev-19,ETANOL HIDRATADO,SUDESTE,SAO PAULO,JUNDIAI,2.703
fev-19,ETANOL HIDRATADO,NORDESTE,SERGIPE,LAGARTO,3.26
fev-19,ETANOL HIDRATADO,SUL,SANTA CATARINA,LAGES,3.441
fev-19,ETANOL HIDRATADO,SUL,SANTA CATARINA,LAGUNA,3.551
fev-19,ETANOL HIDRATADO,SUL,RIO GRANDE DO SUL,LAJEADO,4.003
fev-19,ETANOL HIDRATADO,NORDESTE,PERNAMBUCO,LAJEDO,3.165
fev-19,ETANOL HIDRATADO,NORDESTE,BAHIA,LAURO DE FREITAS,3.317
fev-19,ETANOL HIDRATADO,SUDESTE,MINAS GERAIS,LAVRAS,3.21
fev-19,ETANOL HIDRATADO,SUDESTE,SAO PAULO,LEME,2.569
fev-19,ETANOL HIDRATADO,SUDESTE,MINAS GERAIS,LEOPOLDINA,3.012
fev-19,ETANOL HIDRATADO,SUDESTE,SAO PAULO,LIMEIRA,2.501
fev-19,ETANOL HIDRATADO,NORDESTE,CEARA,LIMOEIRO DO NORTE,3.477
fev-19,ETANOL HIDRATADO,SUDESTE,ESPIRITO SANTO,LINHARES,3.425
fev-19,ETANOL HIDRATADO,SUDESTE,SAO PAULO,LINS,2.562
fev-19,ETANOL HIDRATADO,NORDESTE,BAHIA,LIVRAMENTO DE NOSSA SENHORA,3.485
fev-19,ETANOL HIDRATADO,SUL,PARANA,LONDRINA,2.668
fev-19,ETANOL HIDRATADO,SUDESTE,SAO PAULO,LORENA,2.686
fev-19,ETANOL HIDRATADO,CENTRO OESTE,GOIAS,LUZIANIA,2.872
fev-19,ETANOL HIDRATADO,SUDESTE,RIO DE JANEIRO,MACAE,3.923
fev-19,ETANOL HIDRATADO,NORTE,AMAPA,MACAPA,3.59
fev-19,ETANOL HIDRATADO,NORDESTE,ALAGOAS,MACEIO,3.299
fev-19,ETANOL HIDRATADO,SUL,SANTA CATARINA,MAFRA,3.49
fev-19,ETANOL HIDRATADO,SUDESTE,RIO DE JANEIRO,MAGE,3.341
fev-19,ETANOL HIDRATADO,NORTE,AMAZONAS,MANACAPURU,3.69
fev-19,ETANOL HIDRATADO,NORTE,AMAZONAS,MANAUS,3.287
fev-19,ETANOL HIDRATADO,SUDESTE,MINAS GERAIS,MANHUACU,3.003
fev-19,ETANOL HIDRATADO,NORTE,PARA,MARABA,3.824
fev-19,ETANOL HIDRATADO,NORDESTE,CEARA,MARACANAU,3.374
fev-19,ETANOL HIDRATADO,SUL,PARANA,MARECHAL CANDIDO RONDON,2.893
fev-19,ETANOL HIDRATADO,SUDESTE,RIO DE JANEIRO,MARICA,3.725
fev-19,ETANOL HIDRATADO,SUDESTE,SAO PAULO,MARILIA,2.59
fev-19,ETANOL HIDRATADO,SUL,PARANA,MARINGA,2.907
fev-19,ETANOL HIDRATADO,SUDESTE,SAO PAULO,MATAO,2.722
fev-19,ETANOL HIDRATADO,SUDESTE,SAO PAULO,MAUA,2.636
fev-19,ETANOL HIDRATADO,CENTRO OESTE,GOIAS,MINEIROS,3.089
fev-19,ETANOL HIDRATADO,SUDESTE,SAO PAULO,MIRASSOL,2.434
fev-19,ETANOL HIDRATADO,SUDESTE,SAO PAULO,MOCOCA,2.575
fev-19,ETANOL HIDRATADO,SUDESTE,SAO PAULO,MOGI DAS CRUZES,2.661
fev-19,ETANOL HIDRATADO,SUDESTE,SAO PAULO,MOGI GUACU,2.647
fev-19,ETANOL HIDRATADO,SUDESTE,SAO PAULO,MOGI MIRIM,2.676
fev-19,ETANOL HIDRATADO,SUDESTE,SAO PAULO,MONTE ALTO,2.637
fev-19,ETANOL HIDRATADO,SUDESTE,MINAS GERAIS,MONTE CARMELO,2.814
fev-19,ETANOL HIDRATADO,SUDESTE,MINAS GERAIS,MONTES CLAROS,2.73
fev-19,ETANOL HIDRATADO,CENTRO OESTE,GOIAS,MORRINHOS,2.862
fev-19,ETANOL HIDRATADO,NORDESTE,RIO GRANDE DO NORTE,MOSSORO,3.374
fev-19,ETANOL HIDRATADO,SUDESTE,MINAS GERAIS,MURIAE,2.867
fev-19,ETANOL HIDRATADO,NORDESTE,RIO GRANDE DO NORTE,NATAL,3.212
fev-19,ETANOL HIDRATADO,SUDESTE,RIO DE JANEIRO,NILOPOLIS,3.438
fev-19,ETANOL HIDRATADO,SUDESTE,RIO DE JANEIRO,NITEROI,3.695
fev-19,ETANOL HIDRATADO,NORDESTE,SERGIPE,NOSSA SENHORA DO SOCORRO,3.263
fev-19,ETANOL HIDRATADO,CENTRO OESTE,MATO GROSSO DO SUL,NOVA ANDRADINA,3.342
fev-19,ETANOL HIDRATADO,SUDESTE,RIO DE JANEIRO,NOVA FRIBURGO,3.402
fev-19,ETANOL HIDRATADO,SUDESTE,RIO DE JANEIRO,NOVA IGUACU,3.545
fev-19,ETANOL HIDRATADO,SUDESTE,MINAS GERAIS,NOVA LIMA,3.114
fev-19,ETANOL HIDRATADO,SUL,RIO GRANDE DO SUL,NOVO HAMBURGO,3.639
fev-19,ETANOL HIDRATADO,SUDESTE,SAO PAULO,OLIMPIA,2.519
fev-19,ETANOL HIDRATADO,NORDESTE,PERNAMBUCO,OLINDA,3.079
fev-19,ETANOL HIDRATADO,SUDESTE,MINAS GERAIS,OLIVEIRA,2.981
fev-19,ETANOL HIDRATADO,SUDESTE,SAO PAULO,OSASCO,2.721
fev-19,ETANOL HIDRATADO,SUL,RIO GRANDE DO SUL,OSORIO,3.831
fev-19,ETANOL HIDRATADO,SUDESTE,SAO PAULO,OURINHOS,2.673
fev-19,ETANOL HIDRATADO,SUDESTE,MINAS GERAIS,OURO PRETO,3.125
fev-19,ETANOL HIDRATADO,SUL,SANTA CATARINA,PALHOCA,3.499
fev-19,ETANOL HIDRATADO,NORTE,TOCANTINS,PALMAS,3.616
fev-19,ETANOL HIDRATADO,NORDESTE,ALAGOAS,PALMEIRA DOS INDIOS,3.375
fev-19,ETANOL HIDRATADO,SUDESTE,MINAS GERAIS,PARA DE MINAS,3.071
fev-19,ETANOL HIDRATADO,SUDESTE,MINAS GERAIS,PARACATU,2.856
fev-19,ETANOL HIDRATADO,SUDESTE,SAO PAULO,PARAGUACU PAULISTA,2.643
fev-19,ETANOL HIDRATADO,NORTE,TOCANTINS,PARAISO DO TOCANTINS,3.696
fev-19,ETANOL HIDRATADO,SUL,PARANA,PARANAGUA,2.993
fev-19,ETANOL HIDRATADO,SUL,PARANA,PARANAVAI,2.79
fev-19,ETANOL HIDRATADO,NORTE,PARA,PARAUAPEBAS,3.969
fev-19,ETANOL HIDRATADO,NORDESTE,PIAUI,PARNAIBA,3.383
fev-19,ETANOL HIDRATADO,NORDESTE,RIO GRANDE DO NORTE,PARNAMIRIM,3.297
fev-19,ETANOL HIDRATADO,SUL,RIO GRANDE DO SUL,PASSO FUNDO,4.014
fev-19,ETANOL HIDRATADO,SUDESTE,MINAS GERAIS,PASSOS,2.895
fev-19,ETANOL HIDRATADO,SUL,PARANA,PATO BRANCO,3.033
fev-19,ETANOL HIDRATADO,NORDESTE,PARAIBA,PATOS,3.127
fev-19,ETANOL HIDRATADO,SUDESTE,MINAS GERAIS,PATOS DE MINAS,3.043
fev-19,ETANOL HIDRATADO,SUDESTE,MINAS GERAIS,PATROCINIO,3.092
fev-19,ETANOL HIDRATADO,SUDESTE,SAO PAULO,PAULINIA,2.589
fev-19,ETANOL HIDRATADO,NORDESTE,PERNAMBUCO,PAULISTA,3.041
fev-19,ETANOL HIDRATADO,NORDESTE,BAHIA,PAULO AFONSO,3.536
fev-19,ETANOL HIDRATADO,SUL,RIO GRANDE DO SUL,PELOTAS,4.121
fev-19,ETANOL HIDRATADO,NORDESTE,PERNAMBUCO,PETROLINA,3.581
fev-19,ETANOL HIDRATADO,SUDESTE,RIO DE JANEIRO,PETROPOLIS,3.892
fev-19,ETANOL HIDRATADO,NORDESTE,PIAUI,PICOS,3.557
fev-19,ETANOL HIDRATADO,NORTE,RONDONIA,PIMENTA BUENO,4.371
fev-19,ETANOL HIDRATADO,SUDESTE,SAO PAULO,PINDAMONHANGABA,2.666
fev-19,ETANOL HIDRATADO,SUL,PARANA,PINHAIS,2.777
fev-19,ETANOL HIDRATADO,NORDESTE,MARANHAO,PINHEIRO,3.759
fev-19,ETANOL HIDRATADO,SUDESTE,SAO PAULO,PIRACICABA,2.641
fev-19,ETANOL HIDRATADO,SUDESTE,SAO PAULO,PIRASSUNUNGA,2.692
fev-19,ETANOL HIDRATADO,NORDESTE,PIAUI,PIRIPIRI,3.478
fev-19,ETANOL HIDRATADO,SUDESTE,SAO PAULO,POA,2.612
fev-19,ETANOL HIDRATADO,NORDESTE,BAHIA,POCOES,3.417
fev-19,ETANOL HIDRATADO,SUDESTE,MINAS GERAIS,POCOS DE CALDAS,2.88
fev-19,ETANOL HIDRATADO,SUL,PARANA,PONTA GROSSA,2.94
fev-19,ETANOL HIDRATADO,CENTRO OESTE,MATO GROSSO DO SUL,PONTA PORA,3.362
fev-19,ETANOL HIDRATADO,CENTRO OESTE,GOIAS,PORANGATU,2.935
fev-19,ETANOL HIDRATADO,SUL,RIO GRANDE DO SUL,PORTO ALEGRE,3.872
fev-19,ETANOL HIDRATADO,SUDESTE,SAO PAULO,PORTO FERREIRA,2.553
fev-19,ETANOL HIDRATADO,NORTE,TOCANTINS,PORTO NACIONAL,3.62
fev-19,ETANOL HIDRATADO,NORDESTE,BAHIA,PORTO SEGURO,3.837
fev-19,ETANOL HIDRATADO,NORTE,RONDONIA,PORTO VELHO,3.684
fev-19,ETANOL HIDRATADO,SUDESTE,MINAS GERAIS,POUSO ALEGRE,2.978
fev-19,ETANOL HIDRATADO,SUDESTE,SAO PAULO,PRAIA GRANDE,2.752
fev-19,ETANOL HIDRATADO,NORDESTE,MARANHAO,PRESIDENTE DUTRA,3.529
fev-19,ETANOL HIDRATADO,SUDESTE,SAO PAULO,PRESIDENTE PRUDENTE,2.612
fev-19,ETANOL HIDRATADO,SUDESTE,SAO PAULO,PRESIDENTE VENCESLAU,2.745
fev-19,ETANOL HIDRATADO,NORDESTE,CEARA,QUIXADA,3.618
fev-19,ETANOL HIDRATADO,NORDESTE,PERNAMBUCO,RECIFE,3.066
fev-19,ETANOL HIDRATADO,NORTE,PARA,REDENCAO,3.716
fev-19,ETANOL HIDRATADO,SUDESTE,RIO DE JANEIRO,RESENDE,3.854
fev-19,ETANOL HIDRATADO,SUDESTE,SAO PAULO,RIBEIRAO PIRES,2.661
fev-19,ETANOL HIDRATADO,SUDESTE,SAO PAULO,RIBEIRAO PRETO,2.571
fev-19,ETANOL HIDRATADO,SUDESTE,RIO DE JANEIRO,RIO BONITO,3.578
fev-19,ETANOL HIDRATADO,NORTE,ACRE,RIO BRANCO,3.988
fev-19,ETANOL HIDRATADO,SUDESTE,SAO PAULO,RIO CLARO,2.555
fev-19,ETANOL HIDRATADO,SUDESTE,RIO DE JANEIRO,RIO DE JANEIRO,3.637
fev-19,ETANOL HIDRATADO,SUL,RIO GRANDE DO SUL,RIO GRANDE,4.007
fev-19,ETANOL HIDRATADO,NORDESTE,ALAGOAS,RIO LARGO,3.393
fev-19,ETANOL HIDRATADO,CENTRO OESTE,GOIAS,RIO VERDE,3.046
fev-19,ETANOL HIDRATADO,CENTRO OESTE,MATO GROSSO,RONDONOPOLIS,2.794
fev-19,ETANOL HIDRATADO,SUDESTE,MINAS GERAIS,SABARA,2.955
fev-19,ETANOL HIDRATADO,NORDESTE,PERNAMBUCO,SALGUEIRO,3.554
fev-19,ETANOL HIDRATADO,SUDESTE,SAO PAULO,SALTO,2.603
fev-19,ETANOL HIDRATADO,NORDESTE,BAHIA,SALVADOR,3.384
fev-19,ETANOL HIDRATADO,SUDESTE,SAO PAULO,SANTA BARBARA D'OESTE,2.511
fev-19,ETANOL HIDRATADO,NORDESTE,PERNAMBUCO,SANTA CRUZ DO CAPIBARIBE,3.136
fev-19,ETANOL HIDRATADO,SUDESTE,SAO PAULO,SANTA CRUZ DO RIO PARDO,2.704
fev-19,ETANOL HIDRATADO,SUL,RIO GRANDE DO SUL,SANTA CRUZ DO SUL,4.161
fev-19,ETANOL HIDRATADO,NORDESTE,MARANHAO,SANTA INES,3.748
fev-19,ETANOL HIDRATADO,SUL,RIO GRANDE DO SUL,SANTA MARIA,3.936
fev-19,ETANOL HIDRATADO,SUL,RIO GRANDE DO SUL,SANTA ROSA,3.85
fev-19,ETANOL HIDRATADO,SUL,RIO GRANDE DO SUL,SANTANA DO LIVRAMENTO,4.095
fev-19,ETANOL HIDRATADO,NORTE,PARA,SANTAREM,4.159
fev-19,ETANOL HIDRATADO,SUDESTE,SAO PAULO,SANTO ANDRE,2.622
fev-19,ETANOL HIDRATADO,SUL,RIO GRANDE DO SUL,SANTO ANGELO,4.046
fev-19,ETANOL HIDRATADO,SUL,PARANA,SANTO ANTONIO DA PLATINA,2.975
fev-19,ETANOL HIDRATADO,NORDESTE,BAHIA,SANTO ANTONIO DE JESUS,3.191
fev-19,ETANOL HIDRATADO,SUDESTE,RIO DE JANEIRO,SANTO ANTONIO DE PADUA,3.305
fev-19,ETANOL HIDRATADO,SUDESTE,SAO PAULO,SANTOS,2.863
fev-19,ETANOL HIDRATADO,SUDESTE,SAO PAULO,SAO BERNARDO DO CAMPO,2.647
fev-19,ETANOL HIDRATADO,SUDESTE,SAO PAULO,SAO CAETANO DO SUL,2.708
fev-19,ETANOL HIDRATADO,SUDESTE,SAO PAULO,SAO CARLOS,2.616
fev-19,ETANOL HIDRATADO,SUDESTE,RIO DE JANEIRO,SAO FRANCISCO DE ITABAPOANA,3.726
fev-19,ETANOL HIDRATADO,SUL,RIO GRANDE DO SUL,SAO GABRIEL,3.986
fev-19,ETANOL HIDRATADO,SUDESTE,RIO DE JANEIRO,SAO GONCALO,3.49
fev-19,ETANOL HIDRATADO,SUDESTE,SAO PAULO,SAO JOAO DA BOA VISTA,2.583
fev-19,ETANOL HIDRATADO,SUDESTE,RIO DE JANEIRO,SAO JOAO DE MERITI,3.488
fev-19,ETANOL HIDRATADO,SUDESTE,MINAS GERAIS,SAO JOAO DEL REI,3.018
fev-19,ETANOL HIDRATADO,SUL,SANTA CATARINA,SAO JOSE,3.371
fev-19,ETANOL HIDRATADO,NORDESTE,MARANHAO,SAO JOSE DE RIBAMAR,3.449
fev-19,ETANOL HIDRATADO,SUDESTE,SAO PAULO,SAO JOSE DO RIO PRETO,2.476
fev-19,ETANOL HIDRATADO,SUDESTE,SAO PAULO,SAO JOSE DOS CAMPOS,2.639
fev-19,ETANOL HIDRATADO,SUL,PARANA,SAO JOSE DOS PINHAIS,2.802
fev-19,ETANOL HIDRATADO,SUL,RIO GRANDE DO SUL,SAO LEOPOLDO,3.598
fev-19,ETANOL HIDRATADO,NORDESTE,MARANHAO,SAO LUIS,3.503
fev-19,ETANOL HIDRATADO,SUL,RIO GRANDE DO SUL,SAO LUIZ GONZAGA,3.817
fev-19,ETANOL HIDRATADO,SUDESTE,ESPIRITO SANTO,SAO MATEUS,3.613
fev-19,ETANOL HIDRATADO,SUDESTE,SAO PAULO,SAO PAULO,2.579
fev-19,ETANOL HIDRATADO,SUDESTE,SAO PAULO,SAO ROQUE,2.831
fev-19,ETANOL HIDRATADO,SUDESTE,MINAS GERAIS,SAO SEBASTIAO DO PARAISO,2.739
fev-19,ETANOL HIDRATADO,SUDESTE,SAO PAULO,SAO VICENTE,2.764
fev-19,ETANOL HIDRATADO,SUL,RIO GRANDE DO SUL,SAPIRANGA,3.691
fev-19,ETANOL HIDRATADO,SUDESTE,RIO DE JANEIRO,SAPUCAIA,3.611
fev-19,ETANOL HIDRATADO,SUL,RIO GRANDE DO SUL,SAPUCAIA DO SUL,3.762
fev-19,ETANOL HIDRATADO,SUDESTE,RIO DE JANEIRO,SAQUAREMA,3.763
fev-19,ETANOL HIDRATADO,NORDESTE,BAHIA,SENHOR DO BONFIM,3.385
fev-19,ETANOL HIDRATADO,SUDESTE,ESPIRITO SANTO,SERRA,3.453
fev-19,ETANOL HIDRATADO,NORDESTE,PERNAMBUCO,SERRA TALHADA,3.253
fev-19,ETANOL HIDRATADO,NORDESTE,BAHIA,SERRINHA,3.099
fev-19,ETANOL HIDRATADO,SUDESTE,SAO PAULO,SERTAOZINHO,2.637
fev-19,ETANOL HIDRATADO,SUDESTE,MINAS GERAIS,SETE LAGOAS,2.822
fev-19,ETANOL HIDRATADO,NORDESTE,BAHIA,SIMOES FILHO,3.34
fev-19,ETANOL HIDRATADO,CENTRO OESTE,MATO GROSSO,SINOP,2.864
fev-19,ETANOL HIDRATADO,NORDESTE,CEARA,SOBRAL,3.722
fev-19,ETANOL HIDRATADO,SUDESTE,SAO PAULO,SOROCABA,2.595
fev-19,ETANOL HIDRATADO,CENTRO OESTE,MATO GROSSO,SORRISO,2.864
fev-19,ETANOL HIDRATADO,NORDESTE,PARAIBA,SOUSA,3.5
fev-19,ETANOL HIDRATADO,SUDESTE,SAO PAULO,SUMARE,2.572
fev-19,ETANOL HIDRATADO,SUDESTE,SAO PAULO,SUZANO,2.67
fev-19,ETANOL HIDRATADO,SUDESTE,SAO PAULO,TABOAO DA SERRA,2.668
fev-19,ETANOL HIDRATADO,SUDESTE,SAO PAULO,TATUI,2.579
fev-19,ETANOL HIDRATADO,SUDESTE,SAO PAULO,TAUBATE,2.706
fev-19,ETANOL HIDRATADO,NORDESTE,BAHIA,TEIXEIRA DE FREITAS,3.352
fev-19,ETANOL HIDRATADO,SUDESTE,MINAS GERAIS,TEOFILO OTONI,3.011
fev-19,ETANOL HIDRATADO,NORDESTE,PIAUI,TERESINA,3.204
fev-19,ETANOL HIDRATADO,SUDESTE,RIO DE JANEIRO,TERESOPOLIS,3.161
fev-19,ETANOL HIDRATADO,SUDESTE,MINAS GERAIS,TIMOTEO,3.02
fev-19,ETANOL HIDRATADO,SUL,PARANA,TOLEDO,2.899
fev-19,ETANOL HIDRATADO,SUL,RIO GRANDE DO SUL,TORRES,4.048
fev-19,ETANOL HIDRATADO,SUDESTE,MINAS GERAIS,TRES CORACOES,3.006
fev-19,ETANOL HIDRATADO,CENTRO OESTE,MATO GROSSO DO SUL,TRES LAGOAS,3.481
fev-19,ETANOL HIDRATADO,SUDESTE,RIO DE JANEIRO,TRES RIOS,3.5
fev-19,ETANOL HIDRATADO,CENTRO OESTE,GOIAS,TRINDADE,2.921
fev-19,ETANOL HIDRATADO,SUL,SANTA CATARINA,TUBARAO,3.449
fev-19,ETANOL HIDRATADO,SUDESTE,SAO PAULO,TUPA,2.664
fev-19,ETANOL HIDRATADO,SUDESTE,MINAS GERAIS,UBA,3.139
fev-19,ETANOL HIDRATADO,SUDESTE,SAO PAULO,UBATUBA,2.889
fev-19,ETANOL HIDRATADO,SUDESTE,MINAS GERAIS,UBERABA,2.906
fev-19,ETANOL HIDRATADO,SUDESTE,MINAS GERAIS,UBERLANDIA,2.884
fev-19,ETANOL HIDRATADO,SUL,PARANA,UMUARAMA,2.894
fev-19,ETANOL HIDRATADO,SUDESTE,MINAS GERAIS,UNAI,2.94
fev-19,ETANOL HIDRATADO,SUL,PARANA,UNIAO DA VITORIA,3.078
fev-19,ETANOL HIDRATADO,SUL,RIO GRANDE DO SUL,VACARIA,4.168
fev-19,ETANOL HIDRATADO,SUDESTE,RIO DE JANEIRO,VALENCA,3.933
fev-19,ETANOL HIDRATADO,NORDESTE,BAHIA,VALENCA,3.569
fev-19,ETANOL HIDRATADO,SUDESTE,SAO PAULO,VALINHOS,2.585
fev-19,ETANOL HIDRATADO,CENTRO OESTE,GOIAS,VALPARAISO DE GOIAS,2.828
fev-19,ETANOL HIDRATADO,SUDESTE,MINAS GERAIS,VARGINHA,2.946
fev-19,ETANOL HIDRATADO,CENTRO OESTE,MATO GROSSO,VARZEA GRANDE,2.423
fev-19,ETANOL HIDRATADO,SUDESTE,SAO PAULO,VARZEA PAULISTA,2.676
fev-19,ETANOL HIDRATADO,SUL,RIO GRANDE DO SUL,VIAMAO,3.877
fev-19,ETANOL HIDRATADO,SUDESTE,MINAS GERAIS,VICOSA,3.156
fev-19,ETANOL HIDRATADO,SUL,SANTA CATARINA,VIDEIRA,3.44
fev-19,ETANOL HIDRATADO,SUDESTE,ESPIRITO SANTO,VILA VELHA,3.468
fev-19,ETANOL HIDRATADO,NORTE,RONDONIA,VILHENA,3.921
fev-19,ETANOL HIDRATADO,SUDESTE,SAO PAULO,VINHEDO,2.506
fev-19,ETANOL HIDRATADO,SUDESTE,ESPIRITO SANTO,VITORIA,3.451
fev-19,ETANOL HIDRATADO,NORDESTE,BAHIA,VITORIA DA CONQUISTA,3.44
fev-19,ETANOL HIDRATADO,NORDESTE,PERNAMBUCO,VITORIA DE SANTO ANTAO,3.092
fev-19,ETANOL HIDRATADO,SUDESTE,RIO DE JANEIRO,VOLTA REDONDA,3.863
fev-19,ETANOL HIDRATADO,SUDESTE,SAO PAULO,VOTORANTIM,2.566
fev-19,ETANOL HIDRATADO,SUDESTE,SAO PAULO,VOTUPORANGA,2.735
fev-19,ETANOL HIDRATADO,SUL,SANTA CATARINA,XANXERE,3.566
fev-19,ETANOL HIDRATADO,NORTE,PARA,XINGUARA,4.056
fev-19,GASOLINA COMUM,NORTE,PARA,ABAETETUBA,4.907
fev-19,GASOLINA COMUM,NORDESTE,MARANHAO,ACAILANDIA,4.185
fev-19,GASOLINA COMUM,SUDESTE,SAO PAULO,ADAMANTINA,4.014
fev-19,GASOLINA COMUM,CENTRO OESTE,GOIAS,AGUAS LINDAS DE GOIAS,4.177
fev-19,GASOLINA COMUM,NORDESTE,BAHIA,ALAGOINHAS,4.271
fev-19,GASOLINA COMUM,SUL,RIO GRANDE DO SUL,ALEGRETE,4.535
fev-19,GASOLINA COMUM,NORTE,PARA,ALENQUER,4.439
fev-19,GASOLINA COMUM,SUDESTE,MINAS GERAIS,ALFENAS,4.648
fev-19,GASOLINA COMUM,CENTRO OESTE,MATO GROSSO,ALTA FLORESTA,4.724
fev-19,GASOLINA COMUM,NORTE,PARA,ALTAMIRA,4.759
fev-19,GASOLINA COMUM,SUL,RIO GRANDE DO SUL,ALVORADA,4.233
fev-19,GASOLINA COMUM,SUDESTE,SAO PAULO,AMERICANA,3.84
fev-19,GASOLINA COMUM,SUDESTE,SAO PAULO,AMPARO,4.037
fev-19,GASOLINA COMUM,NORTE,PARA,ANANINDEUA,3.999
fev-19,GASOLINA COMUM,CENTRO OESTE,GOIAS,ANAPOLIS,4.078
fev-19,GASOLINA COMUM,SUDESTE,RIO DE JANEIRO,ANGRA DOS REIS,5.044
fev-19,GASOLINA COMUM,CENTRO OESTE,GOIAS,APARECIDA DE GOIANIA,4.456
fev-19,GASOLINA COMUM,SUL,PARANA,APUCARANA,4.156
fev-19,GASOLINA COMUM,NORDESTE,SERGIPE,ARACAJU,4.198
fev-19,GASOLINA COMUM,SUDESTE,SAO PAULO,ARACATUBA,4.05
fev-19,GASOLINA COMUM,SUDESTE,ESPIRITO SANTO,ARACRUZ,4.456
fev-19,GASOLINA COMUM,NORTE,TOCANTINS,ARAGUAINA,4.397
fev-19,GASOLINA COMUM,SUDESTE,MINAS GERAIS,ARAGUARI,4.536
fev-19,GASOLINA COMUM,NORDESTE,ALAGOAS,ARAPIRACA,4.413
fev-19,GASOLINA COMUM,SUL,PARANA,ARAPONGAS,4.15
fev-19,GASOLINA COMUM,SUL,SANTA CATARINA,ARARANGUA,3.918
fev-19,GASOLINA COMUM,SUDESTE,SAO PAULO,ARARAQUARA,4.1
fev-19,GASOLINA COMUM,SUDESTE,SAO PAULO,ARARAS,3.856
fev-19,GASOLINA COMUM,NORDESTE,PERNAMBUCO,ARARIPINA,4.62
fev-19,GASOLINA COMUM,SUDESTE,RIO DE JANEIRO,ARARUAMA,4.653
fev-19,GASOLINA COMUM,SUL,PARANA,ARAUCARIA,4.009
fev-19,GASOLINA COMUM,SUDESTE,MINAS GERAIS,ARAXA,4.724
fev-19,GASOLINA COMUM,NORDESTE,PERNAMBUCO,ARCOVERDE,4.33
fev-19,GASOLINA COMUM,NORTE,RONDONIA,ARIQUEMES,4.338
fev-19,GASOLINA COMUM,SUDESTE,SAO PAULO,ASSIS,4.19
fev-19,GASOLINA COMUM,SUL,PARANA,ASSIS CHATEAUBRIAND,4.208
fev-19,GASOLINA COMUM,SUDESTE,SAO PAULO,ATIBAIA,4.079
fev-19,GASOLINA COMUM,SUDESTE,SAO PAULO,AVARE,4.019
fev-19,GASOLINA COMUM,NORDESTE,MARANHAO,BACABAL,4.248
fev-19,GASOLINA COMUM,SUL,RIO GRANDE DO SUL,BAGE,4.895
fev-19,GASOLINA COMUM,SUL,SANTA CATARINA,BALNEARIO CAMBORIU,4.177
fev-19,GASOLINA COMUM,NORDESTE,MARANHAO,BALSAS,4.318
fev-19,GASOLINA COMUM,SUDESTE,MINAS GERAIS,BARBACENA,4.395
fev-19,GASOLINA COMUM,NORDESTE,MARANHAO,BARRA DO CORDA,4.352
fev-19,GASOLINA COMUM,SUDESTE,RIO DE JANEIRO,BARRA DO PIRAI,4.869
fev-19,GASOLINA COMUM,SUDESTE,RIO DE JANEIRO,BARRA MANSA,4.796
fev-19,GASOLINA COMUM,NORDESTE,BAHIA,BARREIRAS,4.526
fev-19,GASOLINA COMUM,SUDESTE,SAO PAULO,BARRETOS,4.036
fev-19,GASOLINA COMUM,SUDESTE,SAO PAULO,BARUERI,4.085
fev-19,GASOLINA COMUM,SUDESTE,SAO PAULO,BAURU,3.898
fev-19,GASOLINA COMUM,NORDESTE,PARAIBA,BAYEUX,3.928
fev-19,GASOLINA COMUM,SUDESTE,SAO PAULO,BEBEDOURO,4.25
fev-19,GASOLINA COMUM,NORTE,PARA,BELEM,4.132
fev-19,GASOLINA COMUM,SUDESTE,RIO DE JANEIRO,BELFORD ROXO,4.683
fev-19,GASOLINA COMUM,SUDESTE,MINAS GERAIS,BELO HORIZONTE,4.398
fev-19,GASOLINA COMUM,NORDESTE,PERNAMBUCO,BELO JARDIM,4.276
fev-19,GASOLINA COMUM,SUL,RIO GRANDE DO SUL,BENTO GONCALVES,4.322
fev-19,GASOLINA COMUM,SUDESTE,MINAS GERAIS,BETIM,4.357
fev-19,GASOLINA COMUM,SUL,SANTA CATARINA,BIGUACU,3.932
fev-19,GASOLINA COMUM,SUDESTE,SAO PAULO,BIRIGUI,4.141
fev-19,GASOLINA COMUM,SUL,SANTA CATARINA,BLUMENAU,3.869
fev-19,GASOLINA COMUM,NORTE,RORAIMA,BOA VISTA,3.818
fev-19,GASOLINA COMUM,SUDESTE,MINAS GERAIS,BOM DESPACHO,4.418
fev-19,GASOLINA COMUM,SUDESTE,SAO PAULO,BOTUCATU,4.14
fev-19,GASOLINA COMUM,NORTE,PARA,BRAGANCA,4.328
fev-19,GASOLINA COMUM,SUDESTE,SAO PAULO,BRAGANCA PAULISTA,3.866
fev-19,GASOLINA COMUM,CENTRO OESTE,DISTRITO FEDERAL,BRASILIA,4.075
fev-19,GASOLINA COMUM,NORDESTE,BAHIA,BRUMADO,4.73
fev-19,GASOLINA COMUM,SUL,SANTA CATARINA,BRUSQUE,3.869
fev-19,GASOLINA COMUM,NORDESTE,PARAIBA,CABEDELO,4.07
fev-19,GASOLINA COMUM,NORDESTE,PERNAMBUCO,CABO DE SANTO AGOSTINHO,4.105
fev-19,GASOLINA COMUM,SUDESTE,RIO DE JANEIRO,CABO FRIO,4.974
fev-19,GASOLINA COMUM,SUL,SANTA CATARINA,CACADOR,4.08
fev-19,GASOLINA COMUM,SUDESTE,SAO PAULO,CACAPAVA,3.979
fev-19,GASOLINA COMUM,CENTRO OESTE,MATO GROSSO,CACERES,4.407
fev-19,GASOLINA COMUM,SUL,RIO GRANDE DO SUL,CACHOEIRA DO SUL,4.335
fev-19,GASOLINA COMUM,SUL,RIO GRANDE DO SUL,CACHOEIRINHA,4.139
fev-19,GASOLINA COMUM,SUDESTE,ESPIRITO SANTO,CACHOEIRO DE ITAPEMIRIM,4.456
fev-19,GASOLINA COMUM,NORTE,RONDONIA,CACOAL,4.438
fev-19,GASOLINA COMUM,NORDESTE,BAHIA,CAETITE,4.781
fev-19,GASOLINA COMUM,NORDESTE,RIO GRANDE DO NORTE,CAICO,4.093
fev-19,GASOLINA COMUM,CENTRO OESTE,GOIAS,CALDAS NOVAS,4.338
fev-19,GASOLINA COMUM,NORDESTE,BAHIA,CAMACARI,4.14
fev-19,GASOLINA COMUM,SUL,PARANA,CAMBE,4.004
fev-19,GASOLINA COMUM,NORTE,PARA,CAMETA,4.687
fev-19,GASOLINA COMUM,NORDESTE,PARAIBA,CAMPINA GRANDE,4.164
fev-19,GASOLINA COMUM,SUDESTE,SAO PAULO,CAMPINAS,3.963
fev-19,GASOLINA COMUM,SUDESTE,MINAS GERAIS,CAMPO BELO,4.577
fev-19,GASOLINA COMUM,CENTRO OESTE,MATO GROSSO DO SUL,CAMPO GRANDE,3.834
fev-19,GASOLINA COMUM,SUL,PARANA,CAMPO LARGO,4.007
fev-19,GASOLINA COMUM,SUL,PARANA,CAMPO MOURAO,3.941
fev-19,GASOLINA COMUM,SUDESTE,RIO DE JANEIRO,CAMPOS DOS GOYTACAZES,4.7
fev-19,GASOLINA COMUM,NORDESTE,CEARA,CANINDE,4.459
fev-19,GASOLINA COMUM,SUL,RIO GRANDE DO SUL,CANOAS,4.112
fev-19,GASOLINA COMUM,SUDESTE,SAO PAULO,CARAGUATATUBA,4.227
fev-19,GASOLINA COMUM,SUDESTE,SAO PAULO,CARAPICUIBA,4.003
fev-19,GASOLINA COMUM,SUDESTE,MINAS GERAIS,CARATINGA,4.667
fev-19,GASOLINA COMUM,SUDESTE,ESPIRITO SANTO,CARIACICA,4.192
fev-19,GASOLINA COMUM,NORDESTE,PERNAMBUCO,CARUARU,4.103
fev-19,GASOLINA COMUM,SUL,PARANA,CASCAVEL,4.251
fev-19,GASOLINA COMUM,NORTE,PARA,CASTANHAL,4.193
fev-19,GASOLINA COMUM,SUL,PARANA,CASTRO,4.231
fev-19,GASOLINA COMUM,CENTRO OESTE,GOIAS,CATALAO,4.479
fev-19,GASOLINA COMUM,SUDESTE,SAO PAULO,CATANDUVA,4.16
fev-19,GASOLINA COMUM,NORDESTE,CEARA,CAUCAIA,4.254
fev-19,GASOLINA COMUM,NORDESTE,MARANHAO,CAXIAS,4.204
fev-19,GASOLINA COMUM,SUL,RIO GRANDE DO SUL,CAXIAS DO SUL,4.419
fev-19,GASOLINA COMUM,SUL,SANTA CATARINA,CHAPECO,4.083
fev-19,GASOLINA COMUM,SUL,PARANA,CIANORTE,4.254
fev-19,GASOLINA COMUM,NORDESTE,MARANHAO,CODO,4.483
fev-19,GASOLINA COMUM,SUDESTE,ESPIRITO SANTO,COLATINA,4.521
fev-19,GASOLINA COMUM,SUL,PARANA,COLOMBO,3.944
fev-19,GASOLINA COMUM,NORTE,PARA,CONCEICAO DO ARAGUAIA,4.723
fev-19,GASOLINA COMUM,SUL,SANTA CATARINA,CONCORDIA,4.245
fev-19,GASOLINA COMUM,SUDESTE,MINAS GERAIS,CONGONHAS,4.598
fev-19,GASOLINA COMUM,SUDESTE,MINAS GERAIS,CONSELHEIRO LAFAIETE,4.68
fev-19,GASOLINA COMUM,SUDESTE,MINAS GERAIS,CONTAGEM,4.339
fev-19,GASOLINA COMUM,SUL,PARANA,CORNELIO PROCOPIO,4.293
fev-19,GASOLINA COMUM,SUDESTE,MINAS GERAIS,CORONEL FABRICIANO,4.692
fev-19,GASOLINA COMUM,CENTRO OESTE,MATO GROSSO DO SUL,CORUMBA,4.408
fev-19,GASOLINA COMUM,SUDESTE,SAO PAULO,COSMOPOLIS,3.805
fev-19,GASOLINA COMUM,SUDESTE,SAO PAULO,COTIA,3.999
fev-19,GASOLINA COMUM,CENTRO OESTE,MATO GROSSO DO SUL,COXIM,4.29
fev-19,GASOLINA COMUM,NORDESTE,CEARA,CRATEUS,4.713
fev-19,GASOLINA COMUM,NORDESTE,CEARA,CRATO,4.429
fev-19,GASOLINA COMUM,SUL,SANTA CATARINA,CRICIUMA,3.948
fev-19,GASOLINA COMUM,SUL,RIO GRANDE DO SUL,CRUZ ALTA,4.504
fev-19,GASOLINA COMUM,SUDESTE,SAO PAULO,CRUZEIRO,3.962
fev-19,GASOLINA COMUM,NORTE,ACRE,CRUZEIRO DO SUL,5.04
fev-19,GASOLINA COMUM,SUDESTE,SAO PAULO,CUBATAO,4.484
fev-19,GASOLINA COMUM,CENTRO OESTE,MATO GROSSO,CUIABA,4.312
fev-19,GASOLINA COMUM,SUL,PARANA,CURITIBA,3.921
fev-19,GASOLINA COMUM,SUDESTE,MINAS GERAIS,CURVELO,4.642
fev-19,GASOLINA COMUM,NORDESTE,ALAGOAS,DELMIRO GOUVEIA,4.942
fev-19,GASOLINA COMUM,SUDESTE,SAO PAULO,DIADEMA,3.928
fev-19,GASOLINA COMUM,SUDESTE,MINAS GERAIS,DIVINOPOLIS,4.491
fev-19,GASOLINA COMUM,CENTRO OESTE,MATO GROSSO DO SUL,DOURADOS,3.989
fev-19,GASOLINA COMUM,SUDESTE,SAO PAULO,DRACENA,4.26
fev-19,GASOLINA COMUM,SUDESTE,RIO DE JANEIRO,DUQUE DE CAXIAS,4.663
fev-19,GASOLINA COMUM,SUDESTE,SAO PAULO,EMBU DAS ARTES,3.978
fev-19,GASOLINA COMUM,SUL,RIO GRANDE DO SUL,ERECHIM,4.246
fev-19,GASOLINA COMUM,SUL,RIO GRANDE DO SUL,ESTEIO,4.072
fev-19,GASOLINA COMUM,NORDESTE,BAHIA,EUNAPOLIS,4.644
fev-19,GASOLINA COMUM,NORDESTE,BAHIA,FEIRA DE SANTANA,4.186
fev-19,GASOLINA COMUM,SUL,SANTA CATARINA,FLORIANOPOLIS,4.032
fev-19,GASOLINA COMUM,SUDESTE,MINAS GERAIS,FORMIGA,4.614
fev-19,GASOLINA COMUM,CENTRO OESTE,GOIAS,FORMOSA,4.277
fev-19,GASOLINA COMUM,NORDESTE,CEARA,FORTALEZA,4.184
fev-19,GASOLINA COMUM,SUL,PARANA,FOZ DO IGUACU,4.173
fev-19,GASOLINA COMUM,SUDESTE,SAO PAULO,FRANCA,4.03
fev-19,GASOLINA COMUM,SUL,PARANA,FRANCISCO BELTRAO,4.255
fev-19,GASOLINA COMUM,SUDESTE,MINAS GERAIS,FRUTAL,4.765
fev-19,GASOLINA COMUM,NORDESTE,PERNAMBUCO,GARANHUNS,4.254
fev-19,GASOLINA COMUM,SUDESTE,SAO PAULO,GARCA,4.073
fev-19,GASOLINA COMUM,NORDESTE,PERNAMBUCO,GOIANA,4.065
fev-19,GASOLINA COMUM,CENTRO OESTE,GOIAS,GOIANIA,4.435
fev-19,GASOLINA COMUM,CENTRO OESTE,GOIAS,GOIATUBA,4.262
fev-19,GASOLINA COMUM,SUDESTE,MINAS GERAIS,GOVERNADOR VALADARES,4.786
fev-19,GASOLINA COMUM,SUL,RIO GRANDE DO SUL,GRAMADO,4.675
fev-19,GASOLINA COMUM,SUL,RIO GRANDE DO SUL,GRAVATAI,4.057
fev-19,GASOLINA COMUM,SUL,RIO GRANDE DO SUL,GUAIBA,4.252
fev-19,GASOLINA COMUM,NORDESTE,BAHIA,GUANAMBI,4.64
fev-19,GASOLINA COMUM,SUDESTE,ESPIRITO SANTO,GUARAPARI,4.492
fev-19,GASOLINA COMUM,SUL,PARANA,GUARAPUAVA,3.97
fev-19,GASOLINA COMUM,SUDESTE,SAO PAULO,GUARATINGUETA,4.01
fev-19,GASOLINA COMUM,SUDESTE,SAO PAULO,GUARUJA,4.456
fev-19,GASOLINA COMUM,SUDESTE,SAO PAULO,GUARULHOS,3.93
fev-19,GASOLINA COMUM,SUDESTE,MINAS GERAIS,GUAXUPE,4.381
fev-19,GASOLINA COMUM,NORTE,TOCANTINS,GURUPI,4.466
fev-19,GASOLINA COMUM,SUDESTE,SAO PAULO,HORTOLANDIA,3.918
fev-19,GASOLINA COMUM,SUDESTE,SAO PAULO,IBITINGA,3.984
fev-19,GASOLINA COMUM,NORDESTE,CEARA,ICO,4.454
fev-19,GASOLINA COMUM,NORDESTE,PERNAMBUCO,IGARASSU,3.983
fev-19,GASOLINA COMUM,NORDESTE,CEARA,IGUATU,4.486
fev-19,GASOLINA COMUM,SUL,RIO GRANDE DO SUL,IJUI,4.365
fev-19,GASOLINA COMUM,NORDESTE,BAHIA,ILHEUS,4.618
fev-19,GASOLINA COMUM,NORDESTE,MARANHAO,IMPERATRIZ,4.246
fev-19,GASOLINA COMUM,SUDESTE,SAO PAULO,INDAIATUBA,3.981
fev-19,GASOLINA COMUM,SUDESTE,MINAS GERAIS,IPATINGA,4.686
fev-19,GASOLINA COMUM,NORDESTE,BAHIA,IPIRA,4.351
fev-19,GASOLINA COMUM,NORDESTE,BAHIA,IRECE,4.463
fev-19,GASOLINA COMUM,NORDESTE,SERGIPE,ITABAIANA,4.183
fev-19,GASOLINA COMUM,SUDESTE,MINAS GERAIS,ITABIRA,4.472
fev-19,GASOLINA COMUM,SUDESTE,RIO DE JANEIRO,ITABORAI,4.631
fev-19,GASOLINA COMUM,NORDESTE,BAHIA,ITABUNA,4.531
fev-19,GASOLINA COMUM,NORTE,AMAZONAS,ITACOATIARA,4.096
fev-19,GASOLINA COMUM,SUDESTE,RIO DE JANEIRO,ITAGUAI,4.714
fev-19,GASOLINA COMUM,NORTE,PARA,ITAITUBA,4.427
fev-19,GASOLINA COMUM,SUL,SANTA CATARINA,ITAJAI,3.841
fev-19,GASOLINA COMUM,SUDESTE,MINAS GERAIS,ITAJUBA,4.634
fev-19,GASOLINA COMUM,NORDESTE,BAHIA,ITAMARAJU,4.618
fev-19,GASOLINA COMUM,SUDESTE,SAO PAULO,ITANHAEM,4.171
fev-19,GASOLINA COMUM,SUDESTE,SAO PAULO,ITAPECERICA DA SERRA,4.042
fev-19,GASOLINA COMUM,SUDESTE,RIO DE JANEIRO,ITAPERUNA,4.812
fev-19,GASOLINA COMUM,SUDESTE,SAO PAULO,ITAPETININGA,4.002
fev-19,GASOLINA COMUM,SUDESTE,SAO PAULO,ITAPEVA,4.206
fev-19,GASOLINA COMUM,NORDESTE,CEARA,ITAPIPOCA,4.583
fev-19,GASOLINA COMUM,SUDESTE,SAO PAULO,ITAPIRA,4.01
fev-19,GASOLINA COMUM,SUDESTE,SAO PAULO,ITAPOLIS,4.126
fev-19,GASOLINA COMUM,SUDESTE,SAO PAULO,ITAQUAQUECETUBA,3.905
fev-19,GASOLINA COMUM,SUDESTE,SAO PAULO,ITATIBA,3.991
fev-19,GASOLINA COMUM,SUDESTE,MINAS GERAIS,ITAUNA,4.609
fev-19,GASOLINA COMUM,SUDESTE,SAO PAULO,ITU,3.987
fev-19,GASOLINA COMUM,SUDESTE,MINAS GERAIS,ITUIUTABA,4.644
fev-19,GASOLINA COMUM,CENTRO OESTE,GOIAS,ITUMBIARA,4.269
fev-19,GASOLINA COMUM,NORDESTE,PERNAMBUCO,JABOATAO DOS GUARARAPES,4.06
fev-19,GASOLINA COMUM,SUDESTE,SAO PAULO,JABOTICABAL,4.078
fev-19,GASOLINA COMUM,SUDESTE,SAO PAULO,JACAREI,3.925
fev-19,GASOLINA COMUM,NORDESTE,BAHIA,JACOBINA,4.474
fev-19,GASOLINA COMUM,NORDESTE,BAHIA,JAGUAQUARA,4.233
fev-19,GASOLINA COMUM,SUDESTE,SAO PAULO,JALES,4.089
fev-19,GASOLINA COMUM,SUDESTE,MINAS GERAIS,JANAUBA,4.687
fev-19,GASOLINA COMUM,SUDESTE,MINAS GERAIS,JANUARIA,4.694
fev-19,GASOLINA COMUM,SUL,SANTA CATARINA,JARAGUA DO SUL,3.932
fev-19,GASOLINA COMUM,CENTRO OESTE,GOIAS,JATAI,4.525
fev-19,GASOLINA COMUM,SUDESTE,SAO PAULO,JAU,4.003
fev-19,GASOLINA COMUM,NORDESTE,BAHIA,JEQUIE,4.31
fev-19,GASOLINA COMUM,NORTE,RONDONIA,JI-PARANA,4.408
fev-19,GASOLINA COMUM,SUDESTE,MINAS GERAIS,JOAO MONLEVADE,4.378
fev-19,GASOLINA COMUM,NORDESTE,PARAIBA,JOAO PESSOA,3.877
fev-19,GASOLINA COMUM,SUDESTE,MINAS GERAIS,JOAO PINHEIRO,4.763
fev-19,GASOLINA COMUM,SUL,SANTA CATARINA,JOINVILLE,3.915
fev-19,GASOLINA COMUM,SUDESTE,SAO PAULO,JOSE BONIFACIO,4.056
fev-19,GASOLINA COMUM,NORDESTE,BAHIA,JUAZEIRO,4.776
fev-19,GASOLINA COMUM,NORDESTE,CEARA,JUAZEIRO DO NORTE,4.398
fev-19,GASOLINA COMUM,SUDESTE,MINAS GERAIS,JUIZ DE FORA,4.71
fev-19,GASOLINA COMUM,SUDESTE,SAO PAULO,JUNDIAI,3.995
fev-19,GASOLINA COMUM,NORDESTE,SERGIPE,LAGARTO,4.08
fev-19,GASOLINA COMUM,SUL,SANTA CATARINA,LAGES,3.988
fev-19,GASOLINA COMUM,SUL,SANTA CATARINA,LAGUNA,3.989
fev-19,GASOLINA COMUM,SUL,RIO GRANDE DO SUL,LAJEADO,4.229
fev-19,GASOLINA COMUM,NORDESTE,PERNAMBUCO,LAJEDO,4.198
fev-19,GASOLINA COMUM,NORDESTE,BAHIA,LAURO DE FREITAS,4.344
fev-19,GASOLINA COMUM,SUDESTE,MINAS GERAIS,LAVRAS,4.616
fev-19,GASOLINA COMUM,SUDESTE,SAO PAULO,LEME,3.864
fev-19,GASOLINA COMUM,SUDESTE,MINAS GERAIS,LEOPOLDINA,4.65
fev-19,GASOLINA COMUM,SUDESTE,SAO PAULO,LIMEIRA,3.825
fev-19,GASOLINA COMUM,NORDESTE,CEARA,LIMOEIRO DO NORTE,4.471
fev-19,GASOLINA COMUM,SUDESTE,ESPIRITO SANTO,LINHARES,4.43
fev-19,GASOLINA COMUM,SUDESTE,SAO PAULO,LINS,4.081
fev-19,GASOLINA COMUM,NORDESTE,BAHIA,LIVRAMENTO DE NOSSA SENHORA,4.793
fev-19,GASOLINA COMUM,SUL,PARANA,LONDRINA,3.97
fev-19,GASOLINA COMUM,SUDESTE,SAO PAULO,LORENA,3.903
fev-19,GASOLINA COMUM,CENTRO OESTE,GOIAS,LUZIANIA,4.204
fev-19,GASOLINA COMUM,SUDESTE,RIO DE JANEIRO,MACAE,4.869
fev-19,GASOLINA COMUM,NORTE,AMAPA,MACAPA,3.799
fev-19,GASOLINA COMUM,NORDESTE,ALAGOAS,MACEIO,4.29
fev-19,GASOLINA COMUM,SUL,SANTA CATARINA,MAFRA,4.074
fev-19,GASOLINA COMUM,SUDESTE,RIO DE JANEIRO,MAGE,4.684
fev-19,GASOLINA COMUM,NORTE,AMAZONAS,MANACAPURU,3.915
fev-19,GASOLINA COMUM,NORTE,AMAZONAS,MANAUS,3.727
fev-19,GASOLINA COMUM,SUDESTE,MINAS GERAIS,MANHUACU,4.62
fev-19,GASOLINA COMUM,NORTE,PARA,MARABA,4.704
fev-19,GASOLINA COMUM,NORDESTE,CEARA,MARACANAU,4.032
fev-19,GASOLINA COMUM,SUL,PARANA,MARECHAL CANDIDO RONDON,4.283
fev-19,GASOLINA COMUM,SUDESTE,RIO DE JANEIRO,MARICA,4.784
fev-19,GASOLINA COMUM,SUDESTE,SAO PAULO,MARILIA,4.032
fev-19,GASOLINA COMUM,SUL,PARANA,MARINGA,4.191
fev-19,GASOLINA COMUM,SUDESTE,SAO PAULO,MATAO,4.286
fev-19,GASOLINA COMUM,SUDESTE,SAO PAULO,MAUA,3.974
fev-19,GASOLINA COMUM,CENTRO OESTE,GOIAS,MINEIROS,4.597
fev-19,GASOLINA COMUM,SUDESTE,SAO PAULO,MIRASSOL,3.94
fev-19,GASOLINA COMUM,SUDESTE,SAO PAULO,MOCOCA,4.008
fev-19,GASOLINA COMUM,SUDESTE,SAO PAULO,MOGI DAS CRUZES,3.936
fev-19,GASOLINA COMUM,SUDESTE,SAO PAULO,MOGI GUACU,3.977
fev-19,GASOLINA COMUM,SUDESTE,SAO PAULO,MOGI MIRIM,3.981
fev-19,GASOLINA COMUM,SUDESTE,SAO PAULO,MONTE ALTO,4.106
fev-19,GASOLINA COMUM,SUDESTE,MINAS GERAIS,MONTE CARMELO,4.507
fev-19,GASOLINA COMUM,SUDESTE,MINAS GERAIS,MONTES CLAROS,4.423
fev-19,GASOLINA COMUM,CENTRO OESTE,GOIAS,MORRINHOS,4.308
fev-19,GASOLINA COMUM,NORDESTE,RIO GRANDE DO NORTE,MOSSORO,4.208
fev-19,GASOLINA COMUM,SUDESTE,MINAS GERAIS,MURIAE,4.287
fev-19,GASOLINA COMUM,NORDESTE,RIO GRANDE DO NORTE,NATAL,4.026
fev-19,GASOLINA COMUM,SUDESTE,RIO DE JANEIRO,NILOPOLIS,4.594
fev-19,GASOLINA COMUM,SUDESTE,RIO DE JANEIRO,NITEROI,4.684
fev-19,GASOLINA COMUM,NORDESTE,SERGIPE,NOSSA SENHORA DO SOCORRO,4.24
fev-19,GASOLINA COMUM,CENTRO OESTE,MATO GROSSO DO SUL,NOVA ANDRADINA,4.14
fev-19,GASOLINA COMUM,SUDESTE,RIO DE JANEIRO,NOVA FRIBURGO,4.627
fev-19,GASOLINA COMUM,SUDESTE,RIO DE JANEIRO,NOVA IGUACU,4.62
fev-19,GASOLINA COMUM,SUDESTE,MINAS GERAIS,NOVA LIMA,4.648
fev-19,GASOLINA COMUM,SUL,RIO GRANDE DO SUL,NOVO HAMBURGO,4.037
fev-19,GASOLINA COMUM,SUDESTE,SAO PAULO,OLIMPIA,4.117
fev-19,GASOLINA COMUM,NORDESTE,PERNAMBUCO,OLINDA,4.022
fev-19,GASOLINA COMUM,SUDESTE,MINAS GERAIS,OLIVEIRA,4.614
fev-19,GASOLINA COMUM,SUDESTE,SAO PAULO,OSASCO,4.11
fev-19,GASOLINA COMUM,SUL,RIO GRANDE DO SUL,OSORIO,4.16
fev-19,GASOLINA COMUM,SUDESTE,SAO PAULO,OURINHOS,4.135
fev-19,GASOLINA COMUM,SUDESTE,MINAS GERAIS,OURO PRETO,4.674
fev-19,GASOLINA COMUM,SUL,SANTA CATARINA,PALHOCA,3.909
fev-19,GASOLINA COMUM,NORTE,TOCANTINS,PALMAS,4.414
fev-19,GASOLINA COMUM,NORDESTE,ALAGOAS,PALMEIRA DOS INDIOS,4.42
fev-19,GASOLINA COMUM,SUDESTE,MINAS GERAIS,PARA DE MINAS,4.594
fev-19,GASOLINA COMUM,SUDESTE,MINAS GERAIS,PARACATU,4.767
fev-19,GASOLINA COMUM,NORTE,PARA,PARAGOMINAS,4.588
fev-19,GASOLINA COMUM,SUDESTE,SAO PAULO,PARAGUACU PAULISTA,4.313
fev-19,GASOLINA COMUM,NORTE,TOCANTINS,PARAISO DO TOCANTINS,4.486
fev-19,GASOLINA COMUM,SUL,PARANA,PARANAGUA,4.175
fev-19,GASOLINA COMUM,SUL,PARANA,PARANAVAI,4.158
fev-19,GASOLINA COMUM,NORTE,PARA,PARAUAPEBAS,4.844
fev-19,GASOLINA COMUM,NORTE,AMAZONAS,PARINTINS,4.55
fev-19,GASOLINA COMUM,NORDESTE,PIAUI,PARNAIBA,4.566
fev-19,GASOLINA COMUM,NORDESTE,RIO GRANDE DO NORTE,PARNAMIRIM,4.052
fev-19,GASOLINA COMUM,SUL,RIO GRANDE DO SUL,PASSO FUNDO,4.169
fev-19,GASOLINA COMUM,SUDESTE,MINAS GERAIS,PASSOS,4.644
fev-19,GASOLINA COMUM,SUL,PARANA,PATO BRANCO,4.306
fev-19,GASOLINA COMUM,NORDESTE,PARAIBA,PATOS,4.055
fev-19,GASOLINA COMUM,SUDESTE,MINAS GERAIS,PATOS DE MINAS,4.642
fev-19,GASOLINA COMUM,SUDESTE,MINAS GERAIS,PATROCINIO,4.689
fev-19,GASOLINA COMUM,SUDESTE,SAO PAULO,PAULINIA,3.854
fev-19,GASOLINA COMUM,NORDESTE,PERNAMBUCO,PAULISTA,3.973
fev-19,GASOLINA COMUM,NORDESTE,BAHIA,PAULO AFONSO,4.552
fev-19,GASOLINA COMUM,SUL,RIO GRANDE DO SUL,PELOTAS,4.515
fev-19,GASOLINA COMUM,NORDESTE,PERNAMBUCO,PETROLINA,4.799
fev-19,GASOLINA COMUM,SUDESTE,RIO DE JANEIRO,PETROPOLIS,5.016
fev-19,GASOLINA COMUM,NORDESTE,PIAUI,PICOS,4.493
fev-19,GASOLINA COMUM,NORTE,RONDONIA,PIMENTA BUENO,4.59
fev-19,GASOLINA COMUM,SUDESTE,SAO PAULO,PINDAMONHANGABA,3.908
fev-19,GASOLINA COMUM,SUL,PARANA,PINHAIS,3.905
fev-19,GASOLINA COMUM,NORDESTE,MARANHAO,PINHEIRO,4.38
fev-19,GASOLINA COMUM,SUDESTE,SAO PAULO,PIRACICABA,3.985
fev-19,GASOLINA COMUM,SUDESTE,SAO PAULO,PIRASSUNUNGA,4.083
fev-19,GASOLINA COMUM,NORDESTE,PIAUI,PIRIPIRI,4.444
fev-19,GASOLINA COMUM,SUDESTE,SAO PAULO,POA,3.872
fev-19,GASOLINA COMUM,NORDESTE,BAHIA,POCOES,4.472
fev-19,GASOLINA COMUM,SUDESTE,MINAS GERAIS,POCOS DE CALDAS,4.552
fev-19,GASOLINA COMUM,SUL,PARANA,PONTA GROSSA,4.078
fev-19,GASOLINA COMUM,CENTRO OESTE,MATO GROSSO DO SUL,PONTA PORA,4.032
fev-19,GASOLINA COMUM,CENTRO OESTE,GOIAS,PORANGATU,4.431
fev-19,GASOLINA COMUM,SUL,RIO GRANDE DO SUL,PORTO ALEGRE,4.155
fev-19,GASOLINA COMUM,SUDESTE,SAO PAULO,PORTO FERREIRA,3.916
fev-19,GASOLINA COMUM,NORTE,TOCANTINS,PORTO NACIONAL,4.192
fev-19,GASOLINA COMUM,NORDESTE,BAHIA,PORTO SEGURO,4.888
fev-19,GASOLINA COMUM,NORTE,RONDONIA,PORTO VELHO,4.268
fev-19,GASOLINA COMUM,SUDESTE,MINAS GERAIS,POUSO ALEGRE,4.605
fev-19,GASOLINA COMUM,SUDESTE,SAO PAULO,PRAIA GRANDE,4.075
fev-19,GASOLINA COMUM,NORDESTE,MARANHAO,PRESIDENTE DUTRA,4.236
fev-19,GASOLINA COMUM,SUDESTE,SAO PAULO,PRESIDENTE PRUDENTE,4.21
fev-19,GASOLINA COMUM,SUDESTE,SAO PAULO,PRESIDENTE VENCESLAU,4.156
fev-19,GASOLINA COMUM,NORDESTE,CEARA,QUIXADA,4.486
fev-19,GASOLINA COMUM,NORDESTE,PERNAMBUCO,RECIFE,4.031
fev-19,GASOLINA COMUM,NORTE,PARA,REDENCAO,4.597
fev-19,GASOLINA COMUM,SUDESTE,RIO DE JANEIRO,RESENDE,4.751
fev-19,GASOLINA COMUM,SUDESTE,SAO PAULO,RIBEIRAO PIRES,3.985
fev-19,GASOLINA COMUM,SUDESTE,SAO PAULO,RIBEIRAO PRETO,4.004
fev-19,GASOLINA COMUM,SUDESTE,RIO DE JANEIRO,RIO BONITO,4.612
fev-19,GASOLINA COMUM,NORTE,ACRE,RIO BRANCO,4.625
fev-19,GASOLINA COMUM,SUDESTE,SAO PAULO,RIO CLARO,3.911
fev-19,GASOLINA COMUM,SUDESTE,RIO DE JANEIRO,RIO DE JANEIRO,4.679
fev-19,GASOLINA COMUM,SUL,RIO GRANDE DO SUL,RIO GRANDE,4.389
fev-19,GASOLINA COMUM,NORDESTE,ALAGOAS,RIO LARGO,4.347
fev-19,GASOLINA COMUM,CENTRO OESTE,GOIAS,RIO VERDE,4.467
fev-19,GASOLINA COMUM,CENTRO OESTE,MATO GROSSO,RONDONOPOLIS,4.411
fev-19,GASOLINA COMUM,SUDESTE,MINAS GERAIS,SABARA,4.467
fev-19,GASOLINA COMUM,NORDESTE,PERNAMBUCO,SALGUEIRO,4.62
fev-19,GASOLINA COMUM,SUDESTE,SAO PAULO,SALTO,3.958
fev-19,GASOLINA COMUM,NORDESTE,BAHIA,SALVADOR,4.417
fev-19,GASOLINA COMUM,SUDESTE,SAO PAULO,SANTA BARBARA D'OESTE,3.855
fev-19,GASOLINA COMUM,NORDESTE,PERNAMBUCO,SANTA CRUZ DO CAPIBARIBE,4.177
fev-19,GASOLINA COMUM,SUDESTE,SAO PAULO,SANTA CRUZ DO RIO PARDO,4.197
fev-19,GASOLINA COMUM,SUL,RIO GRANDE DO SUL,SANTA CRUZ DO SUL,4.165
fev-19,GASOLINA COMUM,NORDESTE,MARANHAO,SANTA INES,4.342
fev-19,GASOLINA COMUM,SUL,RIO GRANDE DO SUL,SANTA MARIA,4.336
fev-19,GASOLINA COMUM,SUL,RIO GRANDE DO SUL,SANTA ROSA,4.191
fev-19,GASOLINA COMUM,NORTE,AMAPA,SANTANA,3.755
fev-19,GASOLINA COMUM,SUL,RIO GRANDE DO SUL,SANTANA DO LIVRAMENTO,4.6
fev-19,GASOLINA COMUM,NORTE,PARA,SANTAREM,4.261
fev-19,GASOLINA COMUM,SUDESTE,SAO PAULO,SANTO ANDRE,3.943
fev-19,GASOLINA COMUM,SUL,RIO GRANDE DO SUL,SANTO ANGELO,4.436
fev-19,GASOLINA COMUM,SUL,PARANA,SANTO ANTONIO DA PLATINA,4.226
fev-19,GASOLINA COMUM,NORDESTE,BAHIA,SANTO ANTONIO DE JESUS,4.493
fev-19,GASOLINA COMUM,SUDESTE,RIO DE JANEIRO,SANTO ANTONIO DE PADUA,4.762
fev-19,GASOLINA COMUM,SUDESTE,SAO PAULO,SANTOS,4.18
fev-19,GASOLINA COMUM,SUDESTE,SAO PAULO,SAO BERNARDO DO CAMPO,3.981
fev-19,GASOLINA COMUM,SUDESTE,SAO PAULO,SAO CAETANO DO SUL,4.059
fev-19,GASOLINA COMUM,SUDESTE,SAO PAULO,SAO CARLOS,4.039
fev-19,GASOLINA COMUM,SUDESTE,RIO DE JANEIRO,SAO FRANCISCO DE ITABAPOANA,4.891
fev-19,GASOLINA COMUM,SUL,RIO GRANDE DO SUL,SAO GABRIEL,4.524
fev-19,GASOLINA COMUM,SUDESTE,RIO DE JANEIRO,SAO GONCALO,4.632
fev-19,GASOLINA COMUM,SUDESTE,SAO PAULO,SAO JOAO DA BOA VISTA,3.899
fev-19,GASOLINA COMUM,SUDESTE,RIO DE JANEIRO,SAO JOAO DE MERITI,4.601
fev-19,GASOLINA COMUM,SUDESTE,MINAS GERAIS,SAO JOAO DEL REI,4.572
fev-19,GASOLINA COMUM,SUL,SANTA CATARINA,SAO JOSE,3.898
fev-19,GASOLINA COMUM,NORDESTE,MARANHAO,SAO JOSE DE RIBAMAR,3.915
fev-19,GASOLINA COMUM,SUDESTE,SAO PAULO,SAO JOSE DO RIO PRETO,4.03
fev-19,GASOLINA COMUM,SUDESTE,SAO PAULO,SAO JOSE DOS CAMPOS,3.877
fev-19,GASOLINA COMUM,SUL,PARANA,SAO JOSE DOS PINHAIS,3.927
fev-19,GASOLINA COMUM,SUL,RIO GRANDE DO SUL,SAO LEOPOLDO,4.086
fev-19,GASOLINA COMUM,NORDESTE,MARANHAO,SAO LUIS,3.91
fev-19,GASOLINA COMUM,SUL,RIO GRANDE DO SUL,SAO LUIZ GONZAGA,4.399
fev-19,GASOLINA COMUM,SUDESTE,ESPIRITO SANTO,SAO MATEUS,4.171
fev-19,GASOLINA COMUM,SUDESTE,SAO PAULO,SAO PAULO,3.933
fev-19,GASOLINA COMUM,SUDESTE,SAO PAULO,SAO ROQUE,4.19
fev-19,GASOLINA COMUM,SUDESTE,MINAS GERAIS,SAO SEBASTIAO DO PARAISO,4.597
fev-19,GASOLINA COMUM,SUDESTE,SAO PAULO,SAO VICENTE,4.135
fev-19,GASOLINA COMUM,SUL,RIO GRANDE DO SUL,SAPIRANGA,3.982
fev-19,GASOLINA COMUM,SUDESTE,RIO DE JANEIRO,SAPUCAIA,4.691
fev-19,GASOLINA COMUM,SUL,RIO GRANDE DO SUL,SAPUCAIA DO SUL,3.958
fev-19,GASOLINA COMUM,SUDESTE,RIO DE JANEIRO,SAQUAREMA,4.863
fev-19,GASOLINA COMUM,NORDESTE,BAHIA,SENHOR DO BONFIM,4.604
fev-19,GASOLINA COMUM,SUDESTE,ESPIRITO SANTO,SERRA,4.199
fev-19,GASOLINA COMUM,NORDESTE,PERNAMBUCO,SERRA TALHADA,4.254
fev-19,GASOLINA COMUM,NORDESTE,BAHIA,SERRINHA,4.267
fev-19,GASOLINA COMUM,SUDESTE,SAO PAULO,SERTAOZINHO,4.21
fev-19,GASOLINA COMUM,SUDESTE,MINAS GERAIS,SETE LAGOAS,4.307
fev-19,GASOLINA COMUM,NORDESTE,BAHIA,SIMOES FILHO,4.316
fev-19,GASOLINA COMUM,CENTRO OESTE,MATO GROSSO,SINOP,4.473
fev-19,GASOLINA COMUM,NORDESTE,CEARA,SOBRAL,4.51
fev-19,GASOLINA COMUM,SUDESTE,SAO PAULO,SOROCABA,3.898
fev-19,GASOLINA COMUM,CENTRO OESTE,MATO GROSSO,SORRISO,4.611
fev-19,GASOLINA COMUM,NORDESTE,PARAIBA,SOUSA,4.386
fev-19,GASOLINA COMUM,SUDESTE,SAO PAULO,SUMARE,3.954
fev-19,GASOLINA COMUM,SUDESTE,SAO PAULO,SUZANO,3.986
fev-19,GASOLINA COMUM,SUDESTE,SAO PAULO,TABOAO DA SERRA,4.029
fev-19,GASOLINA COMUM,SUDESTE,SAO PAULO,TATUI,3.909
fev-19,GASOLINA COMUM,SUDESTE,SAO PAULO,TAUBATE,3.911
fev-19,GASOLINA COMUM,NORTE,AMAZONAS,TEFE,4.846
fev-19,GASOLINA COMUM,NORDESTE,BAHIA,TEIXEIRA DE FREITAS,4.445
fev-19,GASOLINA COMUM,SUDESTE,MINAS GERAIS,TEOFILO OTONI,4.528
fev-19,GASOLINA COMUM,NORDESTE,PIAUI,TERESINA,4.167
fev-19,GASOLINA COMUM,SUDESTE,RIO DE JANEIRO,TERESOPOLIS,4.626
fev-19,GASOLINA COMUM,SUDESTE,MINAS GERAIS,TIMOTEO,4.694
fev-19,GASOLINA COMUM,SUL,PARANA,TOLEDO,4.148
fev-19,GASOLINA COMUM,SUL,RIO GRANDE DO SUL,TORRES,4.302
fev-19,GASOLINA COMUM,SUDESTE,MINAS GERAIS,TRES CORACOES,4.678
fev-19,GASOLINA COMUM,CENTRO OESTE,MATO GROSSO DO SUL,TRES LAGOAS,4.116
fev-19,GASOLINA COMUM,SUDESTE,RIO DE JANEIRO,TRES RIOS,4.643
fev-19,GASOLINA COMUM,CENTRO OESTE,GOIAS,TRINDADE,4.429
fev-19,GASOLINA COMUM,SUL,SANTA CATARINA,TUBARAO,3.922
fev-19,GASOLINA COMUM,SUDESTE,SAO PAULO,TUPA,4.128
fev-19,GASOLINA COMUM,SUDESTE,MINAS GERAIS,UBA,4.617
fev-19,GASOLINA COMUM,SUDESTE,SAO PAULO,UBATUBA,4.233
fev-19,GASOLINA COMUM,SUDESTE,MINAS GERAIS,UBERABA,4.712
fev-19,GASOLINA COMUM,SUDESTE,MINAS GERAIS,UBERLANDIA,4.551
fev-19,GASOLINA COMUM,SUL,PARANA,UMUARAMA,4.256
fev-19,GASOLINA COMUM,SUDESTE,MINAS GERAIS,UNAI,4.729
fev-19,GASOLINA COMUM,SUL,PARANA,UNIAO DA VITORIA,4.258
fev-19,GASOLINA COMUM,SUL,RIO GRANDE DO SUL,URUGUAIANA,4.548
fev-19,GASOLINA COMUM,SUL,RIO GRANDE DO SUL,VACARIA,4.567
fev-19,GASOLINA COMUM,NORDESTE,BAHIA,VALENCA,4.706
fev-19,GASOLINA COMUM,SUDESTE,RIO DE JANEIRO,VALENCA,4.79
fev-19,GASOLINA COMUM,SUDESTE,SAO PAULO,VALINHOS,3.901
fev-19,GASOLINA COMUM,CENTRO OESTE,GOIAS,VALPARAISO DE GOIAS,4.121
fev-19,GASOLINA COMUM,SUDESTE,MINAS GERAIS,VARGINHA,4.399
fev-19,GASOLINA COMUM,CENTRO OESTE,MATO GROSSO,VARZEA GRANDE,4.285
fev-19,GASOLINA COMUM,SUDESTE,SAO PAULO,VARZEA PAULISTA,3.951
fev-19,GASOLINA COMUM,SUL,RIO GRANDE DO SUL,VIAMAO,4.143
fev-19,GASOLINA COMUM,SUDESTE,MINAS GERAIS,VICOSA,4.693
fev-19,GASOLINA COMUM,SUL,SANTA CATARINA,VIDEIRA,4.077
fev-19,GASOLINA COMUM,SUDESTE,ESPIRITO SANTO,VILA VELHA,4.209
fev-19,GASOLINA COMUM,NORTE,RONDONIA,VILHENA,4.341
fev-19,GASOLINA COMUM,SUDESTE,SAO PAULO,VINHEDO,3.851
fev-19,GASOLINA COMUM,SUDESTE,ESPIRITO SANTO,VITORIA,4.203
fev-19,GASOLINA COMUM,NORDESTE,BAHIA,VITORIA DA CONQUISTA,4.601
fev-19,GASOLINA COMUM,NORDESTE,PERNAMBUCO,VITORIA DE SANTO ANTAO,4.044
fev-19,GASOLINA COMUM,SUDESTE,RIO DE JANEIRO,VOLTA REDONDA,4.786
fev-19,GASOLINA COMUM,SUDESTE,SAO PAULO,VOTORANTIM,3.899
fev-19,GASOLINA COMUM,SUDESTE,SAO PAULO,VOTUPORANGA,4.146
fev-19,GASOLINA COMUM,SUL,SANTA CATARINA,XANXERE,4.169
fev-19,GASOLINA COMUM,NORTE,PARA,XINGUARA,4.76
