maio-19,GASOLINA COMUM,NORTE,ACRE,CRUZEIRO DO SUL,5.217
maio-19,ETANOL HIDRATADO,NORTE,ACRE,RIO BRANCO,3.963
maio-19,GASOLINA COMUM,NORTE,ACRE,RIO BRANCO,4.897
maio-19,ETANOL HIDRATADO,NORDESTE,ALAGOAS,ARAPIRACA,3.609
maio-19,GASOLINA COMUM,NORDESTE,ALAGOAS,ARAPIRACA,4.704
maio-19,ETANOL HIDRATADO,NORDESTE,ALAGOAS,DELMIRO GOUVEIA,3.958
maio-19,GASOLINA COMUM,NORDESTE,ALAGOAS,DELMIRO GOUVEIA,5.092
maio-19,ETANOL HIDRATADO,NORDESTE,ALAGOAS,MACEIO,3.838
maio-19,GASOLINA COMUM,NORDESTE,ALAGOAS,MACEIO,4.56
maio-19,ETANOL HIDRATADO,NORDESTE,ALAGOAS,PALMEIRA DOS INDIOS,3.777
maio-19,GASOLINA COMUM,NORDESTE,ALAGOAS,PALMEIRA DOS INDIOS,4.703
maio-19,ETANOL HIDRATADO,NORDESTE,ALAGOAS,RIO LARGO,3.75
maio-19,GASOLINA COMUM,NORDESTE,ALAGOAS,RIO LARGO,4.531
maio-19,ETANOL HIDRATADO,NORTE,AMAPA,MACAPA,3.89
maio-19,GASOLINA COMUM,NORTE,AMAPA,MACAPA,4.116
maio-19,GASOLINA COMUM,NORTE,AMAPA,SANTANA,4.125
maio-19,ETANOL HIDRATADO,NORTE,AMAZONAS,ITACOATIARA,3.97
maio-19,GASOLINA COMUM,NORTE,AMAZONAS,ITACOATIARA,4.688
maio-19,ETANOL HIDRATADO,NORTE,AMAZONAS,MANACAPURU,3.69
maio-19,GASOLINA COMUM,NORTE,AMAZONAS,MANACAPURU,4.215
maio-19,ETANOL HIDRATADO,NORTE,AMAZONAS,MANAUS,3.429
maio-19,GASOLINA COMUM,NORTE,AMAZONAS,MANAUS,4.116
maio-19,GASOLINA COMUM,NORTE,AMAZONAS,PARINTINS,4.845
maio-19,GASOLINA COMUM,NORTE,AMAZONAS,TEFE,5.1
maio-19,ETANOL HIDRATADO,NORDESTE,BAHIA,ALAGOINHAS,3.496
maio-19,GASOLINA COMUM,NORDESTE,BAHIA,ALAGOINHAS,4.58
maio-19,ETANOL HIDRATADO,NORDESTE,BAHIA,BARREIRAS,3.462
maio-19,GASOLINA COMUM,NORDESTE,BAHIA,BARREIRAS,4.773
maio-19,ETANOL HIDRATADO,NORDESTE,BAHIA,BRUMADO,3.655
maio-19,GASOLINA COMUM,NORDESTE,BAHIA,BRUMADO,4.874
maio-19,ETANOL HIDRATADO,NORDESTE,BAHIA,CAETITE,3.507
maio-19,GASOLINA COMUM,NORDESTE,BAHIA,CAETITE,4.837
maio-19,ETANOL HIDRATADO,NORDESTE,BAHIA,CAMACARI,3.455
maio-19,GASOLINA COMUM,NORDESTE,BAHIA,CAMACARI,4.502
maio-19,ETANOL HIDRATADO,NORDESTE,BAHIA,EUNAPOLIS,3.84
maio-19,GASOLINA COMUM,NORDESTE,BAHIA,EUNAPOLIS,4.935
maio-19,ETANOL HIDRATADO,NORDESTE,BAHIA,FEIRA DE SANTANA,3.455
maio-19,GASOLINA COMUM,NORDESTE,BAHIA,FEIRA DE SANTANA,4.468
maio-19,ETANOL HIDRATADO,NORDESTE,BAHIA,GUANAMBI,3.42
maio-19,GASOLINA COMUM,NORDESTE,BAHIA,GUANAMBI,4.754
maio-19,ETANOL HIDRATADO,NORDESTE,BAHIA,ILHEUS,3.811
maio-19,GASOLINA COMUM,NORDESTE,BAHIA,ILHEUS,4.928
maio-19,ETANOL HIDRATADO,NORDESTE,BAHIA,IPIRA,3.447
maio-19,GASOLINA COMUM,NORDESTE,BAHIA,IPIRA,4.548
maio-19,ETANOL HIDRATADO,NORDESTE,BAHIA,IRECE,3.457
maio-19,GASOLINA COMUM,NORDESTE,BAHIA,IRECE,4.514
maio-19,ETANOL HIDRATADO,NORDESTE,BAHIA,ITABUNA,3.619
maio-19,GASOLINA COMUM,NORDESTE,BAHIA,ITABUNA,4.771
maio-19,ETANOL HIDRATADO,NORDESTE,BAHIA,ITAMARAJU,3.475
maio-19,GASOLINA COMUM,NORDESTE,BAHIA,ITAMARAJU,4.73
maio-19,ETANOL HIDRATADO,NORDESTE,BAHIA,JACOBINA,3.417
maio-19,GASOLINA COMUM,NORDESTE,BAHIA,JACOBINA,4.564
maio-19,ETANOL HIDRATADO,NORDESTE,BAHIA,JAGUAQUARA,3.441
maio-19,GASOLINA COMUM,NORDESTE,BAHIA,JAGUAQUARA,4.492
maio-19,ETANOL HIDRATADO,NORDESTE,BAHIA,JEQUIE,3.526
maio-19,GASOLINA COMUM,NORDESTE,BAHIA,JEQUIE,4.626
maio-19,ETANOL HIDRATADO,NORDESTE,BAHIA,JUAZEIRO,3.833
maio-19,GASOLINA COMUM,NORDESTE,BAHIA,JUAZEIRO,4.873
maio-19,ETANOL HIDRATADO,NORDESTE,BAHIA,LAURO DE FREITAS,3.635
maio-19,GASOLINA COMUM,NORDESTE,BAHIA,LAURO DE FREITAS,4.656
maio-19,ETANOL HIDRATADO,NORDESTE,BAHIA,LIVRAMENTO DE NOSSA SENHORA,3.509
maio-19,GASOLINA COMUM,NORDESTE,BAHIA,LIVRAMENTO DE NOSSA SENHORA,4.923
maio-19,ETANOL HIDRATADO,NORDESTE,BAHIA,PAULO AFONSO,3.716
maio-19,GASOLINA COMUM,NORDESTE,BAHIA,PAULO AFONSO,4.753
maio-19,ETANOL HIDRATADO,NORDESTE,BAHIA,POCOES,3.728
maio-19,GASOLINA COMUM,NORDESTE,BAHIA,POCOES,4.691
maio-19,ETANOL HIDRATADO,NORDESTE,BAHIA,PORTO SEGURO,4.023
maio-19,GASOLINA COMUM,NORDESTE,BAHIA,PORTO SEGURO,5.023
maio-19,ETANOL HIDRATADO,NORDESTE,BAHIA,SALVADOR,3.607
maio-19,GASOLINA COMUM,NORDESTE,BAHIA,SALVADOR,4.652
maio-19,ETANOL HIDRATADO,NORDESTE,BAHIA,SANTO ANTONIO DE JESUS,3.487
maio-19,GASOLINA COMUM,NORDESTE,BAHIA,SANTO ANTONIO DE JESUS,4.552
maio-19,ETANOL HIDRATADO,NORDESTE,BAHIA,SENHOR DO BONFIM,3.531
maio-19,GASOLINA COMUM,NORDESTE,BAHIA,SENHOR DO BONFIM,4.685
maio-19,ETANOL HIDRATADO,NORDESTE,BAHIA,SERRINHA,3.405
maio-19,GASOLINA COMUM,NORDESTE,BAHIA,SERRINHA,4.435
maio-19,ETANOL HIDRATADO,NORDESTE,BAHIA,SIMOES FILHO,3.48
maio-19,GASOLINA COMUM,NORDESTE,BAHIA,SIMOES FILHO,4.49
maio-19,ETANOL HIDRATADO,NORDESTE,BAHIA,TEIXEIRA DE FREITAS,3.573
maio-19,GASOLINA COMUM,NORDESTE,BAHIA,TEIXEIRA DE FREITAS,4.558
maio-19,ETANOL HIDRATADO,NORDESTE,BAHIA,VALENCA,3.752
maio-19,GASOLINA COMUM,NORDESTE,BAHIA,VALENCA,4.799
maio-19,ETANOL HIDRATADO,NORDESTE,BAHIA,VITORIA DA CONQUISTA,3.536
maio-19,GASOLINA COMUM,NORDESTE,BAHIA,VITORIA DA CONQUISTA,4.792
maio-19,ETANOL HIDRATADO,NORDESTE,CEARA,CANINDE,3.781
maio-19,GASOLINA COMUM,NORDESTE,CEARA,CANINDE,4.767
maio-19,ETANOL HIDRATADO,NORDESTE,CEARA,CAUCAIA,3.774
maio-19,GASOLINA COMUM,NORDESTE,CEARA,CAUCAIA,4.75
maio-19,ETANOL HIDRATADO,NORDESTE,CEARA,CRATEUS,3.768
maio-19,GASOLINA COMUM,NORDESTE,CEARA,CRATEUS,4.757
maio-19,ETANOL HIDRATADO,NORDESTE,CEARA,CRATO,3.8
maio-19,GASOLINA COMUM,NORDESTE,CEARA,CRATO,4.776
maio-19,ETANOL HIDRATADO,NORDESTE,CEARA,FORTALEZA,3.775
maio-19,GASOLINA COMUM,NORDESTE,CEARA,FORTALEZA,4.759
maio-19,ETANOL HIDRATADO,NORDESTE,CEARA,ICO,3.689
maio-19,GASOLINA COMUM,NORDESTE,CEARA,ICO,4.721
maio-19,ETANOL HIDRATADO,NORDESTE,CEARA,IGUATU,3.74
maio-19,GASOLINA COMUM,NORDESTE,CEARA,IGUATU,4.747
maio-19,ETANOL HIDRATADO,NORDESTE,CEARA,ITAPIPOCA,3.812
maio-19,GASOLINA COMUM,NORDESTE,CEARA,ITAPIPOCA,4.859
maio-19,ETANOL HIDRATADO,NORDESTE,CEARA,JUAZEIRO DO NORTE,3.745
maio-19,GASOLINA COMUM,NORDESTE,CEARA,JUAZEIRO DO NORTE,4.752
maio-19,ETANOL HIDRATADO,NORDESTE,CEARA,LIMOEIRO DO NORTE,3.65
maio-19,GASOLINA COMUM,NORDESTE,CEARA,LIMOEIRO DO NORTE,4.658
maio-19,ETANOL HIDRATADO,NORDESTE,CEARA,MARACANAU,3.769
maio-19,GASOLINA COMUM,NORDESTE,CEARA,MARACANAU,4.766
maio-19,ETANOL HIDRATADO,NORDESTE,CEARA,QUIXADA,3.708
maio-19,GASOLINA COMUM,NORDESTE,CEARA,QUIXADA,4.71
maio-19,ETANOL HIDRATADO,NORDESTE,CEARA,SOBRAL,3.772
maio-19,GASOLINA COMUM,NORDESTE,CEARA,SOBRAL,4.695
maio-19,ETANOL HIDRATADO,CENTRO OESTE,DISTRITO FEDERAL,BRASILIA,3.397
maio-19,GASOLINA COMUM,CENTRO OESTE,DISTRITO FEDERAL,BRASILIA,4.431
maio-19,ETANOL HIDRATADO,SUDESTE,ESPIRITO SANTO,ARACRUZ,3.853
maio-19,GASOLINA COMUM,SUDESTE,ESPIRITO SANTO,ARACRUZ,4.8
maio-19,ETANOL HIDRATADO,SUDESTE,ESPIRITO SANTO,CACHOEIRO DE ITAPEMIRIM,3.689
maio-19,GASOLINA COMUM,SUDESTE,ESPIRITO SANTO,CACHOEIRO DE ITAPEMIRIM,4.711
maio-19,ETANOL HIDRATADO,SUDESTE,ESPIRITO SANTO,CARIACICA,3.508
maio-19,GASOLINA COMUM,SUDESTE,ESPIRITO SANTO,CARIACICA,4.484
maio-19,ETANOL HIDRATADO,SUDESTE,ESPIRITO SANTO,COLATINA,3.982
maio-19,GASOLINA COMUM,SUDESTE,ESPIRITO SANTO,COLATINA,4.773
maio-19,ETANOL HIDRATADO,SUDESTE,ESPIRITO SANTO,GUARAPARI,3.745
maio-19,GASOLINA COMUM,SUDESTE,ESPIRITO SANTO,GUARAPARI,4.737
maio-19,ETANOL HIDRATADO,SUDESTE,ESPIRITO SANTO,LINHARES,3.652
maio-19,GASOLINA COMUM,SUDESTE,ESPIRITO SANTO,LINHARES,4.65
maio-19,ETANOL HIDRATADO,SUDESTE,ESPIRITO SANTO,SAO MATEUS,4.09
maio-19,GASOLINA COMUM,SUDESTE,ESPIRITO SANTO,SAO MATEUS,4.534
maio-19,ETANOL HIDRATADO,SUDESTE,ESPIRITO SANTO,SERRA,3.533
maio-19,GASOLINA COMUM,SUDESTE,ESPIRITO SANTO,SERRA,4.484
maio-19,ETANOL HIDRATADO,SUDESTE,ESPIRITO SANTO,VILA VELHA,3.569
maio-19,GASOLINA COMUM,SUDESTE,ESPIRITO SANTO,VILA VELHA,4.427
maio-19,ETANOL HIDRATADO,SUDESTE,ESPIRITO SANTO,VITORIA,3.504
maio-19,GASOLINA COMUM,SUDESTE,ESPIRITO SANTO,VITORIA,4.488
maio-19,ETANOL HIDRATADO,CENTRO OESTE,GOIAS,AGUAS LINDAS DE GOIAS,3.135
maio-19,GASOLINA COMUM,CENTRO OESTE,GOIAS,AGUAS LINDAS DE GOIAS,4.544
maio-19,ETANOL HIDRATADO,CENTRO OESTE,GOIAS,ANAPOLIS,3.017
maio-19,GASOLINA COMUM,CENTRO OESTE,GOIAS,ANAPOLIS,4.508
maio-19,ETANOL HIDRATADO,CENTRO OESTE,GOIAS,APARECIDA DE GOIANIA,3.275
maio-19,GASOLINA COMUM,CENTRO OESTE,GOIAS,APARECIDA DE GOIANIA,4.681
maio-19,ETANOL HIDRATADO,CENTRO OESTE,GOIAS,CALDAS NOVAS,3.139
maio-19,GASOLINA COMUM,CENTRO OESTE,GOIAS,CALDAS NOVAS,4.609
maio-19,ETANOL HIDRATADO,CENTRO OESTE,GOIAS,CATALAO,3.145
maio-19,GASOLINA COMUM,CENTRO OESTE,GOIAS,CATALAO,4.608
maio-19,ETANOL HIDRATADO,CENTRO OESTE,GOIAS,FORMOSA,3.15
maio-19,GASOLINA COMUM,CENTRO OESTE,GOIAS,FORMOSA,4.631
maio-19,ETANOL HIDRATADO,CENTRO OESTE,GOIAS,GOIANIA,3.242
maio-19,GASOLINA COMUM,CENTRO OESTE,GOIAS,GOIANIA,4.65
maio-19,ETANOL HIDRATADO,CENTRO OESTE,GOIAS,GOIATUBA,3.107
maio-19,GASOLINA COMUM,CENTRO OESTE,GOIAS,GOIATUBA,4.506
maio-19,ETANOL HIDRATADO,CENTRO OESTE,GOIAS,ITUMBIARA,3.147
maio-19,GASOLINA COMUM,CENTRO OESTE,GOIAS,ITUMBIARA,4.596
maio-19,ETANOL HIDRATADO,CENTRO OESTE,GOIAS,JATAI,3.331
maio-19,GASOLINA COMUM,CENTRO OESTE,GOIAS,JATAI,4.823
maio-19,ETANOL HIDRATADO,CENTRO OESTE,GOIAS,LUZIANIA,3.08
maio-19,GASOLINA COMUM,CENTRO OESTE,GOIAS,LUZIANIA,4.506
maio-19,ETANOL HIDRATADO,CENTRO OESTE,GOIAS,MINEIROS,3.097
maio-19,GASOLINA COMUM,CENTRO OESTE,GOIAS,MINEIROS,4.517
maio-19,ETANOL HIDRATADO,CENTRO OESTE,GOIAS,MORRINHOS,3.098
maio-19,GASOLINA COMUM,CENTRO OESTE,GOIAS,MORRINHOS,4.525
maio-19,ETANOL HIDRATADO,CENTRO OESTE,GOIAS,PORANGATU,3.148
maio-19,GASOLINA COMUM,CENTRO OESTE,GOIAS,PORANGATU,4.607
maio-19,ETANOL HIDRATADO,CENTRO OESTE,GOIAS,RIO VERDE,3.25
maio-19,GASOLINA COMUM,CENTRO OESTE,GOIAS,RIO VERDE,4.749
maio-19,ETANOL HIDRATADO,CENTRO OESTE,GOIAS,TRINDADE,3.179
maio-19,GASOLINA COMUM,CENTRO OESTE,GOIAS,TRINDADE,4.619
maio-19,ETANOL HIDRATADO,CENTRO OESTE,GOIAS,VALPARAISO DE GOIAS,2.968
maio-19,GASOLINA COMUM,CENTRO OESTE,GOIAS,VALPARAISO DE GOIAS,4.452
maio-19,ETANOL HIDRATADO,NORDESTE,MARANHAO,ACAILANDIA,3.613
maio-19,GASOLINA COMUM,NORDESTE,MARANHAO,ACAILANDIA,4.513
maio-19,ETANOL HIDRATADO,NORDESTE,MARANHAO,BACABAL,3.819
maio-19,GASOLINA COMUM,NORDESTE,MARANHAO,BACABAL,4.466
maio-19,ETANOL HIDRATADO,NORDESTE,MARANHAO,BALSAS,3.985
maio-19,GASOLINA COMUM,NORDESTE,MARANHAO,BALSAS,4.68
maio-19,GASOLINA COMUM,NORDESTE,MARANHAO,BARRA DO CORDA,4.69
maio-19,ETANOL HIDRATADO,NORDESTE,MARANHAO,CAXIAS,3.808
maio-19,GASOLINA COMUM,NORDESTE,MARANHAO,CAXIAS,4.527
maio-19,ETANOL HIDRATADO,NORDESTE,MARANHAO,CODO,3.923
maio-19,GASOLINA COMUM,NORDESTE,MARANHAO,CODO,4.882
maio-19,ETANOL HIDRATADO,NORDESTE,MARANHAO,IMPERATRIZ,3.761
maio-19,GASOLINA COMUM,NORDESTE,MARANHAO,IMPERATRIZ,4.434
maio-19,ETANOL HIDRATADO,NORDESTE,MARANHAO,PINHEIRO,3.887
maio-19,GASOLINA COMUM,NORDESTE,MARANHAO,PINHEIRO,4.538
maio-19,ETANOL HIDRATADO,NORDESTE,MARANHAO,PRESIDENTE DUTRA,3.399
maio-19,GASOLINA COMUM,NORDESTE,MARANHAO,PRESIDENTE DUTRA,4.542
maio-19,ETANOL HIDRATADO,NORDESTE,MARANHAO,SANTA INES,3.799
maio-19,GASOLINA COMUM,NORDESTE,MARANHAO,SANTA INES,4.629
maio-19,ETANOL HIDRATADO,NORDESTE,MARANHAO,SAO JOSE DE RIBAMAR,3.599
maio-19,GASOLINA COMUM,NORDESTE,MARANHAO,SAO JOSE DE RIBAMAR,4.373
maio-19,ETANOL HIDRATADO,NORDESTE,MARANHAO,SAO LUIS,3.599
maio-19,GASOLINA COMUM,NORDESTE,MARANHAO,SAO LUIS,4.364
maio-19,ETANOL HIDRATADO,CENTRO OESTE,MATO GROSSO,ALTA FLORESTA,2.846
maio-19,GASOLINA COMUM,CENTRO OESTE,MATO GROSSO,ALTA FLORESTA,4.977
maio-19,ETANOL HIDRATADO,CENTRO OESTE,MATO GROSSO,CACERES,2.713
maio-19,GASOLINA COMUM,CENTRO OESTE,MATO GROSSO,CACERES,4.572
maio-19,ETANOL HIDRATADO,CENTRO OESTE,MATO GROSSO,CUIABA,2.652
maio-19,GASOLINA COMUM,CENTRO OESTE,MATO GROSSO,CUIABA,4.442
maio-19,ETANOL HIDRATADO,CENTRO OESTE,MATO GROSSO,RONDONOPOLIS,2.761
maio-19,GASOLINA COMUM,CENTRO OESTE,MATO GROSSO,RONDONOPOLIS,4.494
maio-19,ETANOL HIDRATADO,CENTRO OESTE,MATO GROSSO,SINOP,2.911
maio-19,GASOLINA COMUM,CENTRO OESTE,MATO GROSSO,SINOP,4.672
maio-19,ETANOL HIDRATADO,CENTRO OESTE,MATO GROSSO,SORRISO,2.845
maio-19,GASOLINA COMUM,CENTRO OESTE,MATO GROSSO,SORRISO,4.72
maio-19,ETANOL HIDRATADO,CENTRO OESTE,MATO GROSSO,VARZEA GRANDE,2.679
maio-19,GASOLINA COMUM,CENTRO OESTE,MATO GROSSO,VARZEA GRANDE,4.405
maio-19,ETANOL HIDRATADO,CENTRO OESTE,MATO GROSSO DO SUL,CAMPO GRANDE,3.511
maio-19,GASOLINA COMUM,CENTRO OESTE,MATO GROSSO DO SUL,CAMPO GRANDE,4.154
maio-19,ETANOL HIDRATADO,CENTRO OESTE,MATO GROSSO DO SUL,CORUMBA,3.822
maio-19,GASOLINA COMUM,CENTRO OESTE,MATO GROSSO DO SUL,CORUMBA,4.643
maio-19,ETANOL HIDRATADO,CENTRO OESTE,MATO GROSSO DO SUL,COXIM,3.678
maio-19,GASOLINA COMUM,CENTRO OESTE,MATO GROSSO DO SUL,COXIM,4.559
maio-19,ETANOL HIDRATADO,CENTRO OESTE,MATO GROSSO DO SUL,DOURADOS,3.608
maio-19,GASOLINA COMUM,CENTRO OESTE,MATO GROSSO DO SUL,DOURADOS,4.339
maio-19,ETANOL HIDRATADO,CENTRO OESTE,MATO GROSSO DO SUL,NOVA ANDRADINA,3.667
maio-19,GASOLINA COMUM,CENTRO OESTE,MATO GROSSO DO SUL,NOVA ANDRADINA,4.477
maio-19,ETANOL HIDRATADO,CENTRO OESTE,MATO GROSSO DO SUL,PONTA PORA,3.707
maio-19,GASOLINA COMUM,CENTRO OESTE,MATO GROSSO DO SUL,PONTA PORA,4.492
maio-19,ETANOL HIDRATADO,CENTRO OESTE,MATO GROSSO DO SUL,TRES LAGOAS,3.766
maio-19,GASOLINA COMUM,CENTRO OESTE,MATO GROSSO DO SUL,TRES LAGOAS,4.439
maio-19,ETANOL HIDRATADO,SUDESTE,MINAS GERAIS,ALFENAS,3.429
maio-19,GASOLINA COMUM,SUDESTE,MINAS GERAIS,ALFENAS,4.969
maio-19,ETANOL HIDRATADO,SUDESTE,MINAS GERAIS,ARAGUARI,3.384
maio-19,GASOLINA COMUM,SUDESTE,MINAS GERAIS,ARAGUARI,4.775
maio-19,ETANOL HIDRATADO,SUDESTE,MINAS GERAIS,ARAXA,3.503
maio-19,GASOLINA COMUM,SUDESTE,MINAS GERAIS,ARAXA,4.958
maio-19,ETANOL HIDRATADO,SUDESTE,MINAS GERAIS,BARBACENA,3.465
maio-19,GASOLINA COMUM,SUDESTE,MINAS GERAIS,BARBACENA,4.928
maio-19,ETANOL HIDRATADO,SUDESTE,MINAS GERAIS,BELO HORIZONTE,3.308
maio-19,GASOLINA COMUM,SUDESTE,MINAS GERAIS,BELO HORIZONTE,4.746
maio-19,ETANOL HIDRATADO,SUDESTE,MINAS GERAIS,BETIM,3.248
maio-19,GASOLINA COMUM,SUDESTE,MINAS GERAIS,BETIM,4.633
maio-19,ETANOL HIDRATADO,SUDESTE,MINAS GERAIS,BOM DESPACHO,3.311
maio-19,GASOLINA COMUM,SUDESTE,MINAS GERAIS,BOM DESPACHO,4.758
maio-19,ETANOL HIDRATADO,SUDESTE,MINAS GERAIS,CAMPO BELO,3.532
maio-19,GASOLINA COMUM,SUDESTE,MINAS GERAIS,CAMPO BELO,4.911
maio-19,ETANOL HIDRATADO,SUDESTE,MINAS GERAIS,CARATINGA,3.413
maio-19,GASOLINA COMUM,SUDESTE,MINAS GERAIS,CARATINGA,4.897
maio-19,ETANOL HIDRATADO,SUDESTE,MINAS GERAIS,CONGONHAS,3.378
maio-19,GASOLINA COMUM,SUDESTE,MINAS GERAIS,CONGONHAS,4.832
maio-19,ETANOL HIDRATADO,SUDESTE,MINAS GERAIS,CONSELHEIRO LAFAIETE,3.557
maio-19,GASOLINA COMUM,SUDESTE,MINAS GERAIS,CONSELHEIRO LAFAIETE,4.949
maio-19,ETANOL HIDRATADO,SUDESTE,MINAS GERAIS,CONTAGEM,3.298
maio-19,GASOLINA COMUM,SUDESTE,MINAS GERAIS,CONTAGEM,4.672
maio-19,ETANOL HIDRATADO,SUDESTE,MINAS GERAIS,CORONEL FABRICIANO,3.443
maio-19,GASOLINA COMUM,SUDESTE,MINAS GERAIS,CORONEL FABRICIANO,4.826
maio-19,ETANOL HIDRATADO,SUDESTE,MINAS GERAIS,CURVELO,3.325
maio-19,GASOLINA COMUM,SUDESTE,MINAS GERAIS,CURVELO,4.813
maio-19,ETANOL HIDRATADO,SUDESTE,MINAS GERAIS,DIVINOPOLIS,3.36
maio-19,GASOLINA COMUM,SUDESTE,MINAS GERAIS,DIVINOPOLIS,4.792
maio-19,ETANOL HIDRATADO,SUDESTE,MINAS GERAIS,FORMIGA,3.473
maio-19,GASOLINA COMUM,SUDESTE,MINAS GERAIS,FORMIGA,4.903
maio-19,ETANOL HIDRATADO,SUDESTE,MINAS GERAIS,FRUTAL,3.188
maio-19,GASOLINA COMUM,SUDESTE,MINAS GERAIS,FRUTAL,4.909
maio-19,ETANOL HIDRATADO,SUDESTE,MINAS GERAIS,GOVERNADOR VALADARES,3.284
maio-19,GASOLINA COMUM,SUDESTE,MINAS GERAIS,GOVERNADOR VALADARES,4.907
maio-19,ETANOL HIDRATADO,SUDESTE,MINAS GERAIS,GUAXUPE,3.097
maio-19,GASOLINA COMUM,SUDESTE,MINAS GERAIS,GUAXUPE,4.719
maio-19,ETANOL HIDRATADO,SUDESTE,MINAS GERAIS,IPATINGA,3.314
maio-19,GASOLINA COMUM,SUDESTE,MINAS GERAIS,IPATINGA,4.835
maio-19,ETANOL HIDRATADO,SUDESTE,MINAS GERAIS,ITABIRA,3.675
maio-19,GASOLINA COMUM,SUDESTE,MINAS GERAIS,ITABIRA,4.975
maio-19,ETANOL HIDRATADO,SUDESTE,MINAS GERAIS,ITAJUBA,3.379
maio-19,GASOLINA COMUM,SUDESTE,MINAS GERAIS,ITAJUBA,4.899
maio-19,ETANOL HIDRATADO,SUDESTE,MINAS GERAIS,ITAUNA,3.343
maio-19,GASOLINA COMUM,SUDESTE,MINAS GERAIS,ITAUNA,4.796
maio-19,ETANOL HIDRATADO,SUDESTE,MINAS GERAIS,ITUIUTABA,3.269
maio-19,GASOLINA COMUM,SUDESTE,MINAS GERAIS,ITUIUTABA,4.941
maio-19,ETANOL HIDRATADO,SUDESTE,MINAS GERAIS,JANAUBA,3.209
maio-19,GASOLINA COMUM,SUDESTE,MINAS GERAIS,JANAUBA,4.973
maio-19,ETANOL HIDRATADO,SUDESTE,MINAS GERAIS,JANUARIA,3.253
maio-19,GASOLINA COMUM,SUDESTE,MINAS GERAIS,JANUARIA,4.95
maio-19,ETANOL HIDRATADO,SUDESTE,MINAS GERAIS,JOAO MONLEVADE,3.458
maio-19,GASOLINA COMUM,SUDESTE,MINAS GERAIS,JOAO MONLEVADE,4.808
maio-19,ETANOL HIDRATADO,SUDESTE,MINAS GERAIS,JOAO PINHEIRO,3.178
maio-19,GASOLINA COMUM,SUDESTE,MINAS GERAIS,JOAO PINHEIRO,4.92
maio-19,ETANOL HIDRATADO,SUDESTE,MINAS GERAIS,JUIZ DE FORA,3.356
maio-19,GASOLINA COMUM,SUDESTE,MINAS GERAIS,JUIZ DE FORA,4.765
maio-19,ETANOL HIDRATADO,SUDESTE,MINAS GERAIS,LAVRAS,3.539
maio-19,GASOLINA COMUM,SUDESTE,MINAS GERAIS,LAVRAS,4.878
maio-19,ETANOL HIDRATADO,SUDESTE,MINAS GERAIS,LEOPOLDINA,3.389
maio-19,GASOLINA COMUM,SUDESTE,MINAS GERAIS,LEOPOLDINA,4.939
maio-19,ETANOL HIDRATADO,SUDESTE,MINAS GERAIS,MANHUACU,3.377
maio-19,GASOLINA COMUM,SUDESTE,MINAS GERAIS,MANHUACU,4.842
maio-19,ETANOL HIDRATADO,SUDESTE,MINAS GERAIS,MONTE CARMELO,3.231
maio-19,GASOLINA COMUM,SUDESTE,MINAS GERAIS,MONTE CARMELO,4.814
maio-19,ETANOL HIDRATADO,SUDESTE,MINAS GERAIS,MONTES CLAROS,3.047
maio-19,GASOLINA COMUM,SUDESTE,MINAS GERAIS,MONTES CLAROS,4.76
maio-19,ETANOL HIDRATADO,SUDESTE,MINAS GERAIS,MURIAE,3.306
maio-19,GASOLINA COMUM,SUDESTE,MINAS GERAIS,MURIAE,4.761
maio-19,ETANOL HIDRATADO,SUDESTE,MINAS GERAIS,NOVA LIMA,3.39
maio-19,GASOLINA COMUM,SUDESTE,MINAS GERAIS,NOVA LIMA,4.905
maio-19,ETANOL HIDRATADO,SUDESTE,MINAS GERAIS,OLIVEIRA,3.389
maio-19,GASOLINA COMUM,SUDESTE,MINAS GERAIS,OLIVEIRA,4.833
maio-19,ETANOL HIDRATADO,SUDESTE,MINAS GERAIS,OURO PRETO,3.611
maio-19,GASOLINA COMUM,SUDESTE,MINAS GERAIS,OURO PRETO,4.919
maio-19,ETANOL HIDRATADO,SUDESTE,MINAS GERAIS,PARA DE MINAS,3.392
maio-19,GASOLINA COMUM,SUDESTE,MINAS GERAIS,PARA DE MINAS,4.87
maio-19,ETANOL HIDRATADO,SUDESTE,MINAS GERAIS,PARACATU,3.223
maio-19,GASOLINA COMUM,SUDESTE,MINAS GERAIS,PARACATU,4.909
maio-19,ETANOL HIDRATADO,SUDESTE,MINAS GERAIS,PASSOS,3.333
maio-19,GASOLINA COMUM,SUDESTE,MINAS GERAIS,PASSOS,5.004
maio-19,ETANOL HIDRATADO,SUDESTE,MINAS GERAIS,PATOS DE MINAS,3.459
maio-19,GASOLINA COMUM,SUDESTE,MINAS GERAIS,PATOS DE MINAS,4.967
maio-19,ETANOL HIDRATADO,SUDESTE,MINAS GERAIS,PATROCINIO,3.506
maio-19,GASOLINA COMUM,SUDESTE,MINAS GERAIS,PATROCINIO,4.934
maio-19,ETANOL HIDRATADO,SUDESTE,MINAS GERAIS,POCOS DE CALDAS,3.257
maio-19,GASOLINA COMUM,SUDESTE,MINAS GERAIS,POCOS DE CALDAS,4.755
maio-19,ETANOL HIDRATADO,SUDESTE,MINAS GERAIS,POUSO ALEGRE,3.336
maio-19,GASOLINA COMUM,SUDESTE,MINAS GERAIS,POUSO ALEGRE,4.896
maio-19,ETANOL HIDRATADO,SUDESTE,MINAS GERAIS,SABARA,3.392
maio-19,GASOLINA COMUM,SUDESTE,MINAS GERAIS,SABARA,4.794
maio-19,ETANOL HIDRATADO,SUDESTE,MINAS GERAIS,SAO JOAO DEL REI,3.505
maio-19,GASOLINA COMUM,SUDESTE,MINAS GERAIS,SAO JOAO DEL REI,4.913
maio-19,ETANOL HIDRATADO,SUDESTE,MINAS GERAIS,SAO SEBASTIAO DO PARAISO,3.38
maio-19,GASOLINA COMUM,SUDESTE,MINAS GERAIS,SAO SEBASTIAO DO PARAISO,5.054
maio-19,ETANOL HIDRATADO,SUDESTE,MINAS GERAIS,SETE LAGOAS,3.423
maio-19,GASOLINA COMUM,SUDESTE,MINAS GERAIS,SETE LAGOAS,4.794
maio-19,ETANOL HIDRATADO,SUDESTE,MINAS GERAIS,TEOFILO OTONI,3.499
maio-19,GASOLINA COMUM,SUDESTE,MINAS GERAIS,TEOFILO OTONI,4.929
maio-19,ETANOL HIDRATADO,SUDESTE,MINAS GERAIS,TIMOTEO,3.499
maio-19,GASOLINA COMUM,SUDESTE,MINAS GERAIS,TIMOTEO,4.84
maio-19,ETANOL HIDRATADO,SUDESTE,MINAS GERAIS,TRES CORACOES,3.564
maio-19,GASOLINA COMUM,SUDESTE,MINAS GERAIS,TRES CORACOES,4.964
maio-19,ETANOL HIDRATADO,SUDESTE,MINAS GERAIS,UBA,3.433
maio-19,GASOLINA COMUM,SUDESTE,MINAS GERAIS,UBA,4.868
maio-19,ETANOL HIDRATADO,SUDESTE,MINAS GERAIS,UBERABA,3.341
maio-19,GASOLINA COMUM,SUDESTE,MINAS GERAIS,UBERABA,4.943
maio-19,ETANOL HIDRATADO,SUDESTE,MINAS GERAIS,UBERLANDIA,3.264
maio-19,GASOLINA COMUM,SUDESTE,MINAS GERAIS,UBERLANDIA,4.832
maio-19,ETANOL HIDRATADO,SUDESTE,MINAS GERAIS,UNAI,3.305
maio-19,GASOLINA COMUM,SUDESTE,MINAS GERAIS,UNAI,5.139
maio-19,ETANOL HIDRATADO,SUDESTE,MINAS GERAIS,VARGINHA,3.355
maio-19,GASOLINA COMUM,SUDESTE,MINAS GERAIS,VARGINHA,4.835
maio-19,ETANOL HIDRATADO,SUDESTE,MINAS GERAIS,VICOSA,3.649
maio-19,GASOLINA COMUM,SUDESTE,MINAS GERAIS,VICOSA,5.079
maio-19,ETANOL HIDRATADO,NORTE,PARA,ABAETETUBA,4.75
maio-19,GASOLINA COMUM,NORTE,PARA,ABAETETUBA,5.233
maio-19,GASOLINA COMUM,NORTE,PARA,ALENQUER,4.81
maio-19,ETANOL HIDRATADO,NORTE,PARA,ALTAMIRA,3.999
maio-19,GASOLINA COMUM,NORTE,PARA,ALTAMIRA,5.076
maio-19,ETANOL HIDRATADO,NORTE,PARA,ANANINDEUA,3.55
maio-19,GASOLINA COMUM,NORTE,PARA,ANANINDEUA,4.224
maio-19,ETANOL HIDRATADO,NORTE,PARA,BELEM,3.857
maio-19,GASOLINA COMUM,NORTE,PARA,BELEM,4.451
maio-19,ETANOL HIDRATADO,NORTE,PARA,BRAGANCA,3.67
maio-19,GASOLINA COMUM,NORTE,PARA,BRAGANCA,4.478
maio-19,GASOLINA COMUM,NORTE,PARA,CAMETA,4.59
maio-19,ETANOL HIDRATADO,NORTE,PARA,CASTANHAL,3.883
maio-19,GASOLINA COMUM,NORTE,PARA,CASTANHAL,4.556
maio-19,ETANOL HIDRATADO,NORTE,PARA,CONCEICAO DO ARAGUAIA,3.95
maio-19,GASOLINA COMUM,NORTE,PARA,CONCEICAO DO ARAGUAIA,4.813
maio-19,ETANOL HIDRATADO,NORTE,PARA,ITAITUBA,4.15
maio-19,GASOLINA COMUM,NORTE,PARA,ITAITUBA,4.591
maio-19,ETANOL HIDRATADO,NORTE,PARA,MARABA,3.871
maio-19,GASOLINA COMUM,NORTE,PARA,MARABA,4.886
maio-19,ETANOL HIDRATADO,NORTE,PARA,PARAGOMINAS,4.149
maio-19,GASOLINA COMUM,NORTE,PARA,PARAGOMINAS,4.827
maio-19,ETANOL HIDRATADO,NORTE,PARA,PARAUAPEBAS,4.195
maio-19,GASOLINA COMUM,NORTE,PARA,PARAUAPEBAS,5.069
maio-19,ETANOL HIDRATADO,NORTE,PARA,REDENCAO,3.83
maio-19,GASOLINA COMUM,NORTE,PARA,REDENCAO,4.952
maio-19,ETANOL HIDRATADO,NORTE,PARA,SANTAREM,4.06
maio-19,GASOLINA COMUM,NORTE,PARA,SANTAREM,4.643
maio-19,ETANOL HIDRATADO,NORTE,PARA,XINGUARA,4
maio-19,GASOLINA COMUM,NORTE,PARA,XINGUARA,4.89
maio-19,ETANOL HIDRATADO,NORDESTE,PARAIBA,BAYEUX,3.358
maio-19,GASOLINA COMUM,NORDESTE,PARAIBA,BAYEUX,4.305
maio-19,ETANOL HIDRATADO,NORDESTE,PARAIBA,CABEDELO,3.492
maio-19,GASOLINA COMUM,NORDESTE,PARAIBA,CABEDELO,4.34
maio-19,ETANOL HIDRATADO,NORDESTE,PARAIBA,CAMPINA GRANDE,3.383
maio-19,GASOLINA COMUM,NORDESTE,PARAIBA,CAMPINA GRANDE,4.221
maio-19,ETANOL HIDRATADO,NORDESTE,PARAIBA,JOAO PESSOA,3.552
maio-19,GASOLINA COMUM,NORDESTE,PARAIBA,JOAO PESSOA,4.375
maio-19,ETANOL HIDRATADO,NORDESTE,PARAIBA,PATOS,3.564
maio-19,GASOLINA COMUM,NORDESTE,PARAIBA,PATOS,4.353
maio-19,ETANOL HIDRATADO,NORDESTE,PARAIBA,SOUSA,3.654
maio-19,GASOLINA COMUM,NORDESTE,PARAIBA,SOUSA,4.594
maio-19,ETANOL HIDRATADO,SUL,PARANA,APUCARANA,3.094
maio-19,GASOLINA COMUM,SUL,PARANA,APUCARANA,4.425
maio-19,ETANOL HIDRATADO,SUL,PARANA,ARAPONGAS,3.127
maio-19,GASOLINA COMUM,SUL,PARANA,ARAPONGAS,4.358
maio-19,ETANOL HIDRATADO,SUL,PARANA,ARAUCARIA,3.099
maio-19,GASOLINA COMUM,SUL,PARANA,ARAUCARIA,4.275
maio-19,ETANOL HIDRATADO,SUL,PARANA,ASSIS CHATEAUBRIAND,3.189
maio-19,GASOLINA COMUM,SUL,PARANA,ASSIS CHATEAUBRIAND,4.478
maio-19,ETANOL HIDRATADO,SUL,PARANA,CAMBE,3.05
maio-19,GASOLINA COMUM,SUL,PARANA,CAMBE,4.35
maio-19,ETANOL HIDRATADO,SUL,PARANA,CAMPO LARGO,3.242
maio-19,GASOLINA COMUM,SUL,PARANA,CAMPO LARGO,4.358
maio-19,ETANOL HIDRATADO,SUL,PARANA,CAMPO MOURAO,3.019
maio-19,GASOLINA COMUM,SUL,PARANA,CAMPO MOURAO,4.298
maio-19,ETANOL HIDRATADO,SUL,PARANA,CASCAVEL,3.233
maio-19,GASOLINA COMUM,SUL,PARANA,CASCAVEL,4.525
maio-19,ETANOL HIDRATADO,SUL,PARANA,CASTRO,3.257
maio-19,GASOLINA COMUM,SUL,PARANA,CASTRO,4.44
maio-19,ETANOL HIDRATADO,SUL,PARANA,CIANORTE,3.149
maio-19,GASOLINA COMUM,SUL,PARANA,CIANORTE,4.504
maio-19,ETANOL HIDRATADO,SUL,PARANA,COLOMBO,3.107
maio-19,GASOLINA COMUM,SUL,PARANA,COLOMBO,4.189
maio-19,ETANOL HIDRATADO,SUL,PARANA,CORNELIO PROCOPIO,3.163
maio-19,GASOLINA COMUM,SUL,PARANA,CORNELIO PROCOPIO,4.682
maio-19,ETANOL HIDRATADO,SUL,PARANA,CURITIBA,3.141
maio-19,GASOLINA COMUM,SUL,PARANA,CURITIBA,4.219
maio-19,ETANOL HIDRATADO,SUL,PARANA,FOZ DO IGUACU,3.187
maio-19,GASOLINA COMUM,SUL,PARANA,FOZ DO IGUACU,4.547
maio-19,ETANOL HIDRATADO,SUL,PARANA,FRANCISCO BELTRAO,3.379
maio-19,GASOLINA COMUM,SUL,PARANA,FRANCISCO BELTRAO,4.504
maio-19,ETANOL HIDRATADO,SUL,PARANA,GUARAPUAVA,3.228
maio-19,GASOLINA COMUM,SUL,PARANA,GUARAPUAVA,4.314
maio-19,ETANOL HIDRATADO,SUL,PARANA,LONDRINA,3.053
maio-19,GASOLINA COMUM,SUL,PARANA,LONDRINA,4.354
maio-19,ETANOL HIDRATADO,SUL,PARANA,MARECHAL CANDIDO RONDON,3.18
maio-19,GASOLINA COMUM,SUL,PARANA,MARECHAL CANDIDO RONDON,4.517
maio-19,ETANOL HIDRATADO,SUL,PARANA,MARINGA,3.375
maio-19,GASOLINA COMUM,SUL,PARANA,MARINGA,4.683
maio-19,ETANOL HIDRATADO,SUL,PARANA,PARANAGUA,3.261
maio-19,GASOLINA COMUM,SUL,PARANA,PARANAGUA,4.364
maio-19,ETANOL HIDRATADO,SUL,PARANA,PARANAVAI,3.144
maio-19,GASOLINA COMUM,SUL,PARANA,PARANAVAI,4.387
maio-19,ETANOL HIDRATADO,SUL,PARANA,PATO BRANCO,3.285
maio-19,GASOLINA COMUM,SUL,PARANA,PATO BRANCO,4.489
maio-19,ETANOL HIDRATADO,SUL,PARANA,PINHAIS,3.138
maio-19,GASOLINA COMUM,SUL,PARANA,PINHAIS,4.221
maio-19,ETANOL HIDRATADO,SUL,PARANA,PONTA GROSSA,3.238
maio-19,GASOLINA COMUM,SUL,PARANA,PONTA GROSSA,4.422
maio-19,ETANOL HIDRATADO,SUL,PARANA,SANTO ANTONIO DA PLATINA,3.264
maio-19,GASOLINA COMUM,SUL,PARANA,SANTO ANTONIO DA PLATINA,4.448
maio-19,ETANOL HIDRATADO,SUL,PARANA,SAO JOSE DOS PINHAIS,3.15
maio-19,GASOLINA COMUM,SUL,PARANA,SAO JOSE DOS PINHAIS,4.217
maio-19,ETANOL HIDRATADO,SUL,PARANA,TOLEDO,3.227
maio-19,GASOLINA COMUM,SUL,PARANA,TOLEDO,4.471
maio-19,ETANOL HIDRATADO,SUL,PARANA,UMUARAMA,3.236
maio-19,GASOLINA COMUM,SUL,PARANA,UMUARAMA,4.573
maio-19,ETANOL HIDRATADO,SUL,PARANA,UNIAO DA VITORIA,3.426
maio-19,GASOLINA COMUM,SUL,PARANA,UNIAO DA VITORIA,4.53
maio-19,ETANOL HIDRATADO,NORDESTE,PERNAMBUCO,ARARIPINA,3.745
maio-19,GASOLINA COMUM,NORDESTE,PERNAMBUCO,ARARIPINA,4.892
maio-19,ETANOL HIDRATADO,NORDESTE,PERNAMBUCO,ARCOVERDE,3.648
maio-19,GASOLINA COMUM,NORDESTE,PERNAMBUCO,ARCOVERDE,4.525
maio-19,ETANOL HIDRATADO,NORDESTE,PERNAMBUCO,BELO JARDIM,3.661
maio-19,GASOLINA COMUM,NORDESTE,PERNAMBUCO,BELO JARDIM,4.479
maio-19,ETANOL HIDRATADO,NORDESTE,PERNAMBUCO,CABO DE SANTO AGOSTINHO,3.61
maio-19,GASOLINA COMUM,NORDESTE,PERNAMBUCO,CABO DE SANTO AGOSTINHO,4.408
maio-19,ETANOL HIDRATADO,NORDESTE,PERNAMBUCO,CARUARU,3.497
maio-19,GASOLINA COMUM,NORDESTE,PERNAMBUCO,CARUARU,4.367
maio-19,ETANOL HIDRATADO,NORDESTE,PERNAMBUCO,GARANHUNS,3.587
maio-19,GASOLINA COMUM,NORDESTE,PERNAMBUCO,GARANHUNS,4.494
maio-19,ETANOL HIDRATADO,NORDESTE,PERNAMBUCO,GOIANA,3.547
maio-19,GASOLINA COMUM,NORDESTE,PERNAMBUCO,GOIANA,4.412
maio-19,ETANOL HIDRATADO,NORDESTE,PERNAMBUCO,IGARASSU,3.625
maio-19,GASOLINA COMUM,NORDESTE,PERNAMBUCO,IGARASSU,4.312
maio-19,ETANOL HIDRATADO,NORDESTE,PERNAMBUCO,JABOATAO DOS GUARARAPES,3.559
maio-19,GASOLINA COMUM,NORDESTE,PERNAMBUCO,JABOATAO DOS GUARARAPES,4.37
maio-19,ETANOL HIDRATADO,NORDESTE,PERNAMBUCO,LAJEDO,3.62
maio-19,GASOLINA COMUM,NORDESTE,PERNAMBUCO,LAJEDO,4.345
maio-19,ETANOL HIDRATADO,NORDESTE,PERNAMBUCO,OLINDA,3.531
maio-19,GASOLINA COMUM,NORDESTE,PERNAMBUCO,OLINDA,4.27
maio-19,ETANOL HIDRATADO,NORDESTE,PERNAMBUCO,PAULISTA,3.48
maio-19,GASOLINA COMUM,NORDESTE,PERNAMBUCO,PAULISTA,4.296
maio-19,ETANOL HIDRATADO,NORDESTE,PERNAMBUCO,PETROLINA,3.878
maio-19,GASOLINA COMUM,NORDESTE,PERNAMBUCO,PETROLINA,4.91
maio-19,ETANOL HIDRATADO,NORDESTE,PERNAMBUCO,RECIFE,3.676
maio-19,GASOLINA COMUM,NORDESTE,PERNAMBUCO,RECIFE,4.404
maio-19,ETANOL HIDRATADO,NORDESTE,PERNAMBUCO,SALGUEIRO,3.629
maio-19,GASOLINA COMUM,NORDESTE,PERNAMBUCO,SALGUEIRO,4.869
maio-19,ETANOL HIDRATADO,NORDESTE,PERNAMBUCO,SANTA CRUZ DO CAPIBARIBE,3.627
maio-19,GASOLINA COMUM,NORDESTE,PERNAMBUCO,SANTA CRUZ DO CAPIBARIBE,4.47
maio-19,ETANOL HIDRATADO,NORDESTE,PERNAMBUCO,SERRA TALHADA,3.64
maio-19,GASOLINA COMUM,NORDESTE,PERNAMBUCO,SERRA TALHADA,4.475
maio-19,ETANOL HIDRATADO,NORDESTE,PERNAMBUCO,VITORIA DE SANTO ANTAO,3.538
maio-19,GASOLINA COMUM,NORDESTE,PERNAMBUCO,VITORIA DE SANTO ANTAO,4.369
maio-19,ETANOL HIDRATADO,NORDESTE,PIAUI,PARNAIBA,3.749
maio-19,GASOLINA COMUM,NORDESTE,PIAUI,PARNAIBA,4.773
maio-19,ETANOL HIDRATADO,NORDESTE,PIAUI,PICOS,3.624
maio-19,GASOLINA COMUM,NORDESTE,PIAUI,PICOS,4.701
maio-19,ETANOL HIDRATADO,NORDESTE,PIAUI,PIRIPIRI,3.61
maio-19,GASOLINA COMUM,NORDESTE,PIAUI,PIRIPIRI,4.732
maio-19,ETANOL HIDRATADO,NORDESTE,PIAUI,TERESINA,3.813
maio-19,GASOLINA COMUM,NORDESTE,PIAUI,TERESINA,4.87
maio-19,ETANOL HIDRATADO,SUDESTE,RIO DE JANEIRO,ANGRA DOS REIS,4.404
maio-19,GASOLINA COMUM,SUDESTE,RIO DE JANEIRO,ANGRA DOS REIS,5.261
maio-19,ETANOL HIDRATADO,SUDESTE,RIO DE JANEIRO,ARARUAMA,4.034
maio-19,GASOLINA COMUM,SUDESTE,RIO DE JANEIRO,ARARUAMA,4.884
maio-19,ETANOL HIDRATADO,SUDESTE,RIO DE JANEIRO,BARRA DO PIRAI,4.267
maio-19,GASOLINA COMUM,SUDESTE,RIO DE JANEIRO,BARRA DO PIRAI,5.155
maio-19,ETANOL HIDRATADO,SUDESTE,RIO DE JANEIRO,BARRA MANSA,4.167
maio-19,GASOLINA COMUM,SUDESTE,RIO DE JANEIRO,BARRA MANSA,5.046
maio-19,ETANOL HIDRATADO,SUDESTE,RIO DE JANEIRO,BELFORD ROXO,3.671
maio-19,GASOLINA COMUM,SUDESTE,RIO DE JANEIRO,BELFORD ROXO,4.752
maio-19,ETANOL HIDRATADO,SUDESTE,RIO DE JANEIRO,CABO FRIO,4.41
maio-19,GASOLINA COMUM,SUDESTE,RIO DE JANEIRO,CABO FRIO,5.127
maio-19,ETANOL HIDRATADO,SUDESTE,RIO DE JANEIRO,CAMPOS DOS GOYTACAZES,3.992
maio-19,GASOLINA COMUM,SUDESTE,RIO DE JANEIRO,CAMPOS DOS GOYTACAZES,5.019
maio-19,ETANOL HIDRATADO,SUDESTE,RIO DE JANEIRO,DUQUE DE CAXIAS,4.075
maio-19,GASOLINA COMUM,SUDESTE,RIO DE JANEIRO,DUQUE DE CAXIAS,4.945
maio-19,ETANOL HIDRATADO,SUDESTE,RIO DE JANEIRO,ITABORAI,4.017
maio-19,GASOLINA COMUM,SUDESTE,RIO DE JANEIRO,ITABORAI,4.958
maio-19,ETANOL HIDRATADO,SUDESTE,RIO DE JANEIRO,ITAGUAI,4.028
maio-19,GASOLINA COMUM,SUDESTE,RIO DE JANEIRO,ITAGUAI,4.885
maio-19,ETANOL HIDRATADO,SUDESTE,RIO DE JANEIRO,ITAPERUNA,4.026
maio-19,GASOLINA COMUM,SUDESTE,RIO DE JANEIRO,ITAPERUNA,5.019
maio-19,ETANOL HIDRATADO,SUDESTE,RIO DE JANEIRO,MACAE,4.237
maio-19,GASOLINA COMUM,SUDESTE,RIO DE JANEIRO,MACAE,5.032
maio-19,ETANOL HIDRATADO,SUDESTE,RIO DE JANEIRO,MAGE,3.875
maio-19,GASOLINA COMUM,SUDESTE,RIO DE JANEIRO,MAGE,4.85
maio-19,ETANOL HIDRATADO,SUDESTE,RIO DE JANEIRO,MARICA,4.231
maio-19,GASOLINA COMUM,SUDESTE,RIO DE JANEIRO,MARICA,4.999
maio-19,ETANOL HIDRATADO,SUDESTE,RIO DE JANEIRO,NILOPOLIS,3.902
maio-19,GASOLINA COMUM,SUDESTE,RIO DE JANEIRO,NILOPOLIS,4.849
maio-19,ETANOL HIDRATADO,SUDESTE,RIO DE JANEIRO,NITEROI,4.109
maio-19,GASOLINA COMUM,SUDESTE,RIO DE JANEIRO,NITEROI,4.997
maio-19,ETANOL HIDRATADO,SUDESTE,RIO DE JANEIRO,NOVA FRIBURGO,3.682
maio-19,GASOLINA COMUM,SUDESTE,RIO DE JANEIRO,NOVA FRIBURGO,4.779
maio-19,ETANOL HIDRATADO,SUDESTE,RIO DE JANEIRO,NOVA IGUACU,3.972
maio-19,GASOLINA COMUM,SUDESTE,RIO DE JANEIRO,NOVA IGUACU,4.95
maio-19,ETANOL HIDRATADO,SUDESTE,RIO DE JANEIRO,PETROPOLIS,4.05
maio-19,GASOLINA COMUM,SUDESTE,RIO DE JANEIRO,PETROPOLIS,5.018
maio-19,ETANOL HIDRATADO,SUDESTE,RIO DE JANEIRO,RESENDE,4.35
maio-19,GASOLINA COMUM,SUDESTE,RIO DE JANEIRO,RESENDE,4.992
maio-19,ETANOL HIDRATADO,SUDESTE,RIO DE JANEIRO,RIO BONITO,3.846
maio-19,GASOLINA COMUM,SUDESTE,RIO DE JANEIRO,RIO BONITO,4.845
maio-19,ETANOL HIDRATADO,SUDESTE,RIO DE JANEIRO,RIO DE JANEIRO,4.211
maio-19,GASOLINA COMUM,SUDESTE,RIO DE JANEIRO,RIO DE JANEIRO,5.024
maio-19,ETANOL HIDRATADO,SUDESTE,RIO DE JANEIRO,SANTO ANTONIO DE PADUA,3.669
maio-19,GASOLINA COMUM,SUDESTE,RIO DE JANEIRO,SANTO ANTONIO DE PADUA,4.899
maio-19,ETANOL HIDRATADO,SUDESTE,RIO DE JANEIRO,SAO FRANCISCO DE ITABAPOANA,4.1
maio-19,GASOLINA COMUM,SUDESTE,RIO DE JANEIRO,SAO FRANCISCO DE ITABAPOANA,5.048
maio-19,ETANOL HIDRATADO,SUDESTE,RIO DE JANEIRO,SAO GONCALO,3.97
maio-19,GASOLINA COMUM,SUDESTE,RIO DE JANEIRO,SAO GONCALO,4.893
maio-19,ETANOL HIDRATADO,SUDESTE,RIO DE JANEIRO,SAO JOAO DE MERITI,3.725
maio-19,GASOLINA COMUM,SUDESTE,RIO DE JANEIRO,SAO JOAO DE MERITI,4.73
maio-19,ETANOL HIDRATADO,SUDESTE,RIO DE JANEIRO,SAPUCAIA,4.07
maio-19,GASOLINA COMUM,SUDESTE,RIO DE JANEIRO,SAPUCAIA,4.928
maio-19,ETANOL HIDRATADO,SUDESTE,RIO DE JANEIRO,SAQUAREMA,4.049
maio-19,GASOLINA COMUM,SUDESTE,RIO DE JANEIRO,SAQUAREMA,5.085
maio-19,ETANOL HIDRATADO,SUDESTE,RIO DE JANEIRO,TERESOPOLIS,3.882
maio-19,GASOLINA COMUM,SUDESTE,RIO DE JANEIRO,TERESOPOLIS,4.881
maio-19,ETANOL HIDRATADO,SUDESTE,RIO DE JANEIRO,TRES RIOS,4.112
maio-19,GASOLINA COMUM,SUDESTE,RIO DE JANEIRO,TRES RIOS,5.03
maio-19,ETANOL HIDRATADO,SUDESTE,RIO DE JANEIRO,VALENCA,4.217
maio-19,GASOLINA COMUM,SUDESTE,RIO DE JANEIRO,VALENCA,5.118
maio-19,ETANOL HIDRATADO,SUDESTE,RIO DE JANEIRO,VOLTA REDONDA,4.281
maio-19,GASOLINA COMUM,SUDESTE,RIO DE JANEIRO,VOLTA REDONDA,5.087
maio-19,ETANOL HIDRATADO,NORDESTE,RIO GRANDE DO NORTE,CAICO,3.535
maio-19,GASOLINA COMUM,NORDESTE,RIO GRANDE DO NORTE,CAICO,4.423
maio-19,ETANOL HIDRATADO,NORDESTE,RIO GRANDE DO NORTE,MOSSORO,3.511
maio-19,GASOLINA COMUM,NORDESTE,RIO GRANDE DO NORTE,MOSSORO,4.558
maio-19,ETANOL HIDRATADO,NORDESTE,RIO GRANDE DO NORTE,NATAL,3.667
maio-19,GASOLINA COMUM,NORDESTE,RIO GRANDE DO NORTE,NATAL,4.642
maio-19,ETANOL HIDRATADO,NORDESTE,RIO GRANDE DO NORTE,PARNAMIRIM,3.681
maio-19,GASOLINA COMUM,NORDESTE,RIO GRANDE DO NORTE,PARNAMIRIM,4.651
maio-19,ETANOL HIDRATADO,SUL,RIO GRANDE DO SUL,ALEGRETE,4.16
maio-19,GASOLINA COMUM,SUL,RIO GRANDE DO SUL,ALEGRETE,4.928
maio-19,ETANOL HIDRATADO,SUL,RIO GRANDE DO SUL,ALVORADA,4.299
maio-19,GASOLINA COMUM,SUL,RIO GRANDE DO SUL,ALVORADA,4.917
maio-19,ETANOL HIDRATADO,SUL,RIO GRANDE DO SUL,BAGE,4.615
maio-19,GASOLINA COMUM,SUL,RIO GRANDE DO SUL,BAGE,5.285
maio-19,ETANOL HIDRATADO,SUL,RIO GRANDE DO SUL,BENTO GONCALVES,4.117
maio-19,GASOLINA COMUM,SUL,RIO GRANDE DO SUL,BENTO GONCALVES,4.751
maio-19,ETANOL HIDRATADO,SUL,RIO GRANDE DO SUL,CACHOEIRA DO SUL,4.133
maio-19,GASOLINA COMUM,SUL,RIO GRANDE DO SUL,CACHOEIRA DO SUL,4.806
maio-19,ETANOL HIDRATADO,SUL,RIO GRANDE DO SUL,CACHOEIRINHA,4.199
maio-19,GASOLINA COMUM,SUL,RIO GRANDE DO SUL,CACHOEIRINHA,4.779
maio-19,ETANOL HIDRATADO,SUL,RIO GRANDE DO SUL,CANOAS,4.268
maio-19,GASOLINA COMUM,SUL,RIO GRANDE DO SUL,CANOAS,4.668
maio-19,ETANOL HIDRATADO,SUL,RIO GRANDE DO SUL,CAXIAS DO SUL,4.374
maio-19,GASOLINA COMUM,SUL,RIO GRANDE DO SUL,CAXIAS DO SUL,4.84
maio-19,ETANOL HIDRATADO,SUL,RIO GRANDE DO SUL,CRUZ ALTA,4.146
maio-19,GASOLINA COMUM,SUL,RIO GRANDE DO SUL,CRUZ ALTA,4.874
maio-19,ETANOL HIDRATADO,SUL,RIO GRANDE DO SUL,ERECHIM,4.256
maio-19,GASOLINA COMUM,SUL,RIO GRANDE DO SUL,ERECHIM,4.788
maio-19,ETANOL HIDRATADO,SUL,RIO GRANDE DO SUL,ESTEIO,4.39
maio-19,GASOLINA COMUM,SUL,RIO GRANDE DO SUL,ESTEIO,4.58
maio-19,ETANOL HIDRATADO,SUL,RIO GRANDE DO SUL,GRAMADO,4.286
maio-19,GASOLINA COMUM,SUL,RIO GRANDE DO SUL,GRAMADO,4.938
maio-19,ETANOL HIDRATADO,SUL,RIO GRANDE DO SUL,GRAVATAI,4.121
maio-19,GASOLINA COMUM,SUL,RIO GRANDE DO SUL,GRAVATAI,4.723
maio-19,ETANOL HIDRATADO,SUL,RIO GRANDE DO SUL,GUAIBA,4.29
maio-19,GASOLINA COMUM,SUL,RIO GRANDE DO SUL,GUAIBA,4.767
maio-19,ETANOL HIDRATADO,SUL,RIO GRANDE DO SUL,IJUI,4.289
maio-19,GASOLINA COMUM,SUL,RIO GRANDE DO SUL,IJUI,4.779
maio-19,ETANOL HIDRATADO,SUL,RIO GRANDE DO SUL,LAJEADO,4.169
maio-19,GASOLINA COMUM,SUL,RIO GRANDE DO SUL,LAJEADO,4.752
maio-19,ETANOL HIDRATADO,SUL,RIO GRANDE DO SUL,NOVO HAMBURGO,4.039
maio-19,GASOLINA COMUM,SUL,RIO GRANDE DO SUL,NOVO HAMBURGO,4.668
maio-19,ETANOL HIDRATADO,SUL,RIO GRANDE DO SUL,OSORIO,4.299
maio-19,GASOLINA COMUM,SUL,RIO GRANDE DO SUL,OSORIO,4.746
maio-19,ETANOL HIDRATADO,SUL,RIO GRANDE DO SUL,PASSO FUNDO,4.259
maio-19,GASOLINA COMUM,SUL,RIO GRANDE DO SUL,PASSO FUNDO,4.562
maio-19,ETANOL HIDRATADO,SUL,RIO GRANDE DO SUL,PELOTAS,4.511
maio-19,GASOLINA COMUM,SUL,RIO GRANDE DO SUL,PELOTAS,4.922
maio-19,ETANOL HIDRATADO,SUL,RIO GRANDE DO SUL,PORTO ALEGRE,4.339
maio-19,GASOLINA COMUM,SUL,RIO GRANDE DO SUL,PORTO ALEGRE,4.814
maio-19,ETANOL HIDRATADO,SUL,RIO GRANDE DO SUL,RIO GRANDE,4.338
maio-19,GASOLINA COMUM,SUL,RIO GRANDE DO SUL,RIO GRANDE,4.833
maio-19,ETANOL HIDRATADO,SUL,RIO GRANDE DO SUL,SANTA CRUZ DO SUL,4.27
maio-19,GASOLINA COMUM,SUL,RIO GRANDE DO SUL,SANTA CRUZ DO SUL,4.777
maio-19,ETANOL HIDRATADO,SUL,RIO GRANDE DO SUL,SANTA MARIA,4.175
maio-19,GASOLINA COMUM,SUL,RIO GRANDE DO SUL,SANTA MARIA,4.748
maio-19,GASOLINA COMUM,SUL,RIO GRANDE DO SUL,SANTA ROSA,4.729
maio-19,ETANOL HIDRATADO,SUL,RIO GRANDE DO SUL,SANTANA DO LIVRAMENTO,4.294
maio-19,GASOLINA COMUM,SUL,RIO GRANDE DO SUL,SANTANA DO LIVRAMENTO,4.935
maio-19,ETANOL HIDRATADO,SUL,RIO GRANDE DO SUL,SANTO ANGELO,4.299
maio-19,GASOLINA COMUM,SUL,RIO GRANDE DO SUL,SANTO ANGELO,4.885
maio-19,ETANOL HIDRATADO,SUL,RIO GRANDE DO SUL,SAO GABRIEL,4.193
maio-19,GASOLINA COMUM,SUL,RIO GRANDE DO SUL,SAO GABRIEL,4.884
maio-19,ETANOL HIDRATADO,SUL,RIO GRANDE DO SUL,SAO LEOPOLDO,3.998
maio-19,GASOLINA COMUM,SUL,RIO GRANDE DO SUL,SAO LEOPOLDO,4.674
maio-19,ETANOL HIDRATADO,SUL,RIO GRANDE DO SUL,SAO LUIZ GONZAGA,4.05
maio-19,GASOLINA COMUM,SUL,RIO GRANDE DO SUL,SAO LUIZ GONZAGA,4.854
maio-19,ETANOL HIDRATADO,SUL,RIO GRANDE DO SUL,SAPIRANGA,4.18
maio-19,GASOLINA COMUM,SUL,RIO GRANDE DO SUL,SAPIRANGA,4.586
maio-19,ETANOL HIDRATADO,SUL,RIO GRANDE DO SUL,SAPUCAIA DO SUL,4.174
maio-19,GASOLINA COMUM,SUL,RIO GRANDE DO SUL,SAPUCAIA DO SUL,4.645
maio-19,ETANOL HIDRATADO,SUL,RIO GRANDE DO SUL,TORRES,4.435
maio-19,GASOLINA COMUM,SUL,RIO GRANDE DO SUL,TORRES,4.775
maio-19,GASOLINA COMUM,SUL,RIO GRANDE DO SUL,URUGUAIANA,4.975
maio-19,ETANOL HIDRATADO,SUL,RIO GRANDE DO SUL,VACARIA,4.403
maio-19,GASOLINA COMUM,SUL,RIO GRANDE DO SUL,VACARIA,4.969
maio-19,ETANOL HIDRATADO,SUL,RIO GRANDE DO SUL,VIAMAO,4.163
maio-19,GASOLINA COMUM,SUL,RIO GRANDE DO SUL,VIAMAO,4.804
maio-19,ETANOL HIDRATADO,NORTE,RONDONIA,ARIQUEMES,3.96
maio-19,GASOLINA COMUM,NORTE,RONDONIA,ARIQUEMES,4.718
maio-19,ETANOL HIDRATADO,NORTE,RONDONIA,CACOAL,4.17
maio-19,GASOLINA COMUM,NORTE,RONDONIA,CACOAL,4.801
maio-19,ETANOL HIDRATADO,NORTE,RONDONIA,JI-PARANA,4.069
maio-19,GASOLINA COMUM,NORTE,RONDONIA,JI-PARANA,4.684
maio-19,ETANOL HIDRATADO,NORTE,RONDONIA,PIMENTA BUENO,4.393
maio-19,GASOLINA COMUM,NORTE,RONDONIA,PIMENTA BUENO,4.912
maio-19,ETANOL HIDRATADO,NORTE,RONDONIA,PORTO VELHO,3.761
maio-19,GASOLINA COMUM,NORTE,RONDONIA,PORTO VELHO,4.686
maio-19,ETANOL HIDRATADO,NORTE,RONDONIA,VILHENA,3.933
maio-19,GASOLINA COMUM,NORTE,RONDONIA,VILHENA,4.674
maio-19,ETANOL HIDRATADO,NORTE,RORAIMA,BOA VISTA,3.733
maio-19,GASOLINA COMUM,NORTE,RORAIMA,BOA VISTA,4.282
maio-19,ETANOL HIDRATADO,SUL,SANTA CATARINA,ARARANGUA,3.671
maio-19,GASOLINA COMUM,SUL,SANTA CATARINA,ARARANGUA,4.298
maio-19,ETANOL HIDRATADO,SUL,SANTA CATARINA,BALNEARIO CAMBORIU,3.763
maio-19,GASOLINA COMUM,SUL,SANTA CATARINA,BALNEARIO CAMBORIU,4.247
maio-19,ETANOL HIDRATADO,SUL,SANTA CATARINA,BIGUACU,3.699
maio-19,GASOLINA COMUM,SUL,SANTA CATARINA,BIGUACU,4.296
maio-19,ETANOL HIDRATADO,SUL,SANTA CATARINA,BLUMENAU,3.532
maio-19,GASOLINA COMUM,SUL,SANTA CATARINA,BLUMENAU,4.153
maio-19,ETANOL HIDRATADO,SUL,SANTA CATARINA,BRUSQUE,3.661
maio-19,GASOLINA COMUM,SUL,SANTA CATARINA,BRUSQUE,4.265
maio-19,ETANOL HIDRATADO,SUL,SANTA CATARINA,CACADOR,3.838
maio-19,GASOLINA COMUM,SUL,SANTA CATARINA,CACADOR,4.332
maio-19,ETANOL HIDRATADO,SUL,SANTA CATARINA,CHAPECO,3.715
maio-19,GASOLINA COMUM,SUL,SANTA CATARINA,CHAPECO,4.296
maio-19,ETANOL HIDRATADO,SUL,SANTA CATARINA,CONCORDIA,3.91
maio-19,GASOLINA COMUM,SUL,SANTA CATARINA,CONCORDIA,4.453
maio-19,ETANOL HIDRATADO,SUL,SANTA CATARINA,CRICIUMA,3.578
maio-19,GASOLINA COMUM,SUL,SANTA CATARINA,CRICIUMA,4.202
maio-19,ETANOL HIDRATADO,SUL,SANTA CATARINA,FLORIANOPOLIS,3.809
maio-19,GASOLINA COMUM,SUL,SANTA CATARINA,FLORIANOPOLIS,4.409
maio-19,ETANOL HIDRATADO,SUL,SANTA CATARINA,ITAJAI,3.638
maio-19,GASOLINA COMUM,SUL,SANTA CATARINA,ITAJAI,4.145
maio-19,ETANOL HIDRATADO,SUL,SANTA CATARINA,JARAGUA DO SUL,3.555
maio-19,GASOLINA COMUM,SUL,SANTA CATARINA,JARAGUA DO SUL,4.198
maio-19,ETANOL HIDRATADO,SUL,SANTA CATARINA,JOINVILLE,3.582
maio-19,GASOLINA COMUM,SUL,SANTA CATARINA,JOINVILLE,4.066
maio-19,ETANOL HIDRATADO,SUL,SANTA CATARINA,LAGES,3.614
maio-19,GASOLINA COMUM,SUL,SANTA CATARINA,LAGES,4.343
maio-19,ETANOL HIDRATADO,SUL,SANTA CATARINA,LAGUNA,3.732
maio-19,GASOLINA COMUM,SUL,SANTA CATARINA,LAGUNA,4.265
maio-19,ETANOL HIDRATADO,SUL,SANTA CATARINA,MAFRA,3.593
maio-19,GASOLINA COMUM,SUL,SANTA CATARINA,MAFRA,4.284
maio-19,ETANOL HIDRATADO,SUL,SANTA CATARINA,PALHOCA,3.717
maio-19,GASOLINA COMUM,SUL,SANTA CATARINA,PALHOCA,4.298
maio-19,ETANOL HIDRATADO,SUL,SANTA CATARINA,SAO JOSE,3.681
maio-19,GASOLINA COMUM,SUL,SANTA CATARINA,SAO JOSE,4.291
maio-19,ETANOL HIDRATADO,SUL,SANTA CATARINA,TUBARAO,3.683
maio-19,GASOLINA COMUM,SUL,SANTA CATARINA,TUBARAO,4.354
maio-19,ETANOL HIDRATADO,SUL,SANTA CATARINA,VIDEIRA,3.637
maio-19,GASOLINA COMUM,SUL,SANTA CATARINA,VIDEIRA,4.305
maio-19,ETANOL HIDRATADO,SUL,SANTA CATARINA,XANXERE,3.455
maio-19,GASOLINA COMUM,SUL,SANTA CATARINA,XANXERE,4.247
maio-19,ETANOL HIDRATADO,SUDESTE,SAO PAULO,ADAMANTINA,2.753
maio-19,GASOLINA COMUM,SUDESTE,SAO PAULO,ADAMANTINA,4.224
maio-19,ETANOL HIDRATADO,SUDESTE,SAO PAULO,AMERICANA,2.906
maio-19,GASOLINA COMUM,SUDESTE,SAO PAULO,AMERICANA,4.196
maio-19,ETANOL HIDRATADO,SUDESTE,SAO PAULO,AMPARO,3.097
maio-19,GASOLINA COMUM,SUDESTE,SAO PAULO,AMPARO,4.34
maio-19,ETANOL HIDRATADO,SUDESTE,SAO PAULO,ARACATUBA,2.817
maio-19,GASOLINA COMUM,SUDESTE,SAO PAULO,ARACATUBA,4.339
maio-19,ETANOL HIDRATADO,SUDESTE,SAO PAULO,ARARAQUARA,3.029
maio-19,GASOLINA COMUM,SUDESTE,SAO PAULO,ARARAQUARA,4.356
maio-19,ETANOL HIDRATADO,SUDESTE,SAO PAULO,ARARAS,2.984
maio-19,GASOLINA COMUM,SUDESTE,SAO PAULO,ARARAS,4.273
maio-19,ETANOL HIDRATADO,SUDESTE,SAO PAULO,ASSIS,3.014
maio-19,GASOLINA COMUM,SUDESTE,SAO PAULO,ASSIS,4.382
maio-19,ETANOL HIDRATADO,SUDESTE,SAO PAULO,ATIBAIA,3.017
maio-19,GASOLINA COMUM,SUDESTE,SAO PAULO,ATIBAIA,4.351
maio-19,ETANOL HIDRATADO,SUDESTE,SAO PAULO,AVARE,3.103
maio-19,GASOLINA COMUM,SUDESTE,SAO PAULO,AVARE,4.407
maio-19,ETANOL HIDRATADO,SUDESTE,SAO PAULO,BARRETOS,2.889
maio-19,GASOLINA COMUM,SUDESTE,SAO PAULO,BARRETOS,4.332
maio-19,ETANOL HIDRATADO,SUDESTE,SAO PAULO,BARUERI,2.962
maio-19,GASOLINA COMUM,SUDESTE,SAO PAULO,BARUERI,4.183
maio-19,ETANOL HIDRATADO,SUDESTE,SAO PAULO,BAURU,2.822
maio-19,GASOLINA COMUM,SUDESTE,SAO PAULO,BAURU,4.208
maio-19,ETANOL HIDRATADO,SUDESTE,SAO PAULO,BEBEDOURO,2.994
maio-19,GASOLINA COMUM,SUDESTE,SAO PAULO,BEBEDOURO,4.502
maio-19,ETANOL HIDRATADO,SUDESTE,SAO PAULO,BIRIGUI,2.874
maio-19,GASOLINA COMUM,SUDESTE,SAO PAULO,BIRIGUI,4.327
maio-19,ETANOL HIDRATADO,SUDESTE,SAO PAULO,BOTUCATU,3.17
maio-19,GASOLINA COMUM,SUDESTE,SAO PAULO,BOTUCATU,4.479
maio-19,ETANOL HIDRATADO,SUDESTE,SAO PAULO,BRAGANCA PAULISTA,2.847
maio-19,GASOLINA COMUM,SUDESTE,SAO PAULO,BRAGANCA PAULISTA,4.171
maio-19,ETANOL HIDRATADO,SUDESTE,SAO PAULO,CACAPAVA,2.962
maio-19,GASOLINA COMUM,SUDESTE,SAO PAULO,CACAPAVA,4.221
maio-19,ETANOL HIDRATADO,SUDESTE,SAO PAULO,CAMPINAS,2.989
maio-19,GASOLINA COMUM,SUDESTE,SAO PAULO,CAMPINAS,4.235
maio-19,ETANOL HIDRATADO,SUDESTE,SAO PAULO,CARAGUATATUBA,3.287
maio-19,GASOLINA COMUM,SUDESTE,SAO PAULO,CARAGUATATUBA,4.513
maio-19,ETANOL HIDRATADO,SUDESTE,SAO PAULO,CARAPICUIBA,3.046
maio-19,GASOLINA COMUM,SUDESTE,SAO PAULO,CARAPICUIBA,4.258
maio-19,ETANOL HIDRATADO,SUDESTE,SAO PAULO,CATANDUVA,2.892
maio-19,GASOLINA COMUM,SUDESTE,SAO PAULO,CATANDUVA,4.337
maio-19,ETANOL HIDRATADO,SUDESTE,SAO PAULO,COSMOPOLIS,2.998
maio-19,GASOLINA COMUM,SUDESTE,SAO PAULO,COSMOPOLIS,4.221
maio-19,ETANOL HIDRATADO,SUDESTE,SAO PAULO,COTIA,2.944
maio-19,GASOLINA COMUM,SUDESTE,SAO PAULO,COTIA,4.26
maio-19,ETANOL HIDRATADO,SUDESTE,SAO PAULO,CRUZEIRO,2.969
maio-19,GASOLINA COMUM,SUDESTE,SAO PAULO,CRUZEIRO,4.227
maio-19,ETANOL HIDRATADO,SUDESTE,SAO PAULO,CUBATAO,3.382
maio-19,GASOLINA COMUM,SUDESTE,SAO PAULO,CUBATAO,4.62
maio-19,ETANOL HIDRATADO,SUDESTE,SAO PAULO,DIADEMA,3.012
maio-19,GASOLINA COMUM,SUDESTE,SAO PAULO,DIADEMA,4.249
maio-19,ETANOL HIDRATADO,SUDESTE,SAO PAULO,DRACENA,2.948
maio-19,GASOLINA COMUM,SUDESTE,SAO PAULO,DRACENA,4.491
maio-19,ETANOL HIDRATADO,SUDESTE,SAO PAULO,EMBU DAS ARTES,3.04
maio-19,GASOLINA COMUM,SUDESTE,SAO PAULO,EMBU DAS ARTES,4.243
maio-19,ETANOL HIDRATADO,SUDESTE,SAO PAULO,FRANCA,3.174
maio-19,GASOLINA COMUM,SUDESTE,SAO PAULO,FRANCA,4.474
maio-19,ETANOL HIDRATADO,SUDESTE,SAO PAULO,GARCA,3.025
maio-19,GASOLINA COMUM,SUDESTE,SAO PAULO,GARCA,4.383
maio-19,ETANOL HIDRATADO,SUDESTE,SAO PAULO,GUARATINGUETA,3.188
maio-19,GASOLINA COMUM,SUDESTE,SAO PAULO,GUARATINGUETA,4.246
maio-19,ETANOL HIDRATADO,SUDESTE,SAO PAULO,GUARUJA,3.153
maio-19,GASOLINA COMUM,SUDESTE,SAO PAULO,GUARUJA,4.594
maio-19,ETANOL HIDRATADO,SUDESTE,SAO PAULO,GUARULHOS,2.977
maio-19,GASOLINA COMUM,SUDESTE,SAO PAULO,GUARULHOS,4.137
maio-19,ETANOL HIDRATADO,SUDESTE,SAO PAULO,HORTOLANDIA,2.967
maio-19,GASOLINA COMUM,SUDESTE,SAO PAULO,HORTOLANDIA,4.105
maio-19,ETANOL HIDRATADO,SUDESTE,SAO PAULO,IBITINGA,2.908
maio-19,GASOLINA COMUM,SUDESTE,SAO PAULO,IBITINGA,4.338
maio-19,ETANOL HIDRATADO,SUDESTE,SAO PAULO,INDAIATUBA,3.021
maio-19,GASOLINA COMUM,SUDESTE,SAO PAULO,INDAIATUBA,4.277
maio-19,ETANOL HIDRATADO,SUDESTE,SAO PAULO,ITANHAEM,3.196
maio-19,GASOLINA COMUM,SUDESTE,SAO PAULO,ITANHAEM,4.459
maio-19,ETANOL HIDRATADO,SUDESTE,SAO PAULO,ITAPECERICA DA SERRA,2.966
maio-19,GASOLINA COMUM,SUDESTE,SAO PAULO,ITAPECERICA DA SERRA,4.334
maio-19,ETANOL HIDRATADO,SUDESTE,SAO PAULO,ITAPETININGA,3.102
maio-19,GASOLINA COMUM,SUDESTE,SAO PAULO,ITAPETININGA,4.348
maio-19,ETANOL HIDRATADO,SUDESTE,SAO PAULO,ITAPEVA,3.192
maio-19,GASOLINA COMUM,SUDESTE,SAO PAULO,ITAPEVA,4.41
maio-19,ETANOL HIDRATADO,SUDESTE,SAO PAULO,ITAPIRA,2.98
maio-19,GASOLINA COMUM,SUDESTE,SAO PAULO,ITAPIRA,4.267
maio-19,ETANOL HIDRATADO,SUDESTE,SAO PAULO,ITAPOLIS,2.981
maio-19,GASOLINA COMUM,SUDESTE,SAO PAULO,ITAPOLIS,4.372
maio-19,ETANOL HIDRATADO,SUDESTE,SAO PAULO,ITAQUAQUECETUBA,2.995
maio-19,GASOLINA COMUM,SUDESTE,SAO PAULO,ITAQUAQUECETUBA,4.187
maio-19,ETANOL HIDRATADO,SUDESTE,SAO PAULO,ITATIBA,2.946
maio-19,GASOLINA COMUM,SUDESTE,SAO PAULO,ITATIBA,4.24
maio-19,ETANOL HIDRATADO,SUDESTE,SAO PAULO,ITU,2.998
maio-19,GASOLINA COMUM,SUDESTE,SAO PAULO,ITU,4.241
maio-19,ETANOL HIDRATADO,SUDESTE,SAO PAULO,JABOTICABAL,2.898
maio-19,GASOLINA COMUM,SUDESTE,SAO PAULO,JABOTICABAL,4.3
maio-19,ETANOL HIDRATADO,SUDESTE,SAO PAULO,JACAREI,2.97
maio-19,GASOLINA COMUM,SUDESTE,SAO PAULO,JACAREI,4.134
maio-19,ETANOL HIDRATADO,SUDESTE,SAO PAULO,JALES,2.799
maio-19,GASOLINA COMUM,SUDESTE,SAO PAULO,JALES,4.204
maio-19,ETANOL HIDRATADO,SUDESTE,SAO PAULO,JAU,2.964
maio-19,GASOLINA COMUM,SUDESTE,SAO PAULO,JAU,4.358
maio-19,ETANOL HIDRATADO,SUDESTE,SAO PAULO,JOSE BONIFACIO,2.842
maio-19,GASOLINA COMUM,SUDESTE,SAO PAULO,JOSE BONIFACIO,4.208
maio-19,ETANOL HIDRATADO,SUDESTE,SAO PAULO,JUNDIAI,3.068
maio-19,GASOLINA COMUM,SUDESTE,SAO PAULO,JUNDIAI,4.294
maio-19,ETANOL HIDRATADO,SUDESTE,SAO PAULO,LEME,2.997
maio-19,GASOLINA COMUM,SUDESTE,SAO PAULO,LEME,4.233
maio-19,ETANOL HIDRATADO,SUDESTE,SAO PAULO,LIMEIRA,2.908
maio-19,GASOLINA COMUM,SUDESTE,SAO PAULO,LIMEIRA,4.278
maio-19,ETANOL HIDRATADO,SUDESTE,SAO PAULO,LINS,2.875
maio-19,GASOLINA COMUM,SUDESTE,SAO PAULO,LINS,4.307
maio-19,ETANOL HIDRATADO,SUDESTE,SAO PAULO,LORENA,3.074
maio-19,GASOLINA COMUM,SUDESTE,SAO PAULO,LORENA,4.234
maio-19,ETANOL HIDRATADO,SUDESTE,SAO PAULO,MARILIA,2.986
maio-19,GASOLINA COMUM,SUDESTE,SAO PAULO,MARILIA,4.408
maio-19,ETANOL HIDRATADO,SUDESTE,SAO PAULO,MATAO,2.95
maio-19,GASOLINA COMUM,SUDESTE,SAO PAULO,MATAO,4.262
maio-19,ETANOL HIDRATADO,SUDESTE,SAO PAULO,MAUA,3.047
maio-19,GASOLINA COMUM,SUDESTE,SAO PAULO,MAUA,4.25
maio-19,ETANOL HIDRATADO,SUDESTE,SAO PAULO,MIRASSOL,2.798
maio-19,GASOLINA COMUM,SUDESTE,SAO PAULO,MIRASSOL,4.232
maio-19,ETANOL HIDRATADO,SUDESTE,SAO PAULO,MOCOCA,2.984
maio-19,GASOLINA COMUM,SUDESTE,SAO PAULO,MOCOCA,4.239
maio-19,ETANOL HIDRATADO,SUDESTE,SAO PAULO,MOGI DAS CRUZES,2.941
maio-19,GASOLINA COMUM,SUDESTE,SAO PAULO,MOGI DAS CRUZES,4.241
maio-19,ETANOL HIDRATADO,SUDESTE,SAO PAULO,MOGI GUACU,3.021
maio-19,GASOLINA COMUM,SUDESTE,SAO PAULO,MOGI GUACU,4.271
maio-19,ETANOL HIDRATADO,SUDESTE,SAO PAULO,MOGI MIRIM,2.915
maio-19,GASOLINA COMUM,SUDESTE,SAO PAULO,MOGI MIRIM,4.24
maio-19,ETANOL HIDRATADO,SUDESTE,SAO PAULO,MONTE ALTO,2.957
maio-19,GASOLINA COMUM,SUDESTE,SAO PAULO,MONTE ALTO,4.403
maio-19,ETANOL HIDRATADO,SUDESTE,SAO PAULO,OLIMPIA,2.916
maio-19,GASOLINA COMUM,SUDESTE,SAO PAULO,OLIMPIA,4.41
maio-19,ETANOL HIDRATADO,SUDESTE,SAO PAULO,OSASCO,3.045
maio-19,GASOLINA COMUM,SUDESTE,SAO PAULO,OSASCO,4.276
maio-19,ETANOL HIDRATADO,SUDESTE,SAO PAULO,OURINHOS,2.991
maio-19,GASOLINA COMUM,SUDESTE,SAO PAULO,OURINHOS,4.374
maio-19,ETANOL HIDRATADO,SUDESTE,SAO PAULO,PARAGUACU PAULISTA,2.989
maio-19,GASOLINA COMUM,SUDESTE,SAO PAULO,PARAGUACU PAULISTA,4.453
maio-19,ETANOL HIDRATADO,SUDESTE,SAO PAULO,PAULINIA,2.946
maio-19,GASOLINA COMUM,SUDESTE,SAO PAULO,PAULINIA,4.168
maio-19,ETANOL HIDRATADO,SUDESTE,SAO PAULO,PINDAMONHANGABA,2.97
maio-19,GASOLINA COMUM,SUDESTE,SAO PAULO,PINDAMONHANGABA,4.185
maio-19,ETANOL HIDRATADO,SUDESTE,SAO PAULO,PIRACICABA,2.967
maio-19,GASOLINA COMUM,SUDESTE,SAO PAULO,PIRACICABA,4.336
maio-19,ETANOL HIDRATADO,SUDESTE,SAO PAULO,PIRASSUNUNGA,2.936
maio-19,GASOLINA COMUM,SUDESTE,SAO PAULO,PIRASSUNUNGA,4.234
maio-19,ETANOL HIDRATADO,SUDESTE,SAO PAULO,POA,2.949
maio-19,GASOLINA COMUM,SUDESTE,SAO PAULO,POA,4.099
maio-19,ETANOL HIDRATADO,SUDESTE,SAO PAULO,PORTO FERREIRA,2.902
maio-19,GASOLINA COMUM,SUDESTE,SAO PAULO,PORTO FERREIRA,4.339
maio-19,ETANOL HIDRATADO,SUDESTE,SAO PAULO,PRAIA GRANDE,3.127
maio-19,GASOLINA COMUM,SUDESTE,SAO PAULO,PRAIA GRANDE,4.324
maio-19,ETANOL HIDRATADO,SUDESTE,SAO PAULO,PRESIDENTE PRUDENTE,2.988
maio-19,GASOLINA COMUM,SUDESTE,SAO PAULO,PRESIDENTE PRUDENTE,4.447
maio-19,ETANOL HIDRATADO,SUDESTE,SAO PAULO,PRESIDENTE VENCESLAU,3.072
maio-19,GASOLINA COMUM,SUDESTE,SAO PAULO,PRESIDENTE VENCESLAU,4.399
maio-19,ETANOL HIDRATADO,SUDESTE,SAO PAULO,RIBEIRAO PIRES,3.028
maio-19,GASOLINA COMUM,SUDESTE,SAO PAULO,RIBEIRAO PIRES,4.309
maio-19,ETANOL HIDRATADO,SUDESTE,SAO PAULO,RIBEIRAO PRETO,2.908
maio-19,GASOLINA COMUM,SUDESTE,SAO PAULO,RIBEIRAO PRETO,4.314
maio-19,ETANOL HIDRATADO,SUDESTE,SAO PAULO,RIO CLARO,3.017
maio-19,GASOLINA COMUM,SUDESTE,SAO PAULO,RIO CLARO,4.295
maio-19,ETANOL HIDRATADO,SUDESTE,SAO PAULO,SALTO,3.017
maio-19,GASOLINA COMUM,SUDESTE,SAO PAULO,SALTO,4.262
maio-19,ETANOL HIDRATADO,SUDESTE,SAO PAULO,SANTA BARBARA D'OESTE,2.973
maio-19,GASOLINA COMUM,SUDESTE,SAO PAULO,SANTA BARBARA D'OESTE,4.153
maio-19,ETANOL HIDRATADO,SUDESTE,SAO PAULO,SANTA CRUZ DO RIO PARDO,3.075
maio-19,GASOLINA COMUM,SUDESTE,SAO PAULO,SANTA CRUZ DO RIO PARDO,4.442
maio-19,ETANOL HIDRATADO,SUDESTE,SAO PAULO,SANTO ANDRE,2.934
maio-19,GASOLINA COMUM,SUDESTE,SAO PAULO,SANTO ANDRE,4.167
maio-19,ETANOL HIDRATADO,SUDESTE,SAO PAULO,SANTOS,3.128
maio-19,GASOLINA COMUM,SUDESTE,SAO PAULO,SANTOS,4.273
maio-19,ETANOL HIDRATADO,SUDESTE,SAO PAULO,SAO BERNARDO DO CAMPO,2.983
maio-19,GASOLINA COMUM,SUDESTE,SAO PAULO,SAO BERNARDO DO CAMPO,4.276
maio-19,ETANOL HIDRATADO,SUDESTE,SAO PAULO,SAO CAETANO DO SUL,3.063
maio-19,GASOLINA COMUM,SUDESTE,SAO PAULO,SAO CAETANO DO SUL,4.407
maio-19,ETANOL HIDRATADO,SUDESTE,SAO PAULO,SAO CARLOS,2.914
maio-19,GASOLINA COMUM,SUDESTE,SAO PAULO,SAO CARLOS,4.311
maio-19,ETANOL HIDRATADO,SUDESTE,SAO PAULO,SAO JOAO DA BOA VISTA,2.996
maio-19,GASOLINA COMUM,SUDESTE,SAO PAULO,SAO JOAO DA BOA VISTA,4.142
maio-19,ETANOL HIDRATADO,SUDESTE,SAO PAULO,SAO JOSE DO RIO PRETO,2.818
maio-19,GASOLINA COMUM,SUDESTE,SAO PAULO,SAO JOSE DO RIO PRETO,4.325
maio-19,ETANOL HIDRATADO,SUDESTE,SAO PAULO,SAO JOSE DOS CAMPOS,2.976
maio-19,GASOLINA COMUM,SUDESTE,SAO PAULO,SAO JOSE DOS CAMPOS,4.132
maio-19,ETANOL HIDRATADO,SUDESTE,SAO PAULO,SAO PAULO,2.882
maio-19,GASOLINA COMUM,SUDESTE,SAO PAULO,SAO PAULO,4.121
maio-19,ETANOL HIDRATADO,SUDESTE,SAO PAULO,SAO ROQUE,3.1
maio-19,GASOLINA COMUM,SUDESTE,SAO PAULO,SAO ROQUE,4.336
maio-19,ETANOL HIDRATADO,SUDESTE,SAO PAULO,SAO VICENTE,3.102
maio-19,GASOLINA COMUM,SUDESTE,SAO PAULO,SAO VICENTE,4.42
maio-19,ETANOL HIDRATADO,SUDESTE,SAO PAULO,SERTAOZINHO,2.966
maio-19,GASOLINA COMUM,SUDESTE,SAO PAULO,SERTAOZINHO,4.326
maio-19,ETANOL HIDRATADO,SUDESTE,SAO PAULO,SOROCABA,2.89
maio-19,GASOLINA COMUM,SUDESTE,SAO PAULO,SOROCABA,4.17
maio-19,ETANOL HIDRATADO,SUDESTE,SAO PAULO,SUMARE,2.96
maio-19,GASOLINA COMUM,SUDESTE,SAO PAULO,SUMARE,4.158
maio-19,ETANOL HIDRATADO,SUDESTE,SAO PAULO,SUZANO,2.958
maio-19,GASOLINA COMUM,SUDESTE,SAO PAULO,SUZANO,4.18
maio-19,ETANOL HIDRATADO,SUDESTE,SAO PAULO,TABOAO DA SERRA,2.988
maio-19,GASOLINA COMUM,SUDESTE,SAO PAULO,TABOAO DA SERRA,4.16
maio-19,ETANOL HIDRATADO,SUDESTE,SAO PAULO,TATUI,2.929
maio-19,GASOLINA COMUM,SUDESTE,SAO PAULO,TATUI,4.189
maio-19,ETANOL HIDRATADO,SUDESTE,SAO PAULO,TAUBATE,2.999
maio-19,GASOLINA COMUM,SUDESTE,SAO PAULO,TAUBATE,4.205
maio-19,ETANOL HIDRATADO,SUDESTE,SAO PAULO,TUPA,3.078
maio-19,GASOLINA COMUM,SUDESTE,SAO PAULO,TUPA,4.365
maio-19,ETANOL HIDRATADO,SUDESTE,SAO PAULO,UBATUBA,3.121
maio-19,GASOLINA COMUM,SUDESTE,SAO PAULO,UBATUBA,4.421
maio-19,ETANOL HIDRATADO,SUDESTE,SAO PAULO,VALINHOS,2.931
maio-19,GASOLINA COMUM,SUDESTE,SAO PAULO,VALINHOS,4.166
maio-19,ETANOL HIDRATADO,SUDESTE,SAO PAULO,VARZEA PAULISTA,3.011
maio-19,GASOLINA COMUM,SUDESTE,SAO PAULO,VARZEA PAULISTA,4.17
maio-19,ETANOL HIDRATADO,SUDESTE,SAO PAULO,VINHEDO,2.913
maio-19,GASOLINA COMUM,SUDESTE,SAO PAULO,VINHEDO,4.169
maio-19,ETANOL HIDRATADO,SUDESTE,SAO PAULO,VOTORANTIM,2.948
maio-19,GASOLINA COMUM,SUDESTE,SAO PAULO,VOTORANTIM,4.198
maio-19,ETANOL HIDRATADO,SUDESTE,SAO PAULO,VOTUPORANGA,3.013
maio-19,GASOLINA COMUM,SUDESTE,SAO PAULO,VOTUPORANGA,4.374
maio-19,ETANOL HIDRATADO,NORDESTE,SERGIPE,ARACAJU,3.745
maio-19,GASOLINA COMUM,NORDESTE,SERGIPE,ARACAJU,4.576
maio-19,ETANOL HIDRATADO,NORDESTE,SERGIPE,ITABAIANA,3.649
maio-19,GASOLINA COMUM,NORDESTE,SERGIPE,ITABAIANA,4.424
maio-19,ETANOL HIDRATADO,NORDESTE,SERGIPE,LAGARTO,3.385
maio-19,GASOLINA COMUM,NORDESTE,SERGIPE,LAGARTO,4.248
maio-19,ETANOL HIDRATADO,NORDESTE,SERGIPE,NOSSA SENHORA DO SOCORRO,3.636
maio-19,GASOLINA COMUM,NORDESTE,SERGIPE,NOSSA SENHORA DO SOCORRO,4.548
maio-19,ETANOL HIDRATADO,NORTE,TOCANTINS,ARAGUAINA,3.863
maio-19,GASOLINA COMUM,NORTE,TOCANTINS,ARAGUAINA,4.552
maio-19,ETANOL HIDRATADO,NORTE,TOCANTINS,GURUPI,3.845
maio-19,GASOLINA COMUM,NORTE,TOCANTINS,GURUPI,4.687
maio-19,ETANOL HIDRATADO,NORTE,TOCANTINS,PALMAS,3.751
maio-19,GASOLINA COMUM,NORTE,TOCANTINS,PALMAS,4.675
maio-19,ETANOL HIDRATADO,NORTE,TOCANTINS,PARAISO DO TOCANTINS,3.791
maio-19,GASOLINA COMUM,NORTE,TOCANTINS,PARAISO DO TOCANTINS,4.658
maio-19,ETANOL HIDRATADO,NORTE,TOCANTINS,PORTO NACIONAL,3.67
maio-19,GASOLINA COMUM,NORTE,TOCANTINS,PORTO NACIONAL,4.383
