mar-19,ETANOL HIDRATADO,NORTE,ACRE,CRUZEIRO DO SUL,4.546
mar-19,GASOLINA COMUM,NORTE,ACRE,CRUZEIRO DO SUL,5.178
mar-19,ETANOL HIDRATADO,NORTE,ACRE,RIO BRANCO,3.972
mar-19,GASOLINA COMUM,NORTE,ACRE,RIO BRANCO,4.719
mar-19,ETANOL HIDRATADO,NORDESTE,ALAGOAS,ARAPIRACA,3.396
mar-19,GASOLINA COMUM,NORDESTE,ALAGOAS,ARAPIRACA,4.436
mar-19,ETANOL HIDRATADO,NORDESTE,ALAGOAS,DELMIRO GOUVEIA,3.712
mar-19,GASOLINA COMUM,NORDESTE,ALAGOAS,DELMIRO GOUVEIA,4.861
mar-19,ETANOL HIDRATADO,NORDESTE,ALAGOAS,MACEIO,3.372
mar-19,GASOLINA COMUM,NORDESTE,ALAGOAS,MACEIO,4.383
mar-19,ETANOL HIDRATADO,NORDESTE,ALAGOAS,PALMEIRA DOS INDIOS,3.483
mar-19,GASOLINA COMUM,NORDESTE,ALAGOAS,PALMEIRA DOS INDIOS,4.456
mar-19,ETANOL HIDRATADO,NORDESTE,ALAGOAS,RIO LARGO,3.51
mar-19,GASOLINA COMUM,NORDESTE,ALAGOAS,RIO LARGO,4.386
mar-19,GASOLINA COMUM,NORTE,AMAPA,MACAPA,4.005
mar-19,GASOLINA COMUM,NORTE,AMAPA,SANTANA,3.854
mar-19,ETANOL HIDRATADO,NORTE,AMAZONAS,ITACOATIARA,3.868
mar-19,GASOLINA COMUM,NORTE,AMAZONAS,ITACOATIARA,4.372
mar-19,ETANOL HIDRATADO,NORTE,AMAZONAS,MANACAPURU,3.69
mar-19,GASOLINA COMUM,NORTE,AMAZONAS,MANACAPURU,3.99
mar-19,ETANOL HIDRATADO,NORTE,AMAZONAS,MANAUS,3.31
mar-19,GASOLINA COMUM,NORTE,AMAZONAS,MANAUS,4.069
mar-19,GASOLINA COMUM,NORTE,AMAZONAS,PARINTINS,4.598
mar-19,GASOLINA COMUM,NORTE,AMAZONAS,TEFE,4.879
mar-19,ETANOL HIDRATADO,NORDESTE,BAHIA,ALAGOINHAS,3.344
mar-19,GASOLINA COMUM,NORDESTE,BAHIA,ALAGOINHAS,4.457
mar-19,ETANOL HIDRATADO,NORDESTE,BAHIA,BARREIRAS,3.329
mar-19,GASOLINA COMUM,NORDESTE,BAHIA,BARREIRAS,4.578
mar-19,ETANOL HIDRATADO,NORDESTE,BAHIA,BRUMADO,3.611
mar-19,GASOLINA COMUM,NORDESTE,BAHIA,BRUMADO,4.801
mar-19,ETANOL HIDRATADO,NORDESTE,BAHIA,CAETITE,3.256
mar-19,GASOLINA COMUM,NORDESTE,BAHIA,CAETITE,4.664
mar-19,ETANOL HIDRATADO,NORDESTE,BAHIA,CAMACARI,3.361
mar-19,GASOLINA COMUM,NORDESTE,BAHIA,CAMACARI,4.364
mar-19,ETANOL HIDRATADO,NORDESTE,BAHIA,EUNAPOLIS,3.576
mar-19,GASOLINA COMUM,NORDESTE,BAHIA,EUNAPOLIS,4.69
mar-19,ETANOL HIDRATADO,NORDESTE,BAHIA,FEIRA DE SANTANA,3.343
mar-19,GASOLINA COMUM,NORDESTE,BAHIA,FEIRA DE SANTANA,4.53
mar-19,ETANOL HIDRATADO,NORDESTE,BAHIA,GUANAMBI,3.335
mar-19,GASOLINA COMUM,NORDESTE,BAHIA,GUANAMBI,4.64
mar-19,ETANOL HIDRATADO,NORDESTE,BAHIA,ILHEUS,3.62
mar-19,GASOLINA COMUM,NORDESTE,BAHIA,ILHEUS,4.67
mar-19,ETANOL HIDRATADO,NORDESTE,BAHIA,IPIRA,3.343
mar-19,GASOLINA COMUM,NORDESTE,BAHIA,IPIRA,4.481
mar-19,ETANOL HIDRATADO,NORDESTE,BAHIA,IRECE,3.344
mar-19,GASOLINA COMUM,NORDESTE,BAHIA,IRECE,4.474
mar-19,ETANOL HIDRATADO,NORDESTE,BAHIA,ITABUNA,3.457
mar-19,GASOLINA COMUM,NORDESTE,BAHIA,ITABUNA,4.545
mar-19,ETANOL HIDRATADO,NORDESTE,BAHIA,ITAMARAJU,3.368
mar-19,GASOLINA COMUM,NORDESTE,BAHIA,ITAMARAJU,4.661
mar-19,ETANOL HIDRATADO,NORDESTE,BAHIA,JACOBINA,3.292
mar-19,GASOLINA COMUM,NORDESTE,BAHIA,JACOBINA,4.46
mar-19,ETANOL HIDRATADO,NORDESTE,BAHIA,JAGUAQUARA,3.332
mar-19,GASOLINA COMUM,NORDESTE,BAHIA,JAGUAQUARA,4.285
mar-19,ETANOL HIDRATADO,NORDESTE,BAHIA,JEQUIE,3.271
mar-19,GASOLINA COMUM,NORDESTE,BAHIA,JEQUIE,4.516
mar-19,ETANOL HIDRATADO,NORDESTE,BAHIA,JUAZEIRO,3.58
mar-19,GASOLINA COMUM,NORDESTE,BAHIA,JUAZEIRO,4.776
mar-19,ETANOL HIDRATADO,NORDESTE,BAHIA,LAURO DE FREITAS,3.408
mar-19,GASOLINA COMUM,NORDESTE,BAHIA,LAURO DE FREITAS,4.441
mar-19,ETANOL HIDRATADO,NORDESTE,BAHIA,LIVRAMENTO DE NOSSA SENHORA,3.475
mar-19,GASOLINA COMUM,NORDESTE,BAHIA,LIVRAMENTO DE NOSSA SENHORA,4.828
mar-19,ETANOL HIDRATADO,NORDESTE,BAHIA,PAULO AFONSO,3.553
mar-19,GASOLINA COMUM,NORDESTE,BAHIA,PAULO AFONSO,4.556
mar-19,ETANOL HIDRATADO,NORDESTE,BAHIA,POCOES,3.584
mar-19,GASOLINA COMUM,NORDESTE,BAHIA,POCOES,4.539
mar-19,ETANOL HIDRATADO,NORDESTE,BAHIA,PORTO SEGURO,3.905
mar-19,GASOLINA COMUM,NORDESTE,BAHIA,PORTO SEGURO,4.891
mar-19,ETANOL HIDRATADO,NORDESTE,BAHIA,SALVADOR,3.488
mar-19,GASOLINA COMUM,NORDESTE,BAHIA,SALVADOR,4.505
mar-19,ETANOL HIDRATADO,NORDESTE,BAHIA,SANTO ANTONIO DE JESUS,3.262
mar-19,GASOLINA COMUM,NORDESTE,BAHIA,SANTO ANTONIO DE JESUS,4.496
mar-19,ETANOL HIDRATADO,NORDESTE,BAHIA,SENHOR DO BONFIM,3.445
mar-19,GASOLINA COMUM,NORDESTE,BAHIA,SENHOR DO BONFIM,4.622
mar-19,ETANOL HIDRATADO,NORDESTE,BAHIA,SERRINHA,3.303
mar-19,GASOLINA COMUM,NORDESTE,BAHIA,SERRINHA,4.316
mar-19,ETANOL HIDRATADO,NORDESTE,BAHIA,SIMOES FILHO,3.388
mar-19,GASOLINA COMUM,NORDESTE,BAHIA,SIMOES FILHO,4.428
mar-19,ETANOL HIDRATADO,NORDESTE,BAHIA,TEIXEIRA DE FREITAS,3.381
mar-19,GASOLINA COMUM,NORDESTE,BAHIA,TEIXEIRA DE FREITAS,4.476
mar-19,ETANOL HIDRATADO,NORDESTE,BAHIA,VALENCA,3.589
mar-19,GASOLINA COMUM,NORDESTE,BAHIA,VALENCA,4.706
mar-19,ETANOL HIDRATADO,NORDESTE,BAHIA,VITORIA DA CONQUISTA,3.466
mar-19,GASOLINA COMUM,NORDESTE,BAHIA,VITORIA DA CONQUISTA,4.623
mar-19,ETANOL HIDRATADO,NORDESTE,CEARA,CANINDE,3.746
mar-19,GASOLINA COMUM,NORDESTE,CEARA,CANINDE,4.566
mar-19,ETANOL HIDRATADO,NORDESTE,CEARA,CAUCAIA,3.613
mar-19,GASOLINA COMUM,NORDESTE,CEARA,CAUCAIA,4.569
mar-19,ETANOL HIDRATADO,NORDESTE,CEARA,CRATEUS,3.659
mar-19,GASOLINA COMUM,NORDESTE,CEARA,CRATEUS,4.663
mar-19,ETANOL HIDRATADO,NORDESTE,CEARA,CRATO,3.605
mar-19,GASOLINA COMUM,NORDESTE,CEARA,CRATO,4.522
mar-19,ETANOL HIDRATADO,NORDESTE,CEARA,FORTALEZA,3.63
mar-19,GASOLINA COMUM,NORDESTE,CEARA,FORTALEZA,4.568
mar-19,ETANOL HIDRATADO,NORDESTE,CEARA,ICO,3.665
mar-19,GASOLINA COMUM,NORDESTE,CEARA,ICO,4.542
mar-19,ETANOL HIDRATADO,NORDESTE,CEARA,IGUATU,3.621
mar-19,GASOLINA COMUM,NORDESTE,CEARA,IGUATU,4.552
mar-19,ETANOL HIDRATADO,NORDESTE,CEARA,ITAPIPOCA,3.704
mar-19,GASOLINA COMUM,NORDESTE,CEARA,ITAPIPOCA,4.593
mar-19,ETANOL HIDRATADO,NORDESTE,CEARA,JUAZEIRO DO NORTE,3.632
mar-19,GASOLINA COMUM,NORDESTE,CEARA,JUAZEIRO DO NORTE,4.521
mar-19,ETANOL HIDRATADO,NORDESTE,CEARA,LIMOEIRO DO NORTE,3.593
mar-19,GASOLINA COMUM,NORDESTE,CEARA,LIMOEIRO DO NORTE,4.536
mar-19,ETANOL HIDRATADO,NORDESTE,CEARA,MARACANAU,3.623
mar-19,GASOLINA COMUM,NORDESTE,CEARA,MARACANAU,4.527
mar-19,ETANOL HIDRATADO,NORDESTE,CEARA,QUIXADA,3.639
mar-19,GASOLINA COMUM,NORDESTE,CEARA,QUIXADA,4.549
mar-19,ETANOL HIDRATADO,NORDESTE,CEARA,SOBRAL,3.74
mar-19,GASOLINA COMUM,NORDESTE,CEARA,SOBRAL,4.52
mar-19,ETANOL HIDRATADO,CENTRO OESTE,DISTRITO FEDERAL,BRASILIA,3.286
mar-19,GASOLINA COMUM,CENTRO OESTE,DISTRITO FEDERAL,BRASILIA,4.251
mar-19,ETANOL HIDRATADO,SUDESTE,ESPIRITO SANTO,ARACRUZ,3.684
mar-19,GASOLINA COMUM,SUDESTE,ESPIRITO SANTO,ARACRUZ,4.557
mar-19,ETANOL HIDRATADO,SUDESTE,ESPIRITO SANTO,CACHOEIRO DE ITAPEMIRIM,3.625
mar-19,GASOLINA COMUM,SUDESTE,ESPIRITO SANTO,CACHOEIRO DE ITAPEMIRIM,4.487
mar-19,ETANOL HIDRATADO,SUDESTE,ESPIRITO SANTO,CARIACICA,3.418
mar-19,GASOLINA COMUM,SUDESTE,ESPIRITO SANTO,CARIACICA,4.277
mar-19,ETANOL HIDRATADO,SUDESTE,ESPIRITO SANTO,COLATINA,3.759
mar-19,GASOLINA COMUM,SUDESTE,ESPIRITO SANTO,COLATINA,4.536
mar-19,ETANOL HIDRATADO,SUDESTE,ESPIRITO SANTO,GUARAPARI,3.683
mar-19,GASOLINA COMUM,SUDESTE,ESPIRITO SANTO,GUARAPARI,4.617
mar-19,ETANOL HIDRATADO,SUDESTE,ESPIRITO SANTO,LINHARES,3.449
mar-19,GASOLINA COMUM,SUDESTE,ESPIRITO SANTO,LINHARES,4.45
mar-19,ETANOL HIDRATADO,SUDESTE,ESPIRITO SANTO,SAO MATEUS,3.855
mar-19,GASOLINA COMUM,SUDESTE,ESPIRITO SANTO,SAO MATEUS,4.31
mar-19,ETANOL HIDRATADO,SUDESTE,ESPIRITO SANTO,SERRA,3.461
mar-19,GASOLINA COMUM,SUDESTE,ESPIRITO SANTO,SERRA,4.294
mar-19,ETANOL HIDRATADO,SUDESTE,ESPIRITO SANTO,VILA VELHA,3.492
mar-19,GASOLINA COMUM,SUDESTE,ESPIRITO SANTO,VILA VELHA,4.285
mar-19,ETANOL HIDRATADO,SUDESTE,ESPIRITO SANTO,VITORIA,3.479
mar-19,GASOLINA COMUM,SUDESTE,ESPIRITO SANTO,VITORIA,4.3
mar-19,ETANOL HIDRATADO,CENTRO OESTE,GOIAS,AGUAS LINDAS DE GOIAS,2.993
mar-19,GASOLINA COMUM,CENTRO OESTE,GOIAS,AGUAS LINDAS DE GOIAS,4.334
mar-19,ETANOL HIDRATADO,CENTRO OESTE,GOIAS,ANAPOLIS,2.829
mar-19,GASOLINA COMUM,CENTRO OESTE,GOIAS,ANAPOLIS,4.268
mar-19,ETANOL HIDRATADO,CENTRO OESTE,GOIAS,APARECIDA DE GOIANIA,2.874
mar-19,GASOLINA COMUM,CENTRO OESTE,GOIAS,APARECIDA DE GOIANIA,4.367
mar-19,ETANOL HIDRATADO,CENTRO OESTE,GOIAS,CALDAS NOVAS,3.093
mar-19,GASOLINA COMUM,CENTRO OESTE,GOIAS,CALDAS NOVAS,4.413
mar-19,ETANOL HIDRATADO,CENTRO OESTE,GOIAS,CATALAO,3.025
mar-19,GASOLINA COMUM,CENTRO OESTE,GOIAS,CATALAO,4.494
mar-19,ETANOL HIDRATADO,CENTRO OESTE,GOIAS,FORMOSA,3.031
mar-19,GASOLINA COMUM,CENTRO OESTE,GOIAS,FORMOSA,4.344
mar-19,ETANOL HIDRATADO,CENTRO OESTE,GOIAS,GOIANIA,2.819
mar-19,GASOLINA COMUM,CENTRO OESTE,GOIAS,GOIANIA,4.309
mar-19,ETANOL HIDRATADO,CENTRO OESTE,GOIAS,GOIATUBA,2.902
mar-19,GASOLINA COMUM,CENTRO OESTE,GOIAS,GOIATUBA,4.267
mar-19,ETANOL HIDRATADO,CENTRO OESTE,GOIAS,ITUMBIARA,3.083
mar-19,GASOLINA COMUM,CENTRO OESTE,GOIAS,ITUMBIARA,4.485
mar-19,ETANOL HIDRATADO,CENTRO OESTE,GOIAS,JATAI,3.139
mar-19,GASOLINA COMUM,CENTRO OESTE,GOIAS,JATAI,4.633
mar-19,ETANOL HIDRATADO,CENTRO OESTE,GOIAS,LUZIANIA,2.945
mar-19,GASOLINA COMUM,CENTRO OESTE,GOIAS,LUZIANIA,4.29
mar-19,ETANOL HIDRATADO,CENTRO OESTE,GOIAS,MINEIROS,2.804
mar-19,GASOLINA COMUM,CENTRO OESTE,GOIAS,MINEIROS,4.333
mar-19,ETANOL HIDRATADO,CENTRO OESTE,GOIAS,MORRINHOS,2.831
mar-19,GASOLINA COMUM,CENTRO OESTE,GOIAS,MORRINHOS,4.221
mar-19,ETANOL HIDRATADO,CENTRO OESTE,GOIAS,PORANGATU,2.966
mar-19,GASOLINA COMUM,CENTRO OESTE,GOIAS,PORANGATU,4.438
mar-19,ETANOL HIDRATADO,CENTRO OESTE,GOIAS,RIO VERDE,3.13
mar-19,GASOLINA COMUM,CENTRO OESTE,GOIAS,RIO VERDE,4.553
mar-19,ETANOL HIDRATADO,CENTRO OESTE,GOIAS,TRINDADE,2.759
mar-19,GASOLINA COMUM,CENTRO OESTE,GOIAS,TRINDADE,4.273
mar-19,ETANOL HIDRATADO,CENTRO OESTE,GOIAS,VALPARAISO DE GOIAS,2.919
mar-19,GASOLINA COMUM,CENTRO OESTE,GOIAS,VALPARAISO DE GOIAS,4.251
mar-19,ETANOL HIDRATADO,NORDESTE,MARANHAO,ACAILANDIA,3.421
mar-19,GASOLINA COMUM,NORDESTE,MARANHAO,ACAILANDIA,4.279
mar-19,ETANOL HIDRATADO,NORDESTE,MARANHAO,BACABAL,3.832
mar-19,GASOLINA COMUM,NORDESTE,MARANHAO,BACABAL,4.341
mar-19,ETANOL HIDRATADO,NORDESTE,MARANHAO,BALSAS,3.906
mar-19,GASOLINA COMUM,NORDESTE,MARANHAO,BALSAS,4.453
mar-19,GASOLINA COMUM,NORDESTE,MARANHAO,BARRA DO CORDA,4.465
mar-19,ETANOL HIDRATADO,NORDESTE,MARANHAO,CAXIAS,3.638
mar-19,GASOLINA COMUM,NORDESTE,MARANHAO,CAXIAS,4.259
mar-19,ETANOL HIDRATADO,NORDESTE,MARANHAO,CODO,3.83
mar-19,GASOLINA COMUM,NORDESTE,MARANHAO,CODO,4.622
mar-19,ETANOL HIDRATADO,NORDESTE,MARANHAO,IMPERATRIZ,3.641
mar-19,GASOLINA COMUM,NORDESTE,MARANHAO,IMPERATRIZ,4.321
mar-19,ETANOL HIDRATADO,NORDESTE,MARANHAO,PINHEIRO,3.753
mar-19,GASOLINA COMUM,NORDESTE,MARANHAO,PINHEIRO,4.448
mar-19,ETANOL HIDRATADO,NORDESTE,MARANHAO,PRESIDENTE DUTRA,3.462
mar-19,GASOLINA COMUM,NORDESTE,MARANHAO,PRESIDENTE DUTRA,4.257
mar-19,ETANOL HIDRATADO,NORDESTE,MARANHAO,SANTA INES,3.787
mar-19,GASOLINA COMUM,NORDESTE,MARANHAO,SANTA INES,4.413
mar-19,ETANOL HIDRATADO,NORDESTE,MARANHAO,SAO JOSE DE RIBAMAR,3.574
mar-19,GASOLINA COMUM,NORDESTE,MARANHAO,SAO JOSE DE RIBAMAR,4.188
mar-19,ETANOL HIDRATADO,NORDESTE,MARANHAO,SAO LUIS,3.565
mar-19,GASOLINA COMUM,NORDESTE,MARANHAO,SAO LUIS,4.188
mar-19,ETANOL HIDRATADO,CENTRO OESTE,MATO GROSSO,ALTA FLORESTA,2.982
mar-19,GASOLINA COMUM,CENTRO OESTE,MATO GROSSO,ALTA FLORESTA,4.832
mar-19,ETANOL HIDRATADO,CENTRO OESTE,MATO GROSSO,CACERES,2.699
mar-19,GASOLINA COMUM,CENTRO OESTE,MATO GROSSO,CACERES,4.479
mar-19,ETANOL HIDRATADO,CENTRO OESTE,MATO GROSSO,CUIABA,2.53
mar-19,GASOLINA COMUM,CENTRO OESTE,MATO GROSSO,CUIABA,4.415
mar-19,ETANOL HIDRATADO,CENTRO OESTE,MATO GROSSO,RONDONOPOLIS,2.795
mar-19,GASOLINA COMUM,CENTRO OESTE,MATO GROSSO,RONDONOPOLIS,4.394
mar-19,ETANOL HIDRATADO,CENTRO OESTE,MATO GROSSO,SINOP,2.901
mar-19,GASOLINA COMUM,CENTRO OESTE,MATO GROSSO,SINOP,4.484
mar-19,ETANOL HIDRATADO,CENTRO OESTE,MATO GROSSO,SORRISO,2.918
mar-19,GASOLINA COMUM,CENTRO OESTE,MATO GROSSO,SORRISO,4.689
mar-19,ETANOL HIDRATADO,CENTRO OESTE,MATO GROSSO,VARZEA GRANDE,2.488
mar-19,GASOLINA COMUM,CENTRO OESTE,MATO GROSSO,VARZEA GRANDE,4.362
mar-19,ETANOL HIDRATADO,CENTRO OESTE,MATO GROSSO DO SUL,CAMPO GRANDE,3.287
mar-19,GASOLINA COMUM,CENTRO OESTE,MATO GROSSO DO SUL,CAMPO GRANDE,3.902
mar-19,ETANOL HIDRATADO,CENTRO OESTE,MATO GROSSO DO SUL,CORUMBA,3.59
mar-19,GASOLINA COMUM,CENTRO OESTE,MATO GROSSO DO SUL,CORUMBA,4.411
mar-19,ETANOL HIDRATADO,CENTRO OESTE,MATO GROSSO DO SUL,COXIM,3.529
mar-19,GASOLINA COMUM,CENTRO OESTE,MATO GROSSO DO SUL,COXIM,4.314
mar-19,ETANOL HIDRATADO,CENTRO OESTE,MATO GROSSO DO SUL,DOURADOS,3.49
mar-19,GASOLINA COMUM,CENTRO OESTE,MATO GROSSO DO SUL,DOURADOS,4.093
mar-19,ETANOL HIDRATADO,CENTRO OESTE,MATO GROSSO DO SUL,NOVA ANDRADINA,3.452
mar-19,GASOLINA COMUM,CENTRO OESTE,MATO GROSSO DO SUL,NOVA ANDRADINA,4.235
mar-19,ETANOL HIDRATADO,CENTRO OESTE,MATO GROSSO DO SUL,PONTA PORA,3.526
mar-19,GASOLINA COMUM,CENTRO OESTE,MATO GROSSO DO SUL,PONTA PORA,4.189
mar-19,ETANOL HIDRATADO,CENTRO OESTE,MATO GROSSO DO SUL,TRES LAGOAS,3.632
mar-19,GASOLINA COMUM,CENTRO OESTE,MATO GROSSO DO SUL,TRES LAGOAS,4.241
mar-19,ETANOL HIDRATADO,SUDESTE,MINAS GERAIS,ALFENAS,3.169
mar-19,GASOLINA COMUM,SUDESTE,MINAS GERAIS,ALFENAS,4.76
mar-19,ETANOL HIDRATADO,SUDESTE,MINAS GERAIS,ARAGUARI,3.039
mar-19,GASOLINA COMUM,SUDESTE,MINAS GERAIS,ARAGUARI,4.616
mar-19,ETANOL HIDRATADO,SUDESTE,MINAS GERAIS,ARAXA,3.271
mar-19,GASOLINA COMUM,SUDESTE,MINAS GERAIS,ARAXA,4.827
mar-19,ETANOL HIDRATADO,SUDESTE,MINAS GERAIS,BARBACENA,3.195
mar-19,GASOLINA COMUM,SUDESTE,MINAS GERAIS,BARBACENA,4.622
mar-19,ETANOL HIDRATADO,SUDESTE,MINAS GERAIS,BELO HORIZONTE,3.124
mar-19,GASOLINA COMUM,SUDESTE,MINAS GERAIS,BELO HORIZONTE,4.536
mar-19,ETANOL HIDRATADO,SUDESTE,MINAS GERAIS,BETIM,3.113
mar-19,GASOLINA COMUM,SUDESTE,MINAS GERAIS,BETIM,4.462
mar-19,ETANOL HIDRATADO,SUDESTE,MINAS GERAIS,BOM DESPACHO,3.068
mar-19,GASOLINA COMUM,SUDESTE,MINAS GERAIS,BOM DESPACHO,4.542
mar-19,ETANOL HIDRATADO,SUDESTE,MINAS GERAIS,CAMPO BELO,3.24
mar-19,GASOLINA COMUM,SUDESTE,MINAS GERAIS,CAMPO BELO,4.728
mar-19,ETANOL HIDRATADO,SUDESTE,MINAS GERAIS,CARATINGA,3.225
mar-19,GASOLINA COMUM,SUDESTE,MINAS GERAIS,CARATINGA,4.774
mar-19,ETANOL HIDRATADO,SUDESTE,MINAS GERAIS,CONGONHAS,3.13
mar-19,GASOLINA COMUM,SUDESTE,MINAS GERAIS,CONGONHAS,4.625
mar-19,ETANOL HIDRATADO,SUDESTE,MINAS GERAIS,CONSELHEIRO LAFAIETE,3.347
mar-19,GASOLINA COMUM,SUDESTE,MINAS GERAIS,CONSELHEIRO LAFAIETE,4.774
mar-19,ETANOL HIDRATADO,SUDESTE,MINAS GERAIS,CONTAGEM,3.067
mar-19,GASOLINA COMUM,SUDESTE,MINAS GERAIS,CONTAGEM,4.454
mar-19,ETANOL HIDRATADO,SUDESTE,MINAS GERAIS,CORONEL FABRICIANO,3.232
mar-19,GASOLINA COMUM,SUDESTE,MINAS GERAIS,CORONEL FABRICIANO,4.703
mar-19,ETANOL HIDRATADO,SUDESTE,MINAS GERAIS,CURVELO,3.209
mar-19,GASOLINA COMUM,SUDESTE,MINAS GERAIS,CURVELO,4.668
mar-19,ETANOL HIDRATADO,SUDESTE,MINAS GERAIS,DIVINOPOLIS,3.193
mar-19,GASOLINA COMUM,SUDESTE,MINAS GERAIS,DIVINOPOLIS,4.641
mar-19,ETANOL HIDRATADO,SUDESTE,MINAS GERAIS,FORMIGA,3.254
mar-19,GASOLINA COMUM,SUDESTE,MINAS GERAIS,FORMIGA,4.742
mar-19,ETANOL HIDRATADO,SUDESTE,MINAS GERAIS,FRUTAL,3.081
mar-19,GASOLINA COMUM,SUDESTE,MINAS GERAIS,FRUTAL,4.81
mar-19,ETANOL HIDRATADO,SUDESTE,MINAS GERAIS,GOVERNADOR VALADARES,3.212
mar-19,GASOLINA COMUM,SUDESTE,MINAS GERAIS,GOVERNADOR VALADARES,4.811
mar-19,ETANOL HIDRATADO,SUDESTE,MINAS GERAIS,GUAXUPE,2.918
mar-19,GASOLINA COMUM,SUDESTE,MINAS GERAIS,GUAXUPE,4.614
mar-19,ETANOL HIDRATADO,SUDESTE,MINAS GERAIS,IPATINGA,3.211
mar-19,GASOLINA COMUM,SUDESTE,MINAS GERAIS,IPATINGA,4.71
mar-19,ETANOL HIDRATADO,SUDESTE,MINAS GERAIS,ITABIRA,3.187
mar-19,GASOLINA COMUM,SUDESTE,MINAS GERAIS,ITABIRA,4.595
mar-19,ETANOL HIDRATADO,SUDESTE,MINAS GERAIS,ITAJUBA,3.238
mar-19,GASOLINA COMUM,SUDESTE,MINAS GERAIS,ITAJUBA,4.73
mar-19,ETANOL HIDRATADO,SUDESTE,MINAS GERAIS,ITAUNA,3.221
mar-19,GASOLINA COMUM,SUDESTE,MINAS GERAIS,ITAUNA,4.753
mar-19,ETANOL HIDRATADO,SUDESTE,MINAS GERAIS,ITUIUTABA,3.106
mar-19,GASOLINA COMUM,SUDESTE,MINAS GERAIS,ITUIUTABA,4.751
mar-19,ETANOL HIDRATADO,SUDESTE,MINAS GERAIS,JANAUBA,3.016
mar-19,GASOLINA COMUM,SUDESTE,MINAS GERAIS,JANAUBA,4.812
mar-19,ETANOL HIDRATADO,SUDESTE,MINAS GERAIS,JANUARIA,3.161
mar-19,GASOLINA COMUM,SUDESTE,MINAS GERAIS,JANUARIA,4.748
mar-19,ETANOL HIDRATADO,SUDESTE,MINAS GERAIS,JOAO MONLEVADE,3.091
mar-19,GASOLINA COMUM,SUDESTE,MINAS GERAIS,JOAO MONLEVADE,4.456
mar-19,ETANOL HIDRATADO,SUDESTE,MINAS GERAIS,JOAO PINHEIRO,2.893
mar-19,GASOLINA COMUM,SUDESTE,MINAS GERAIS,JOAO PINHEIRO,4.647
mar-19,ETANOL HIDRATADO,SUDESTE,MINAS GERAIS,JUIZ DE FORA,3.174
mar-19,GASOLINA COMUM,SUDESTE,MINAS GERAIS,JUIZ DE FORA,4.736
mar-19,ETANOL HIDRATADO,SUDESTE,MINAS GERAIS,LAVRAS,3.331
mar-19,GASOLINA COMUM,SUDESTE,MINAS GERAIS,LAVRAS,4.734
mar-19,ETANOL HIDRATADO,SUDESTE,MINAS GERAIS,LEOPOLDINA,3.212
mar-19,GASOLINA COMUM,SUDESTE,MINAS GERAIS,LEOPOLDINA,4.758
mar-19,ETANOL HIDRATADO,SUDESTE,MINAS GERAIS,MANHUACU,3.133
mar-19,GASOLINA COMUM,SUDESTE,MINAS GERAIS,MANHUACU,4.664
mar-19,ETANOL HIDRATADO,SUDESTE,MINAS GERAIS,MONTE CARMELO,3.002
mar-19,GASOLINA COMUM,SUDESTE,MINAS GERAIS,MONTE CARMELO,4.635
mar-19,ETANOL HIDRATADO,SUDESTE,MINAS GERAIS,MONTES CLAROS,2.884
mar-19,GASOLINA COMUM,SUDESTE,MINAS GERAIS,MONTES CLAROS,4.577
mar-19,ETANOL HIDRATADO,SUDESTE,MINAS GERAIS,MURIAE,3.148
mar-19,GASOLINA COMUM,SUDESTE,MINAS GERAIS,MURIAE,4.576
mar-19,ETANOL HIDRATADO,SUDESTE,MINAS GERAIS,NOVA LIMA,3.273
mar-19,GASOLINA COMUM,SUDESTE,MINAS GERAIS,NOVA LIMA,4.735
mar-19,ETANOL HIDRATADO,SUDESTE,MINAS GERAIS,OLIVEIRA,3.177
mar-19,GASOLINA COMUM,SUDESTE,MINAS GERAIS,OLIVEIRA,4.725
mar-19,ETANOL HIDRATADO,SUDESTE,MINAS GERAIS,OURO PRETO,3.32
mar-19,GASOLINA COMUM,SUDESTE,MINAS GERAIS,OURO PRETO,4.789
mar-19,ETANOL HIDRATADO,SUDESTE,MINAS GERAIS,PARA DE MINAS,3.297
mar-19,GASOLINA COMUM,SUDESTE,MINAS GERAIS,PARA DE MINAS,4.721
mar-19,ETANOL HIDRATADO,SUDESTE,MINAS GERAIS,PARACATU,3.053
mar-19,GASOLINA COMUM,SUDESTE,MINAS GERAIS,PARACATU,4.857
mar-19,ETANOL HIDRATADO,SUDESTE,MINAS GERAIS,PASSOS,3.084
mar-19,GASOLINA COMUM,SUDESTE,MINAS GERAIS,PASSOS,4.74
mar-19,ETANOL HIDRATADO,SUDESTE,MINAS GERAIS,PATOS DE MINAS,3.21
mar-19,GASOLINA COMUM,SUDESTE,MINAS GERAIS,PATOS DE MINAS,4.772
mar-19,ETANOL HIDRATADO,SUDESTE,MINAS GERAIS,PATROCINIO,3.277
mar-19,GASOLINA COMUM,SUDESTE,MINAS GERAIS,PATROCINIO,4.797
mar-19,ETANOL HIDRATADO,SUDESTE,MINAS GERAIS,POCOS DE CALDAS,2.991
mar-19,GASOLINA COMUM,SUDESTE,MINAS GERAIS,POCOS DE CALDAS,4.636
mar-19,ETANOL HIDRATADO,SUDESTE,MINAS GERAIS,POUSO ALEGRE,3.196
mar-19,GASOLINA COMUM,SUDESTE,MINAS GERAIS,POUSO ALEGRE,4.752
mar-19,ETANOL HIDRATADO,SUDESTE,MINAS GERAIS,SABARA,3.202
mar-19,GASOLINA COMUM,SUDESTE,MINAS GERAIS,SABARA,4.602
mar-19,ETANOL HIDRATADO,SUDESTE,MINAS GERAIS,SAO JOAO DEL REI,3.193
mar-19,GASOLINA COMUM,SUDESTE,MINAS GERAIS,SAO JOAO DEL REI,4.724
mar-19,ETANOL HIDRATADO,SUDESTE,MINAS GERAIS,SAO SEBASTIAO DO PARAISO,3.097
mar-19,GASOLINA COMUM,SUDESTE,MINAS GERAIS,SAO SEBASTIAO DO PARAISO,4.797
mar-19,ETANOL HIDRATADO,SUDESTE,MINAS GERAIS,SETE LAGOAS,2.981
mar-19,GASOLINA COMUM,SUDESTE,MINAS GERAIS,SETE LAGOAS,4.47
mar-19,ETANOL HIDRATADO,SUDESTE,MINAS GERAIS,TEOFILO OTONI,3.2
mar-19,GASOLINA COMUM,SUDESTE,MINAS GERAIS,TEOFILO OTONI,4.651
mar-19,ETANOL HIDRATADO,SUDESTE,MINAS GERAIS,TIMOTEO,3.244
mar-19,GASOLINA COMUM,SUDESTE,MINAS GERAIS,TIMOTEO,4.739
mar-19,ETANOL HIDRATADO,SUDESTE,MINAS GERAIS,TRES CORACOES,3.213
mar-19,GASOLINA COMUM,SUDESTE,MINAS GERAIS,TRES CORACOES,4.787
mar-19,ETANOL HIDRATADO,SUDESTE,MINAS GERAIS,UBA,3.176
mar-19,GASOLINA COMUM,SUDESTE,MINAS GERAIS,UBA,4.675
mar-19,ETANOL HIDRATADO,SUDESTE,MINAS GERAIS,UBERABA,3.025
mar-19,GASOLINA COMUM,SUDESTE,MINAS GERAIS,UBERABA,4.753
mar-19,ETANOL HIDRATADO,SUDESTE,MINAS GERAIS,UBERLANDIA,3.08
mar-19,GASOLINA COMUM,SUDESTE,MINAS GERAIS,UBERLANDIA,4.655
mar-19,ETANOL HIDRATADO,SUDESTE,MINAS GERAIS,UNAI,3.055
mar-19,GASOLINA COMUM,SUDESTE,MINAS GERAIS,UNAI,4.864
mar-19,ETANOL HIDRATADO,SUDESTE,MINAS GERAIS,VARGINHA,3.17
mar-19,GASOLINA COMUM,SUDESTE,MINAS GERAIS,VARGINHA,4.632
mar-19,ETANOL HIDRATADO,SUDESTE,MINAS GERAIS,VICOSA,3.405
mar-19,GASOLINA COMUM,SUDESTE,MINAS GERAIS,VICOSA,4.799
mar-19,ÓLEO DIESEL,NORTE,PARA,ABAETETUBA,3.979
mar-19,ETANOL HIDRATADO,NORTE,PARA,ABAETETUBA,4.65
mar-19,GASOLINA COMUM,NORTE,PARA,ABAETETUBA,4.931
mar-19,GASOLINA COMUM,NORTE,PARA,ALENQUER,4.53
mar-19,ETANOL HIDRATADO,NORTE,PARA,ALTAMIRA,3.999
mar-19,GASOLINA COMUM,NORTE,PARA,ALTAMIRA,4.847
mar-19,ETANOL HIDRATADO,NORTE,PARA,ANANINDEUA,3.531
mar-19,GASOLINA COMUM,NORTE,PARA,ANANINDEUA,4.13
mar-19,ETANOL HIDRATADO,NORTE,PARA,BELEM,3.676
mar-19,GASOLINA COMUM,NORTE,PARA,BELEM,4.283
mar-19,ETANOL HIDRATADO,NORTE,PARA,BRAGANCA,3.535
mar-19,GASOLINA COMUM,NORTE,PARA,BRAGANCA,4.303
mar-19,ETANOL HIDRATADO,NORTE,PARA,CAMETA,4.1
mar-19,GASOLINA COMUM,NORTE,PARA,CAMETA,4.562
mar-19,ETANOL HIDRATADO,NORTE,PARA,CASTANHAL,3.746
mar-19,GASOLINA COMUM,NORTE,PARA,CASTANHAL,4.325
mar-19,ETANOL HIDRATADO,NORTE,PARA,CONCEICAO DO ARAGUAIA,3.95
mar-19,GASOLINA COMUM,NORTE,PARA,CONCEICAO DO ARAGUAIA,4.743
mar-19,ETANOL HIDRATADO,NORTE,PARA,ITAITUBA,4.15
mar-19,GASOLINA COMUM,NORTE,PARA,ITAITUBA,4.41
mar-19,ETANOL HIDRATADO,NORTE,PARA,MARABA,3.813
mar-19,GASOLINA COMUM,NORTE,PARA,MARABA,4.715
mar-19,GASOLINA COMUM,NORTE,PARA,PARAGOMINAS,4.644
mar-19,ETANOL HIDRATADO,NORTE,PARA,PARAUAPEBAS,3.982
mar-19,GASOLINA COMUM,NORTE,PARA,PARAUAPEBAS,4.878
mar-19,ETANOL HIDRATADO,NORTE,PARA,REDENCAO,3.741
mar-19,GASOLINA COMUM,NORTE,PARA,REDENCAO,4.669
mar-19,ETANOL HIDRATADO,NORTE,PARA,SANTAREM,3.983
mar-19,GASOLINA COMUM,NORTE,PARA,SANTAREM,4.365
mar-19,ETANOL HIDRATADO,NORTE,PARA,XINGUARA,4.075
mar-19,GASOLINA COMUM,NORTE,PARA,XINGUARA,4.802
mar-19,ETANOL HIDRATADO,NORDESTE,PARAIBA,BAYEUX,2.986
mar-19,GASOLINA COMUM,NORDESTE,PARAIBA,BAYEUX,3.939
mar-19,ETANOL HIDRATADO,NORDESTE,PARAIBA,CABEDELO,3.019
mar-19,GASOLINA COMUM,NORDESTE,PARAIBA,CABEDELO,4.062
mar-19,ETANOL HIDRATADO,NORDESTE,PARAIBA,CAMPINA GRANDE,3.177
mar-19,GASOLINA COMUM,NORDESTE,PARAIBA,CAMPINA GRANDE,4.145
mar-19,ETANOL HIDRATADO,NORDESTE,PARAIBA,JOAO PESSOA,2.962
mar-19,GASOLINA COMUM,NORDESTE,PARAIBA,JOAO PESSOA,3.877
mar-19,ETANOL HIDRATADO,NORDESTE,PARAIBA,PATOS,3.159
mar-19,GASOLINA COMUM,NORDESTE,PARAIBA,PATOS,4.071
mar-19,ETANOL HIDRATADO,NORDESTE,PARAIBA,SOUSA,3.538
mar-19,GASOLINA COMUM,NORDESTE,PARAIBA,SOUSA,4.394
mar-19,ETANOL HIDRATADO,SUL,PARANA,APUCARANA,3.041
mar-19,GASOLINA COMUM,SUL,PARANA,APUCARANA,4.282
mar-19,ETANOL HIDRATADO,SUL,PARANA,ARAPONGAS,2.968
mar-19,GASOLINA COMUM,SUL,PARANA,ARAPONGAS,4.181
mar-19,ETANOL HIDRATADO,SUL,PARANA,ARAUCARIA,3.033
mar-19,GASOLINA COMUM,SUL,PARANA,ARAUCARIA,4.107
mar-19,ETANOL HIDRATADO,SUL,PARANA,ASSIS CHATEAUBRIAND,3.071
mar-19,GASOLINA COMUM,SUL,PARANA,ASSIS CHATEAUBRIAND,4.274
mar-19,ETANOL HIDRATADO,SUL,PARANA,CAMBE,2.907
mar-19,GASOLINA COMUM,SUL,PARANA,CAMBE,4.109
mar-19,ETANOL HIDRATADO,SUL,PARANA,CAMPO LARGO,3.092
mar-19,GASOLINA COMUM,SUL,PARANA,CAMPO LARGO,4.144
mar-19,ETANOL HIDRATADO,SUL,PARANA,CAMPO MOURAO,2.882
mar-19,GASOLINA COMUM,SUL,PARANA,CAMPO MOURAO,4.074
mar-19,ETANOL HIDRATADO,SUL,PARANA,CASCAVEL,3.087
mar-19,GASOLINA COMUM,SUL,PARANA,CASCAVEL,4.293
mar-19,ETANOL HIDRATADO,SUL,PARANA,CASTRO,3.239
mar-19,GASOLINA COMUM,SUL,PARANA,CASTRO,4.341
mar-19,ETANOL HIDRATADO,SUL,PARANA,CIANORTE,3.007
mar-19,GASOLINA COMUM,SUL,PARANA,CIANORTE,4.349
mar-19,ETANOL HIDRATADO,SUL,PARANA,COLOMBO,3.013
mar-19,GASOLINA COMUM,SUL,PARANA,COLOMBO,4.041
mar-19,ETANOL HIDRATADO,SUL,PARANA,CORNELIO PROCOPIO,3.112
mar-19,GASOLINA COMUM,SUL,PARANA,CORNELIO PROCOPIO,4.388
mar-19,ETANOL HIDRATADO,SUL,PARANA,CURITIBA,2.982
mar-19,GASOLINA COMUM,SUL,PARANA,CURITIBA,4.037
mar-19,ETANOL HIDRATADO,SUL,PARANA,FOZ DO IGUACU,3.039
mar-19,GASOLINA COMUM,SUL,PARANA,FOZ DO IGUACU,4.334
mar-19,ETANOL HIDRATADO,SUL,PARANA,FRANCISCO BELTRAO,3.208
mar-19,GASOLINA COMUM,SUL,PARANA,FRANCISCO BELTRAO,4.338
mar-19,ETANOL HIDRATADO,SUL,PARANA,GUARAPUAVA,3.07
mar-19,GASOLINA COMUM,SUL,PARANA,GUARAPUAVA,4.119
mar-19,ETANOL HIDRATADO,SUL,PARANA,LONDRINA,2.923
mar-19,GASOLINA COMUM,SUL,PARANA,LONDRINA,4.156
mar-19,ETANOL HIDRATADO,SUL,PARANA,MARECHAL CANDIDO RONDON,3.035
mar-19,GASOLINA COMUM,SUL,PARANA,MARECHAL CANDIDO RONDON,4.367
mar-19,ETANOL HIDRATADO,SUL,PARANA,MARINGA,2.997
mar-19,GASOLINA COMUM,SUL,PARANA,MARINGA,4.236
mar-19,ETANOL HIDRATADO,SUL,PARANA,PARANAGUA,3.084
mar-19,GASOLINA COMUM,SUL,PARANA,PARANAGUA,4.157
mar-19,ETANOL HIDRATADO,SUL,PARANA,PARANAVAI,3.001
mar-19,GASOLINA COMUM,SUL,PARANA,PARANAVAI,4.277
mar-19,ETANOL HIDRATADO,SUL,PARANA,PATO BRANCO,3.143
mar-19,GASOLINA COMUM,SUL,PARANA,PATO BRANCO,4.347
mar-19,ETANOL HIDRATADO,SUL,PARANA,PINHAIS,2.979
mar-19,GASOLINA COMUM,SUL,PARANA,PINHAIS,4.033
mar-19,ETANOL HIDRATADO,SUL,PARANA,PONTA GROSSA,3.109
mar-19,GASOLINA COMUM,SUL,PARANA,PONTA GROSSA,4.22
mar-19,ETANOL HIDRATADO,SUL,PARANA,SANTO ANTONIO DA PLATINA,3.086
mar-19,GASOLINA COMUM,SUL,PARANA,SANTO ANTONIO DA PLATINA,4.251
mar-19,ETANOL HIDRATADO,SUL,PARANA,SAO JOSE DOS PINHAIS,2.984
mar-19,GASOLINA COMUM,SUL,PARANA,SAO JOSE DOS PINHAIS,4.014
mar-19,ETANOL HIDRATADO,SUL,PARANA,TOLEDO,3.132
mar-19,GASOLINA COMUM,SUL,PARANA,TOLEDO,4.31
mar-19,ETANOL HIDRATADO,SUL,PARANA,UMUARAMA,2.973
mar-19,GASOLINA COMUM,SUL,PARANA,UMUARAMA,4.284
mar-19,ETANOL HIDRATADO,SUL,PARANA,UNIAO DA VITORIA,3.278
mar-19,GASOLINA COMUM,SUL,PARANA,UNIAO DA VITORIA,4.372
mar-19,ETANOL HIDRATADO,NORDESTE,PERNAMBUCO,ARARIPINA,3.495
mar-19,GASOLINA COMUM,NORDESTE,PERNAMBUCO,ARARIPINA,4.727
mar-19,ETANOL HIDRATADO,NORDESTE,PERNAMBUCO,ARCOVERDE,3.476
mar-19,GASOLINA COMUM,NORDESTE,PERNAMBUCO,ARCOVERDE,4.41
mar-19,ETANOL HIDRATADO,NORDESTE,PERNAMBUCO,BELO JARDIM,3.321
mar-19,GASOLINA COMUM,NORDESTE,PERNAMBUCO,BELO JARDIM,4.278
mar-19,ETANOL HIDRATADO,NORDESTE,PERNAMBUCO,CABO DE SANTO AGOSTINHO,3.243
mar-19,GASOLINA COMUM,NORDESTE,PERNAMBUCO,CABO DE SANTO AGOSTINHO,4.25
mar-19,ETANOL HIDRATADO,NORDESTE,PERNAMBUCO,CARUARU,3.189
mar-19,GASOLINA COMUM,NORDESTE,PERNAMBUCO,CARUARU,4.111
mar-19,ETANOL HIDRATADO,NORDESTE,PERNAMBUCO,GARANHUNS,3.258
mar-19,GASOLINA COMUM,NORDESTE,PERNAMBUCO,GARANHUNS,4.273
mar-19,ETANOL HIDRATADO,NORDESTE,PERNAMBUCO,GOIANA,3.181
mar-19,GASOLINA COMUM,NORDESTE,PERNAMBUCO,GOIANA,4.129
mar-19,ETANOL HIDRATADO,NORDESTE,PERNAMBUCO,IGARASSU,3.182
mar-19,GASOLINA COMUM,NORDESTE,PERNAMBUCO,IGARASSU,4.118
mar-19,ETANOL HIDRATADO,NORDESTE,PERNAMBUCO,JABOATAO DOS GUARARAPES,3.175
mar-19,GASOLINA COMUM,NORDESTE,PERNAMBUCO,JABOATAO DOS GUARARAPES,4.141
mar-19,ETANOL HIDRATADO,NORDESTE,PERNAMBUCO,LAJEDO,3.261
mar-19,GASOLINA COMUM,NORDESTE,PERNAMBUCO,LAJEDO,4.205
mar-19,ETANOL HIDRATADO,NORDESTE,PERNAMBUCO,OLINDA,3.178
mar-19,GASOLINA COMUM,NORDESTE,PERNAMBUCO,OLINDA,4.124
mar-19,ETANOL HIDRATADO,NORDESTE,PERNAMBUCO,PAULISTA,3.163
mar-19,GASOLINA COMUM,NORDESTE,PERNAMBUCO,PAULISTA,4.067
mar-19,ETANOL HIDRATADO,NORDESTE,PERNAMBUCO,PETROLINA,3.533
mar-19,GASOLINA COMUM,NORDESTE,PERNAMBUCO,PETROLINA,4.714
mar-19,ETANOL HIDRATADO,NORDESTE,PERNAMBUCO,RECIFE,3.207
mar-19,GASOLINA COMUM,NORDESTE,PERNAMBUCO,RECIFE,4.156
mar-19,ETANOL HIDRATADO,NORDESTE,PERNAMBUCO,SALGUEIRO,3.506
mar-19,GASOLINA COMUM,NORDESTE,PERNAMBUCO,SALGUEIRO,4.709
mar-19,ETANOL HIDRATADO,NORDESTE,PERNAMBUCO,SANTA CRUZ DO CAPIBARIBE,3.222
mar-19,GASOLINA COMUM,NORDESTE,PERNAMBUCO,SANTA CRUZ DO CAPIBARIBE,4.204
mar-19,ETANOL HIDRATADO,NORDESTE,PERNAMBUCO,SERRA TALHADA,3.391
mar-19,GASOLINA COMUM,NORDESTE,PERNAMBUCO,SERRA TALHADA,4.279
mar-19,ETANOL HIDRATADO,NORDESTE,PERNAMBUCO,VITORIA DE SANTO ANTAO,3.224
mar-19,GASOLINA COMUM,NORDESTE,PERNAMBUCO,VITORIA DE SANTO ANTAO,4.124
mar-19,ETANOL HIDRATADO,NORDESTE,PIAUI,PARNAIBA,3.472
mar-19,GASOLINA COMUM,NORDESTE,PIAUI,PARNAIBA,4.586
mar-19,ETANOL HIDRATADO,NORDESTE,PIAUI,PICOS,3.555
mar-19,GASOLINA COMUM,NORDESTE,PIAUI,PICOS,4.492
mar-19,ETANOL HIDRATADO,NORDESTE,PIAUI,PIRIPIRI,3.376
mar-19,GASOLINA COMUM,NORDESTE,PIAUI,PIRIPIRI,4.481
mar-19,ETANOL HIDRATADO,NORDESTE,PIAUI,TERESINA,3.365
mar-19,GASOLINA COMUM,NORDESTE,PIAUI,TERESINA,4.419
mar-19,ETANOL HIDRATADO,SUDESTE,RIO DE JANEIRO,ANGRA DOS REIS,4.238
mar-19,GASOLINA COMUM,SUDESTE,RIO DE JANEIRO,ANGRA DOS REIS,5.19
mar-19,ETANOL HIDRATADO,SUDESTE,RIO DE JANEIRO,ARARUAMA,3.835
mar-19,GASOLINA COMUM,SUDESTE,RIO DE JANEIRO,ARARUAMA,4.747
mar-19,ETANOL HIDRATADO,SUDESTE,RIO DE JANEIRO,BARRA DO PIRAI,4.054
mar-19,GASOLINA COMUM,SUDESTE,RIO DE JANEIRO,BARRA DO PIRAI,4.946
mar-19,ETANOL HIDRATADO,SUDESTE,RIO DE JANEIRO,BARRA MANSA,4.026
mar-19,GASOLINA COMUM,SUDESTE,RIO DE JANEIRO,BARRA MANSA,4.873
mar-19,ETANOL HIDRATADO,SUDESTE,RIO DE JANEIRO,BELFORD ROXO,3.693
mar-19,GASOLINA COMUM,SUDESTE,RIO DE JANEIRO,BELFORD ROXO,4.699
mar-19,ETANOL HIDRATADO,SUDESTE,RIO DE JANEIRO,CABO FRIO,4.154
mar-19,GASOLINA COMUM,SUDESTE,RIO DE JANEIRO,CABO FRIO,4.995
mar-19,ETANOL HIDRATADO,SUDESTE,RIO DE JANEIRO,CAMPOS DOS GOYTACAZES,3.688
mar-19,GASOLINA COMUM,SUDESTE,RIO DE JANEIRO,CAMPOS DOS GOYTACAZES,4.796
mar-19,ETANOL HIDRATADO,SUDESTE,RIO DE JANEIRO,DUQUE DE CAXIAS,3.777
mar-19,GASOLINA COMUM,SUDESTE,RIO DE JANEIRO,DUQUE DE CAXIAS,4.747
mar-19,ETANOL HIDRATADO,SUDESTE,RIO DE JANEIRO,ITABORAI,3.706
mar-19,GASOLINA COMUM,SUDESTE,RIO DE JANEIRO,ITABORAI,4.724
mar-19,ETANOL HIDRATADO,SUDESTE,RIO DE JANEIRO,ITAGUAI,3.867
mar-19,GASOLINA COMUM,SUDESTE,RIO DE JANEIRO,ITAGUAI,4.75
mar-19,ETANOL HIDRATADO,SUDESTE,RIO DE JANEIRO,ITAPERUNA,3.859
mar-19,GASOLINA COMUM,SUDESTE,RIO DE JANEIRO,ITAPERUNA,4.906
mar-19,ETANOL HIDRATADO,SUDESTE,RIO DE JANEIRO,MACAE,4.136
mar-19,GASOLINA COMUM,SUDESTE,RIO DE JANEIRO,MACAE,4.931
mar-19,ETANOL HIDRATADO,SUDESTE,RIO DE JANEIRO,MAGE,3.722
mar-19,GASOLINA COMUM,SUDESTE,RIO DE JANEIRO,MAGE,4.826
mar-19,ETANOL HIDRATADO,SUDESTE,RIO DE JANEIRO,MARICA,3.953
mar-19,GASOLINA COMUM,SUDESTE,RIO DE JANEIRO,MARICA,4.805
mar-19,ETANOL HIDRATADO,SUDESTE,RIO DE JANEIRO,NILOPOLIS,3.68
mar-19,GASOLINA COMUM,SUDESTE,RIO DE JANEIRO,NILOPOLIS,4.671
mar-19,ETANOL HIDRATADO,SUDESTE,RIO DE JANEIRO,NITEROI,3.956
mar-19,GASOLINA COMUM,SUDESTE,RIO DE JANEIRO,NITEROI,4.806
mar-19,ETANOL HIDRATADO,SUDESTE,RIO DE JANEIRO,NOVA FRIBURGO,3.518
mar-19,GASOLINA COMUM,SUDESTE,RIO DE JANEIRO,NOVA FRIBURGO,4.678
mar-19,ETANOL HIDRATADO,SUDESTE,RIO DE JANEIRO,NOVA IGUACU,3.774
mar-19,GASOLINA COMUM,SUDESTE,RIO DE JANEIRO,NOVA IGUACU,4.7
mar-19,ETANOL HIDRATADO,SUDESTE,RIO DE JANEIRO,PETROPOLIS,3.969
mar-19,GASOLINA COMUM,SUDESTE,RIO DE JANEIRO,PETROPOLIS,5
mar-19,ETANOL HIDRATADO,SUDESTE,RIO DE JANEIRO,RESENDE,4.127
mar-19,GASOLINA COMUM,SUDESTE,RIO DE JANEIRO,RESENDE,4.856
mar-19,ETANOL HIDRATADO,SUDESTE,RIO DE JANEIRO,RIO BONITO,3.693
mar-19,GASOLINA COMUM,SUDESTE,RIO DE JANEIRO,RIO BONITO,4.668
mar-19,ETANOL HIDRATADO,SUDESTE,RIO DE JANEIRO,RIO DE JANEIRO,3.865
mar-19,GASOLINA COMUM,SUDESTE,RIO DE JANEIRO,RIO DE JANEIRO,4.759
mar-19,ETANOL HIDRATADO,SUDESTE,RIO DE JANEIRO,SANTO ANTONIO DE PADUA,3.472
mar-19,GASOLINA COMUM,SUDESTE,RIO DE JANEIRO,SANTO ANTONIO DE PADUA,4.872
mar-19,ETANOL HIDRATADO,SUDESTE,RIO DE JANEIRO,SAO FRANCISCO DE ITABAPOANA,4.016
mar-19,GASOLINA COMUM,SUDESTE,RIO DE JANEIRO,SAO FRANCISCO DE ITABAPOANA,4.87
mar-19,ETANOL HIDRATADO,SUDESTE,RIO DE JANEIRO,SAO GONCALO,3.818
mar-19,GASOLINA COMUM,SUDESTE,RIO DE JANEIRO,SAO GONCALO,4.747
mar-19,ETANOL HIDRATADO,SUDESTE,RIO DE JANEIRO,SAO JOAO DE MERITI,3.663
mar-19,GASOLINA COMUM,SUDESTE,RIO DE JANEIRO,SAO JOAO DE MERITI,4.671
mar-19,ETANOL HIDRATADO,SUDESTE,RIO DE JANEIRO,SAPUCAIA,3.785
mar-19,GASOLINA COMUM,SUDESTE,RIO DE JANEIRO,SAPUCAIA,4.761
mar-19,ETANOL HIDRATADO,SUDESTE,RIO DE JANEIRO,SAQUAREMA,3.892
mar-19,GASOLINA COMUM,SUDESTE,RIO DE JANEIRO,SAQUAREMA,4.892
mar-19,ETANOL HIDRATADO,SUDESTE,RIO DE JANEIRO,TERESOPOLIS,3.49
mar-19,GASOLINA COMUM,SUDESTE,RIO DE JANEIRO,TERESOPOLIS,4.692
mar-19,ETANOL HIDRATADO,SUDESTE,RIO DE JANEIRO,TRES RIOS,3.856
mar-19,GASOLINA COMUM,SUDESTE,RIO DE JANEIRO,TRES RIOS,4.787
mar-19,ETANOL HIDRATADO,SUDESTE,RIO DE JANEIRO,VALENCA,4.109
mar-19,GASOLINA COMUM,SUDESTE,RIO DE JANEIRO,VALENCA,4.933
mar-19,ETANOL HIDRATADO,SUDESTE,RIO DE JANEIRO,VOLTA REDONDA,4.151
mar-19,GASOLINA COMUM,SUDESTE,RIO DE JANEIRO,VOLTA REDONDA,4.894
mar-19,ETANOL HIDRATADO,NORDESTE,RIO GRANDE DO NORTE,CAICO,3.416
mar-19,GASOLINA COMUM,NORDESTE,RIO GRANDE DO NORTE,CAICO,4.215
mar-19,ETANOL HIDRATADO,NORDESTE,RIO GRANDE DO NORTE,MOSSORO,3.437
mar-19,GASOLINA COMUM,NORDESTE,RIO GRANDE DO NORTE,MOSSORO,4.33
mar-19,ETANOL HIDRATADO,NORDESTE,RIO GRANDE DO NORTE,NATAL,3.402
mar-19,GASOLINA COMUM,NORDESTE,RIO GRANDE DO NORTE,NATAL,4.322
mar-19,ETANOL HIDRATADO,NORDESTE,RIO GRANDE DO NORTE,PARNAMIRIM,3.372
mar-19,GASOLINA COMUM,NORDESTE,RIO GRANDE DO NORTE,PARNAMIRIM,4.303
mar-19,ETANOL HIDRATADO,SUL,RIO GRANDE DO SUL,ALEGRETE,4.26
mar-19,GASOLINA COMUM,SUL,RIO GRANDE DO SUL,ALEGRETE,4.623
mar-19,ETANOL HIDRATADO,SUL,RIO GRANDE DO SUL,ALVORADA,4.033
mar-19,GASOLINA COMUM,SUL,RIO GRANDE DO SUL,ALVORADA,4.463
mar-19,ETANOL HIDRATADO,SUL,RIO GRANDE DO SUL,BAGE,4.544
mar-19,GASOLINA COMUM,SUL,RIO GRANDE DO SUL,BAGE,4.987
mar-19,ETANOL HIDRATADO,SUL,RIO GRANDE DO SUL,BENTO GONCALVES,4.016
mar-19,GASOLINA COMUM,SUL,RIO GRANDE DO SUL,BENTO GONCALVES,4.406
mar-19,ETANOL HIDRATADO,SUL,RIO GRANDE DO SUL,CACHOEIRA DO SUL,4.047
mar-19,GASOLINA COMUM,SUL,RIO GRANDE DO SUL,CACHOEIRA DO SUL,4.466
mar-19,ETANOL HIDRATADO,SUL,RIO GRANDE DO SUL,CACHOEIRINHA,4.048
mar-19,GASOLINA COMUM,SUL,RIO GRANDE DO SUL,CACHOEIRINHA,4.374
mar-19,ETANOL HIDRATADO,SUL,RIO GRANDE DO SUL,CANOAS,4.021
mar-19,GASOLINA COMUM,SUL,RIO GRANDE DO SUL,CANOAS,4.343
mar-19,ETANOL HIDRATADO,SUL,RIO GRANDE DO SUL,CAXIAS DO SUL,4.103
mar-19,GASOLINA COMUM,SUL,RIO GRANDE DO SUL,CAXIAS DO SUL,4.58
mar-19,ETANOL HIDRATADO,SUL,RIO GRANDE DO SUL,CRUZ ALTA,4.036
mar-19,GASOLINA COMUM,SUL,RIO GRANDE DO SUL,CRUZ ALTA,4.536
mar-19,ETANOL HIDRATADO,SUL,RIO GRANDE DO SUL,ERECHIM,4.003
mar-19,GASOLINA COMUM,SUL,RIO GRANDE DO SUL,ERECHIM,4.468
mar-19,ETANOL HIDRATADO,SUL,RIO GRANDE DO SUL,ESTEIO,3.949
mar-19,GASOLINA COMUM,SUL,RIO GRANDE DO SUL,ESTEIO,4.313
mar-19,ETANOL HIDRATADO,SUL,RIO GRANDE DO SUL,GRAMADO,4.293
mar-19,GASOLINA COMUM,SUL,RIO GRANDE DO SUL,GRAMADO,4.741
mar-19,ETANOL HIDRATADO,SUL,RIO GRANDE DO SUL,GRAVATAI,3.926
mar-19,GASOLINA COMUM,SUL,RIO GRANDE DO SUL,GRAVATAI,4.225
mar-19,ETANOL HIDRATADO,SUL,RIO GRANDE DO SUL,GUAIBA,3.942
mar-19,GASOLINA COMUM,SUL,RIO GRANDE DO SUL,GUAIBA,4.354
mar-19,ETANOL HIDRATADO,SUL,RIO GRANDE DO SUL,IJUI,4.1
mar-19,GASOLINA COMUM,SUL,RIO GRANDE DO SUL,IJUI,4.519
mar-19,ETANOL HIDRATADO,SUL,RIO GRANDE DO SUL,LAJEADO,4.055
mar-19,GASOLINA COMUM,SUL,RIO GRANDE DO SUL,LAJEADO,4.334
mar-19,ETANOL HIDRATADO,SUL,RIO GRANDE DO SUL,NOVO HAMBURGO,3.774
mar-19,GASOLINA COMUM,SUL,RIO GRANDE DO SUL,NOVO HAMBURGO,4.26
mar-19,ETANOL HIDRATADO,SUL,RIO GRANDE DO SUL,OSORIO,3.938
mar-19,GASOLINA COMUM,SUL,RIO GRANDE DO SUL,OSORIO,4.366
mar-19,ETANOL HIDRATADO,SUL,RIO GRANDE DO SUL,PASSO FUNDO,4.034
mar-19,GASOLINA COMUM,SUL,RIO GRANDE DO SUL,PASSO FUNDO,4.353
mar-19,ETANOL HIDRATADO,SUL,RIO GRANDE DO SUL,PELOTAS,4.224
mar-19,GASOLINA COMUM,SUL,RIO GRANDE DO SUL,PELOTAS,4.637
mar-19,ETANOL HIDRATADO,SUL,RIO GRANDE DO SUL,PORTO ALEGRE,4.013
mar-19,GASOLINA COMUM,SUL,RIO GRANDE DO SUL,PORTO ALEGRE,4.451
mar-19,ETANOL HIDRATADO,SUL,RIO GRANDE DO SUL,RIO GRANDE,4.11
mar-19,GASOLINA COMUM,SUL,RIO GRANDE DO SUL,RIO GRANDE,4.528
mar-19,ETANOL HIDRATADO,SUL,RIO GRANDE DO SUL,SANTA CRUZ DO SUL,4.126
mar-19,GASOLINA COMUM,SUL,RIO GRANDE DO SUL,SANTA CRUZ DO SUL,4.333
mar-19,ETANOL HIDRATADO,SUL,RIO GRANDE DO SUL,SANTA MARIA,4.021
mar-19,GASOLINA COMUM,SUL,RIO GRANDE DO SUL,SANTA MARIA,4.524
mar-19,GASOLINA COMUM,SUL,RIO GRANDE DO SUL,SANTA ROSA,4.532
mar-19,ETANOL HIDRATADO,SUL,RIO GRANDE DO SUL,SANTANA DO LIVRAMENTO,4.31
mar-19,GASOLINA COMUM,SUL,RIO GRANDE DO SUL,SANTANA DO LIVRAMENTO,4.745
mar-19,ETANOL HIDRATADO,SUL,RIO GRANDE DO SUL,SANTO ANGELO,4.074
mar-19,GASOLINA COMUM,SUL,RIO GRANDE DO SUL,SANTO ANGELO,4.552
mar-19,ETANOL HIDRATADO,SUL,RIO GRANDE DO SUL,SAO GABRIEL,4.104
mar-19,GASOLINA COMUM,SUL,RIO GRANDE DO SUL,SAO GABRIEL,4.6
mar-19,ETANOL HIDRATADO,SUL,RIO GRANDE DO SUL,SAO LEOPOLDO,3.648
mar-19,GASOLINA COMUM,SUL,RIO GRANDE DO SUL,SAO LEOPOLDO,4.313
mar-19,ETANOL HIDRATADO,SUL,RIO GRANDE DO SUL,SAO LUIZ GONZAGA,3.893
mar-19,GASOLINA COMUM,SUL,RIO GRANDE DO SUL,SAO LUIZ GONZAGA,4.493
mar-19,ETANOL HIDRATADO,SUL,RIO GRANDE DO SUL,SAPIRANGA,3.803
mar-19,GASOLINA COMUM,SUL,RIO GRANDE DO SUL,SAPIRANGA,4.268
mar-19,ETANOL HIDRATADO,SUL,RIO GRANDE DO SUL,SAPUCAIA DO SUL,3.863
mar-19,GASOLINA COMUM,SUL,RIO GRANDE DO SUL,SAPUCAIA DO SUL,4.259
mar-19,ETANOL HIDRATADO,SUL,RIO GRANDE DO SUL,TORRES,4.086
mar-19,GASOLINA COMUM,SUL,RIO GRANDE DO SUL,TORRES,4.42
mar-19,GASOLINA COMUM,SUL,RIO GRANDE DO SUL,URUGUAIANA,4.648
mar-19,ETANOL HIDRATADO,SUL,RIO GRANDE DO SUL,VACARIA,4.217
mar-19,GASOLINA COMUM,SUL,RIO GRANDE DO SUL,VACARIA,4.665
mar-19,ETANOL HIDRATADO,SUL,RIO GRANDE DO SUL,VIAMAO,4.012
mar-19,GASOLINA COMUM,SUL,RIO GRANDE DO SUL,VIAMAO,4.434
mar-19,ETANOL HIDRATADO,NORTE,RONDONIA,ARIQUEMES,3.979
mar-19,GASOLINA COMUM,NORTE,RONDONIA,ARIQUEMES,4.443
mar-19,ETANOL HIDRATADO,NORTE,RONDONIA,CACOAL,4.227
mar-19,GASOLINA COMUM,NORTE,RONDONIA,CACOAL,4.534
mar-19,ETANOL HIDRATADO,NORTE,RONDONIA,JI-PARANA,4.075
mar-19,GASOLINA COMUM,NORTE,RONDONIA,JI-PARANA,4.453
mar-19,ETANOL HIDRATADO,NORTE,RONDONIA,PIMENTA BUENO,4.365
mar-19,GASOLINA COMUM,NORTE,RONDONIA,PIMENTA BUENO,4.648
mar-19,ETANOL HIDRATADO,NORTE,RONDONIA,PORTO VELHO,3.695
mar-19,GASOLINA COMUM,NORTE,RONDONIA,PORTO VELHO,4.441
mar-19,ETANOL HIDRATADO,NORTE,RONDONIA,VILHENA,3.875
mar-19,GASOLINA COMUM,NORTE,RONDONIA,VILHENA,4.415
mar-19,ETANOL HIDRATADO,NORTE,RORAIMA,BOA VISTA,3.72
mar-19,GASOLINA COMUM,NORTE,RORAIMA,BOA VISTA,3.932
mar-19,ETANOL HIDRATADO,SUL,SANTA CATARINA,ARARANGUA,3.541
mar-19,GASOLINA COMUM,SUL,SANTA CATARINA,ARARANGUA,4.064
mar-19,ETANOL HIDRATADO,SUL,SANTA CATARINA,BALNEARIO CAMBORIU,3.605
mar-19,GASOLINA COMUM,SUL,SANTA CATARINA,BALNEARIO CAMBORIU,4.102
mar-19,ETANOL HIDRATADO,SUL,SANTA CATARINA,BIGUACU,3.44
mar-19,GASOLINA COMUM,SUL,SANTA CATARINA,BIGUACU,4.016
mar-19,ETANOL HIDRATADO,SUL,SANTA CATARINA,BLUMENAU,3.455
mar-19,GASOLINA COMUM,SUL,SANTA CATARINA,BLUMENAU,3.975
mar-19,ETANOL HIDRATADO,SUL,SANTA CATARINA,BRUSQUE,3.485
mar-19,GASOLINA COMUM,SUL,SANTA CATARINA,BRUSQUE,3.982
mar-19,ETANOL HIDRATADO,SUL,SANTA CATARINA,CACADOR,3.626
mar-19,GASOLINA COMUM,SUL,SANTA CATARINA,CACADOR,4.11
mar-19,ETANOL HIDRATADO,SUL,SANTA CATARINA,CHAPECO,3.585
mar-19,GASOLINA COMUM,SUL,SANTA CATARINA,CHAPECO,4.092
mar-19,ETANOL HIDRATADO,SUL,SANTA CATARINA,CONCORDIA,3.683
mar-19,GASOLINA COMUM,SUL,SANTA CATARINA,CONCORDIA,4.284
mar-19,ETANOL HIDRATADO,SUL,SANTA CATARINA,CRICIUMA,3.489
mar-19,GASOLINA COMUM,SUL,SANTA CATARINA,CRICIUMA,4.104
mar-19,ETANOL HIDRATADO,SUL,SANTA CATARINA,FLORIANOPOLIS,3.64
mar-19,GASOLINA COMUM,SUL,SANTA CATARINA,FLORIANOPOLIS,4.197
mar-19,ETANOL HIDRATADO,SUL,SANTA CATARINA,ITAJAI,3.43
mar-19,GASOLINA COMUM,SUL,SANTA CATARINA,ITAJAI,3.9
mar-19,ETANOL HIDRATADO,SUL,SANTA CATARINA,JARAGUA DO SUL,3.395
mar-19,GASOLINA COMUM,SUL,SANTA CATARINA,JARAGUA DO SUL,4.004
mar-19,ETANOL HIDRATADO,SUL,SANTA CATARINA,JOINVILLE,3.438
mar-19,GASOLINA COMUM,SUL,SANTA CATARINA,JOINVILLE,3.952
mar-19,ETANOL HIDRATADO,SUL,SANTA CATARINA,LAGES,3.504
mar-19,GASOLINA COMUM,SUL,SANTA CATARINA,LAGES,4.047
mar-19,ETANOL HIDRATADO,SUL,SANTA CATARINA,LAGUNA,3.599
mar-19,GASOLINA COMUM,SUL,SANTA CATARINA,LAGUNA,4.075
mar-19,ETANOL HIDRATADO,SUL,SANTA CATARINA,MAFRA,3.546
mar-19,GASOLINA COMUM,SUL,SANTA CATARINA,MAFRA,4.167
mar-19,ETANOL HIDRATADO,SUL,SANTA CATARINA,PALHOCA,3.569
mar-19,GASOLINA COMUM,SUL,SANTA CATARINA,PALHOCA,4.014
mar-19,ETANOL HIDRATADO,SUL,SANTA CATARINA,SAO JOSE,3.468
mar-19,GASOLINA COMUM,SUL,SANTA CATARINA,SAO JOSE,3.995
mar-19,ETANOL HIDRATADO,SUL,SANTA CATARINA,TUBARAO,3.61
mar-19,GASOLINA COMUM,SUL,SANTA CATARINA,TUBARAO,4.056
mar-19,ETANOL HIDRATADO,SUL,SANTA CATARINA,VIDEIRA,3.553
mar-19,GASOLINA COMUM,SUL,SANTA CATARINA,VIDEIRA,4.186
mar-19,ETANOL HIDRATADO,SUL,SANTA CATARINA,XANXERE,3.592
mar-19,GASOLINA COMUM,SUL,SANTA CATARINA,XANXERE,4.128
mar-19,ETANOL HIDRATADO,SUDESTE,SAO PAULO,ADAMANTINA,2.721
mar-19,GASOLINA COMUM,SUDESTE,SAO PAULO,ADAMANTINA,4.085
mar-19,ETANOL HIDRATADO,SUDESTE,SAO PAULO,AMERICANA,2.729
mar-19,GASOLINA COMUM,SUDESTE,SAO PAULO,AMERICANA,3.949
mar-19,ETANOL HIDRATADO,SUDESTE,SAO PAULO,AMPARO,2.943
mar-19,GASOLINA COMUM,SUDESTE,SAO PAULO,AMPARO,4.131
mar-19,ETANOL HIDRATADO,SUDESTE,SAO PAULO,ARACATUBA,2.83
mar-19,GASOLINA COMUM,SUDESTE,SAO PAULO,ARACATUBA,4.265
mar-19,ETANOL HIDRATADO,SUDESTE,SAO PAULO,ARARAQUARA,2.693
mar-19,GASOLINA COMUM,SUDESTE,SAO PAULO,ARARAQUARA,4.071
mar-19,ETANOL HIDRATADO,SUDESTE,SAO PAULO,ARARAS,2.797
mar-19,GASOLINA COMUM,SUDESTE,SAO PAULO,ARARAS,4.013
mar-19,ETANOL HIDRATADO,SUDESTE,SAO PAULO,ASSIS,2.871
mar-19,GASOLINA COMUM,SUDESTE,SAO PAULO,ASSIS,4.241
mar-19,ETANOL HIDRATADO,SUDESTE,SAO PAULO,ATIBAIA,2.923
mar-19,GASOLINA COMUM,SUDESTE,SAO PAULO,ATIBAIA,4.107
mar-19,ETANOL HIDRATADO,SUDESTE,SAO PAULO,AVARE,2.904
mar-19,GASOLINA COMUM,SUDESTE,SAO PAULO,AVARE,4.162
mar-19,ETANOL HIDRATADO,SUDESTE,SAO PAULO,BARRETOS,2.816
mar-19,GASOLINA COMUM,SUDESTE,SAO PAULO,BARRETOS,4.202
mar-19,ETANOL HIDRATADO,SUDESTE,SAO PAULO,BARUERI,2.821
mar-19,GASOLINA COMUM,SUDESTE,SAO PAULO,BARUERI,4.064
mar-19,ETANOL HIDRATADO,SUDESTE,SAO PAULO,BAURU,2.682
mar-19,GASOLINA COMUM,SUDESTE,SAO PAULO,BAURU,3.99
mar-19,ETANOL HIDRATADO,SUDESTE,SAO PAULO,BEBEDOURO,2.843
mar-19,GASOLINA COMUM,SUDESTE,SAO PAULO,BEBEDOURO,4.298
mar-19,ETANOL HIDRATADO,SUDESTE,SAO PAULO,BIRIGUI,2.742
mar-19,GASOLINA COMUM,SUDESTE,SAO PAULO,BIRIGUI,4.217
mar-19,ETANOL HIDRATADO,SUDESTE,SAO PAULO,BOTUCATU,2.986
mar-19,GASOLINA COMUM,SUDESTE,SAO PAULO,BOTUCATU,4.252
mar-19,ETANOL HIDRATADO,SUDESTE,SAO PAULO,BRAGANCA PAULISTA,2.883
mar-19,GASOLINA COMUM,SUDESTE,SAO PAULO,BRAGANCA PAULISTA,3.998
mar-19,ETANOL HIDRATADO,SUDESTE,SAO PAULO,CACAPAVA,2.839
mar-19,GASOLINA COMUM,SUDESTE,SAO PAULO,CACAPAVA,4.017
mar-19,ETANOL HIDRATADO,SUDESTE,SAO PAULO,CAMPINAS,2.844
mar-19,GASOLINA COMUM,SUDESTE,SAO PAULO,CAMPINAS,4.037
mar-19,ETANOL HIDRATADO,SUDESTE,SAO PAULO,CARAGUATATUBA,3.161
mar-19,GASOLINA COMUM,SUDESTE,SAO PAULO,CARAGUATATUBA,4.375
mar-19,ETANOL HIDRATADO,SUDESTE,SAO PAULO,CARAPICUIBA,2.824
mar-19,GASOLINA COMUM,SUDESTE,SAO PAULO,CARAPICUIBA,4.049
mar-19,ETANOL HIDRATADO,SUDESTE,SAO PAULO,CATANDUVA,2.809
mar-19,GASOLINA COMUM,SUDESTE,SAO PAULO,CATANDUVA,4.146
mar-19,ETANOL HIDRATADO,SUDESTE,SAO PAULO,COSMOPOLIS,2.784
mar-19,GASOLINA COMUM,SUDESTE,SAO PAULO,COSMOPOLIS,3.915
mar-19,ETANOL HIDRATADO,SUDESTE,SAO PAULO,COTIA,2.894
mar-19,GASOLINA COMUM,SUDESTE,SAO PAULO,COTIA,4.109
mar-19,ETANOL HIDRATADO,SUDESTE,SAO PAULO,CRUZEIRO,2.928
mar-19,GASOLINA COMUM,SUDESTE,SAO PAULO,CRUZEIRO,4.047
mar-19,ETANOL HIDRATADO,SUDESTE,SAO PAULO,CUBATAO,3.24
mar-19,GASOLINA COMUM,SUDESTE,SAO PAULO,CUBATAO,4.518
mar-19,ETANOL HIDRATADO,SUDESTE,SAO PAULO,DIADEMA,2.784
mar-19,GASOLINA COMUM,SUDESTE,SAO PAULO,DIADEMA,3.994
mar-19,ETANOL HIDRATADO,SUDESTE,SAO PAULO,DRACENA,2.798
mar-19,GASOLINA COMUM,SUDESTE,SAO PAULO,DRACENA,4.324
mar-19,ETANOL HIDRATADO,SUDESTE,SAO PAULO,EMBU DAS ARTES,2.859
mar-19,GASOLINA COMUM,SUDESTE,SAO PAULO,EMBU DAS ARTES,4.092
mar-19,ETANOL HIDRATADO,SUDESTE,SAO PAULO,FRANCA,2.97
mar-19,GASOLINA COMUM,SUDESTE,SAO PAULO,FRANCA,4.27
mar-19,ETANOL HIDRATADO,SUDESTE,SAO PAULO,GARCA,2.929
mar-19,GASOLINA COMUM,SUDESTE,SAO PAULO,GARCA,4.196
mar-19,ETANOL HIDRATADO,SUDESTE,SAO PAULO,GUARATINGUETA,2.99
mar-19,GASOLINA COMUM,SUDESTE,SAO PAULO,GUARATINGUETA,4.057
mar-19,ETANOL HIDRATADO,SUDESTE,SAO PAULO,GUARUJA,2.976
mar-19,GASOLINA COMUM,SUDESTE,SAO PAULO,GUARUJA,4.438
mar-19,ETANOL HIDRATADO,SUDESTE,SAO PAULO,GUARULHOS,2.779
mar-19,GASOLINA COMUM,SUDESTE,SAO PAULO,GUARULHOS,3.983
mar-19,ETANOL HIDRATADO,SUDESTE,SAO PAULO,HORTOLANDIA,2.681
mar-19,GASOLINA COMUM,SUDESTE,SAO PAULO,HORTOLANDIA,3.955
mar-19,ETANOL HIDRATADO,SUDESTE,SAO PAULO,IBITINGA,2.672
mar-19,GASOLINA COMUM,SUDESTE,SAO PAULO,IBITINGA,4.058
mar-19,ETANOL HIDRATADO,SUDESTE,SAO PAULO,INDAIATUBA,2.834
mar-19,GASOLINA COMUM,SUDESTE,SAO PAULO,INDAIATUBA,4.07
mar-19,ETANOL HIDRATADO,SUDESTE,SAO PAULO,ITANHAEM,2.986
mar-19,GASOLINA COMUM,SUDESTE,SAO PAULO,ITANHAEM,4.193
mar-19,ETANOL HIDRATADO,SUDESTE,SAO PAULO,ITAPECERICA DA SERRA,2.843
mar-19,GASOLINA COMUM,SUDESTE,SAO PAULO,ITAPECERICA DA SERRA,4.07
mar-19,ETANOL HIDRATADO,SUDESTE,SAO PAULO,ITAPETININGA,2.891
mar-19,GASOLINA COMUM,SUDESTE,SAO PAULO,ITAPETININGA,4.089
mar-19,ETANOL HIDRATADO,SUDESTE,SAO PAULO,ITAPEVA,3.041
mar-19,GASOLINA COMUM,SUDESTE,SAO PAULO,ITAPEVA,4.311
mar-19,ETANOL HIDRATADO,SUDESTE,SAO PAULO,ITAPIRA,2.846
mar-19,GASOLINA COMUM,SUDESTE,SAO PAULO,ITAPIRA,4.081
mar-19,ETANOL HIDRATADO,SUDESTE,SAO PAULO,ITAPOLIS,2.833
mar-19,GASOLINA COMUM,SUDESTE,SAO PAULO,ITAPOLIS,4.177
mar-19,ETANOL HIDRATADO,SUDESTE,SAO PAULO,ITAQUAQUECETUBA,2.789
mar-19,GASOLINA COMUM,SUDESTE,SAO PAULO,ITAQUAQUECETUBA,4.012
mar-19,ETANOL HIDRATADO,SUDESTE,SAO PAULO,ITATIBA,2.82
mar-19,GASOLINA COMUM,SUDESTE,SAO PAULO,ITATIBA,4.035
mar-19,ETANOL HIDRATADO,SUDESTE,SAO PAULO,ITU,2.826
mar-19,GASOLINA COMUM,SUDESTE,SAO PAULO,ITU,4.069
mar-19,ETANOL HIDRATADO,SUDESTE,SAO PAULO,JABOTICABAL,2.819
mar-19,GASOLINA COMUM,SUDESTE,SAO PAULO,JABOTICABAL,4.288
mar-19,ETANOL HIDRATADO,SUDESTE,SAO PAULO,JACAREI,2.827
mar-19,GASOLINA COMUM,SUDESTE,SAO PAULO,JACAREI,3.989
mar-19,ETANOL HIDRATADO,SUDESTE,SAO PAULO,JALES,2.787
mar-19,GASOLINA COMUM,SUDESTE,SAO PAULO,JALES,4.165
mar-19,ETANOL HIDRATADO,SUDESTE,SAO PAULO,JAU,2.789
mar-19,GASOLINA COMUM,SUDESTE,SAO PAULO,JAU,4.124
mar-19,ETANOL HIDRATADO,SUDESTE,SAO PAULO,JOSE BONIFACIO,2.676
mar-19,GASOLINA COMUM,SUDESTE,SAO PAULO,JOSE BONIFACIO,4.101
mar-19,ETANOL HIDRATADO,SUDESTE,SAO PAULO,JUNDIAI,2.842
mar-19,GASOLINA COMUM,SUDESTE,SAO PAULO,JUNDIAI,4.08
mar-19,ETANOL HIDRATADO,SUDESTE,SAO PAULO,LEME,2.768
mar-19,GASOLINA COMUM,SUDESTE,SAO PAULO,LEME,4.002
mar-19,ETANOL HIDRATADO,SUDESTE,SAO PAULO,LIMEIRA,2.776
mar-19,GASOLINA COMUM,SUDESTE,SAO PAULO,LIMEIRA,4.041
mar-19,ETANOL HIDRATADO,SUDESTE,SAO PAULO,LINS,2.812
mar-19,GASOLINA COMUM,SUDESTE,SAO PAULO,LINS,4.14
mar-19,ETANOL HIDRATADO,SUDESTE,SAO PAULO,LORENA,2.898
mar-19,GASOLINA COMUM,SUDESTE,SAO PAULO,LORENA,4.003
mar-19,ETANOL HIDRATADO,SUDESTE,SAO PAULO,MARILIA,2.812
mar-19,GASOLINA COMUM,SUDESTE,SAO PAULO,MARILIA,4.161
mar-19,ETANOL HIDRATADO,SUDESTE,SAO PAULO,MATAO,2.89
mar-19,GASOLINA COMUM,SUDESTE,SAO PAULO,MATAO,4.237
mar-19,ETANOL HIDRATADO,SUDESTE,SAO PAULO,MAUA,2.855
mar-19,GASOLINA COMUM,SUDESTE,SAO PAULO,MAUA,4.035
mar-19,ETANOL HIDRATADO,SUDESTE,SAO PAULO,MIRASSOL,2.665
mar-19,GASOLINA COMUM,SUDESTE,SAO PAULO,MIRASSOL,4.054
mar-19,ETANOL HIDRATADO,SUDESTE,SAO PAULO,MOCOCA,2.763
mar-19,GASOLINA COMUM,SUDESTE,SAO PAULO,MOCOCA,4.084
mar-19,ETANOL HIDRATADO,SUDESTE,SAO PAULO,MOGI DAS CRUZES,2.836
mar-19,GASOLINA COMUM,SUDESTE,SAO PAULO,MOGI DAS CRUZES,4.014
mar-19,ETANOL HIDRATADO,SUDESTE,SAO PAULO,MOGI GUACU,2.847
mar-19,GASOLINA COMUM,SUDESTE,SAO PAULO,MOGI GUACU,4.069
mar-19,ETANOL HIDRATADO,SUDESTE,SAO PAULO,MOGI MIRIM,2.79
mar-19,GASOLINA COMUM,SUDESTE,SAO PAULO,MOGI MIRIM,4.037
mar-19,ETANOL HIDRATADO,SUDESTE,SAO PAULO,MONTE ALTO,2.845
mar-19,GASOLINA COMUM,SUDESTE,SAO PAULO,MONTE ALTO,4.285
mar-19,ETANOL HIDRATADO,SUDESTE,SAO PAULO,OLIMPIA,2.709
mar-19,GASOLINA COMUM,SUDESTE,SAO PAULO,OLIMPIA,4.265
mar-19,ETANOL HIDRATADO,SUDESTE,SAO PAULO,OSASCO,2.852
mar-19,GASOLINA COMUM,SUDESTE,SAO PAULO,OSASCO,4.075
mar-19,ETANOL HIDRATADO,SUDESTE,SAO PAULO,OURINHOS,2.849
mar-19,GASOLINA COMUM,SUDESTE,SAO PAULO,OURINHOS,4.211
mar-19,ETANOL HIDRATADO,SUDESTE,SAO PAULO,PARAGUACU PAULISTA,2.865
mar-19,GASOLINA COMUM,SUDESTE,SAO PAULO,PARAGUACU PAULISTA,4.318
mar-19,ETANOL HIDRATADO,SUDESTE,SAO PAULO,PAULINIA,2.8
mar-19,GASOLINA COMUM,SUDESTE,SAO PAULO,PAULINIA,3.988
mar-19,ETANOL HIDRATADO,SUDESTE,SAO PAULO,PINDAMONHANGABA,2.86
mar-19,GASOLINA COMUM,SUDESTE,SAO PAULO,PINDAMONHANGABA,3.974
mar-19,ETANOL HIDRATADO,SUDESTE,SAO PAULO,PIRACICABA,2.822
mar-19,GASOLINA COMUM,SUDESTE,SAO PAULO,PIRACICABA,4.09
mar-19,ETANOL HIDRATADO,SUDESTE,SAO PAULO,PIRASSUNUNGA,2.801
mar-19,GASOLINA COMUM,SUDESTE,SAO PAULO,PIRASSUNUNGA,4.109
mar-19,ETANOL HIDRATADO,SUDESTE,SAO PAULO,POA,2.757
mar-19,GASOLINA COMUM,SUDESTE,SAO PAULO,POA,3.945
mar-19,ETANOL HIDRATADO,SUDESTE,SAO PAULO,PORTO FERREIRA,2.733
mar-19,GASOLINA COMUM,SUDESTE,SAO PAULO,PORTO FERREIRA,4.01
mar-19,ETANOL HIDRATADO,SUDESTE,SAO PAULO,PRAIA GRANDE,2.98
mar-19,GASOLINA COMUM,SUDESTE,SAO PAULO,PRAIA GRANDE,4.162
mar-19,ETANOL HIDRATADO,SUDESTE,SAO PAULO,PRESIDENTE PRUDENTE,2.825
mar-19,GASOLINA COMUM,SUDESTE,SAO PAULO,PRESIDENTE PRUDENTE,4.271
mar-19,ETANOL HIDRATADO,SUDESTE,SAO PAULO,PRESIDENTE VENCESLAU,2.911
mar-19,GASOLINA COMUM,SUDESTE,SAO PAULO,PRESIDENTE VENCESLAU,4.204
mar-19,ETANOL HIDRATADO,SUDESTE,SAO PAULO,RIBEIRAO PIRES,2.849
mar-19,GASOLINA COMUM,SUDESTE,SAO PAULO,RIBEIRAO PIRES,4.051
mar-19,ETANOL HIDRATADO,SUDESTE,SAO PAULO,RIBEIRAO PRETO,2.803
mar-19,GASOLINA COMUM,SUDESTE,SAO PAULO,RIBEIRAO PRETO,4.173
mar-19,ETANOL HIDRATADO,SUDESTE,SAO PAULO,RIO CLARO,2.845
mar-19,GASOLINA COMUM,SUDESTE,SAO PAULO,RIO CLARO,4.053
mar-19,ETANOL HIDRATADO,SUDESTE,SAO PAULO,SALTO,2.777
mar-19,GASOLINA COMUM,SUDESTE,SAO PAULO,SALTO,4.032
mar-19,ETANOL HIDRATADO,SUDESTE,SAO PAULO,SANTA BARBARA D'OESTE,2.71
mar-19,GASOLINA COMUM,SUDESTE,SAO PAULO,SANTA BARBARA D'OESTE,3.94
mar-19,ETANOL HIDRATADO,SUDESTE,SAO PAULO,SANTA CRUZ DO RIO PARDO,2.887
mar-19,GASOLINA COMUM,SUDESTE,SAO PAULO,SANTA CRUZ DO RIO PARDO,4.24
mar-19,ETANOL HIDRATADO,SUDESTE,SAO PAULO,SANTO ANDRE,2.829
mar-19,GASOLINA COMUM,SUDESTE,SAO PAULO,SANTO ANDRE,4.07
mar-19,ETANOL HIDRATADO,SUDESTE,SAO PAULO,SANTOS,3.029
mar-19,GASOLINA COMUM,SUDESTE,SAO PAULO,SANTOS,4.231
mar-19,ETANOL HIDRATADO,SUDESTE,SAO PAULO,SAO BERNARDO DO CAMPO,2.841
mar-19,GASOLINA COMUM,SUDESTE,SAO PAULO,SAO BERNARDO DO CAMPO,4.038
mar-19,ETANOL HIDRATADO,SUDESTE,SAO PAULO,SAO CAETANO DO SUL,2.87
mar-19,GASOLINA COMUM,SUDESTE,SAO PAULO,SAO CAETANO DO SUL,4.118
mar-19,ETANOL HIDRATADO,SUDESTE,SAO PAULO,SAO CARLOS,2.886
mar-19,GASOLINA COMUM,SUDESTE,SAO PAULO,SAO CARLOS,4.214
mar-19,ETANOL HIDRATADO,SUDESTE,SAO PAULO,SAO JOAO DA BOA VISTA,2.795
mar-19,GASOLINA COMUM,SUDESTE,SAO PAULO,SAO JOAO DA BOA VISTA,4.005
mar-19,ETANOL HIDRATADO,SUDESTE,SAO PAULO,SAO JOSE DO RIO PRETO,2.706
mar-19,GASOLINA COMUM,SUDESTE,SAO PAULO,SAO JOSE DO RIO PRETO,4.154
mar-19,ETANOL HIDRATADO,SUDESTE,SAO PAULO,SAO JOSE DOS CAMPOS,2.82
mar-19,GASOLINA COMUM,SUDESTE,SAO PAULO,SAO JOSE DOS CAMPOS,3.96
mar-19,ETANOL HIDRATADO,SUDESTE,SAO PAULO,SAO PAULO,2.794
mar-19,GASOLINA COMUM,SUDESTE,SAO PAULO,SAO PAULO,4.017
mar-19,ETANOL HIDRATADO,SUDESTE,SAO PAULO,SAO ROQUE,2.974
mar-19,GASOLINA COMUM,SUDESTE,SAO PAULO,SAO ROQUE,4.19
mar-19,ETANOL HIDRATADO,SUDESTE,SAO PAULO,SAO VICENTE,2.898
mar-19,GASOLINA COMUM,SUDESTE,SAO PAULO,SAO VICENTE,4.172
mar-19,ETANOL HIDRATADO,SUDESTE,SAO PAULO,SERTAOZINHO,2.793
mar-19,GASOLINA COMUM,SUDESTE,SAO PAULO,SERTAOZINHO,4.258
mar-19,ETANOL HIDRATADO,SUDESTE,SAO PAULO,SOROCABA,2.805
mar-19,GASOLINA COMUM,SUDESTE,SAO PAULO,SOROCABA,4.01
mar-19,ETANOL HIDRATADO,SUDESTE,SAO PAULO,SUMARE,2.786
mar-19,GASOLINA COMUM,SUDESTE,SAO PAULO,SUMARE,4.011
mar-19,ETANOL HIDRATADO,SUDESTE,SAO PAULO,SUZANO,2.817
mar-19,GASOLINA COMUM,SUDESTE,SAO PAULO,SUZANO,3.996
mar-19,ETANOL HIDRATADO,SUDESTE,SAO PAULO,TABOAO DA SERRA,2.782
mar-19,GASOLINA COMUM,SUDESTE,SAO PAULO,TABOAO DA SERRA,4.019
mar-19,ETANOL HIDRATADO,SUDESTE,SAO PAULO,TATUI,2.805
mar-19,GASOLINA COMUM,SUDESTE,SAO PAULO,TATUI,4.03
mar-19,ETANOL HIDRATADO,SUDESTE,SAO PAULO,TAUBATE,2.836
mar-19,GASOLINA COMUM,SUDESTE,SAO PAULO,TAUBATE,3.976
mar-19,ETANOL HIDRATADO,SUDESTE,SAO PAULO,TUPA,2.885
mar-19,GASOLINA COMUM,SUDESTE,SAO PAULO,TUPA,4.175
mar-19,ETANOL HIDRATADO,SUDESTE,SAO PAULO,UBATUBA,3.093
mar-19,GASOLINA COMUM,SUDESTE,SAO PAULO,UBATUBA,4.325
mar-19,ETANOL HIDRATADO,SUDESTE,SAO PAULO,VALINHOS,2.748
mar-19,GASOLINA COMUM,SUDESTE,SAO PAULO,VALINHOS,3.987
mar-19,ETANOL HIDRATADO,SUDESTE,SAO PAULO,VARZEA PAULISTA,2.846
mar-19,GASOLINA COMUM,SUDESTE,SAO PAULO,VARZEA PAULISTA,4.056
mar-19,ETANOL HIDRATADO,SUDESTE,SAO PAULO,VINHEDO,2.766
mar-19,GASOLINA COMUM,SUDESTE,SAO PAULO,VINHEDO,3.945
mar-19,ETANOL HIDRATADO,SUDESTE,SAO PAULO,VOTORANTIM,2.736
mar-19,GASOLINA COMUM,SUDESTE,SAO PAULO,VOTORANTIM,3.952
mar-19,ETANOL HIDRATADO,SUDESTE,SAO PAULO,VOTUPORANGA,2.924
mar-19,GASOLINA COMUM,SUDESTE,SAO PAULO,VOTUPORANGA,4.226
mar-19,ETANOL HIDRATADO,NORDESTE,SERGIPE,ARACAJU,3.491
mar-19,GASOLINA COMUM,NORDESTE,SERGIPE,ARACAJU,4.404
mar-19,ETANOL HIDRATADO,NORDESTE,SERGIPE,ITABAIANA,3.453
mar-19,GASOLINA COMUM,NORDESTE,SERGIPE,ITABAIANA,4.26
mar-19,ETANOL HIDRATADO,NORDESTE,SERGIPE,LAGARTO,3.248
mar-19,GASOLINA COMUM,NORDESTE,SERGIPE,LAGARTO,4.145
mar-19,ETANOL HIDRATADO,NORDESTE,SERGIPE,NOSSA SENHORA DO SOCORRO,3.458
mar-19,GASOLINA COMUM,NORDESTE,SERGIPE,NOSSA SENHORA DO SOCORRO,4.405
mar-19,ETANOL HIDRATADO,NORTE,TOCANTINS,ARAGUAINA,3.796
mar-19,GASOLINA COMUM,NORTE,TOCANTINS,ARAGUAINA,4.421
mar-19,ETANOL HIDRATADO,NORTE,TOCANTINS,GURUPI,3.778
mar-19,GASOLINA COMUM,NORTE,TOCANTINS,GURUPI,4.486
mar-19,ETANOL HIDRATADO,NORTE,TOCANTINS,PALMAS,3.593
mar-19,GASOLINA COMUM,NORTE,TOCANTINS,PALMAS,4.519
mar-19,ETANOL HIDRATADO,NORTE,TOCANTINS,PARAISO DO TOCANTINS,3.746
mar-19,GASOLINA COMUM,NORTE,TOCANTINS,PARAISO DO TOCANTINS,4.566
mar-19,ETANOL HIDRATADO,NORTE,TOCANTINS,PORTO NACIONAL,3.617
mar-19,GASOLINA COMUM,NORTE,TOCANTINS,PORTO NACIONAL,4.239
