2016,"AUDI","A1 Sportback","Ambition (192cv)","1.8­16V","G","","","10.7","13.2"
2016,"AUDI","A1 Sportback","Attraction (125cv)","1.4­16V","G","","","12.6","15.2"
2016,"AUDI","A3 Sedan","Ambiente (150cv)","1.4­16V","F","7.8","9.9","11.7","14.2"
2016,"AUDI","A3 Sedan","Ambition","2.0­16V","G","","","10.3","12.8"
2016,"AUDI","A3 Sedan","Attraction (150cv)","1.4­16V","F","7.8","9.9","11.7","14.2"
2016,"AUDI","A3 Sportback","","1.4­16V","G","","","11.6","14.4"
2016,"AUDI","A4 Avant","Ambiente","2.0­16V","G","","","10.5","13.5"
2016,"AUDI","A4 Avant","Attraction","2.0­16V","G","","","10.5","13.5"
2016,"AUDI","A4 Sedan","Ambiente","2.0­16V","G","","","11.0","14.3"
2016,"AUDI","A4 Sedan","Ambiente (170cv)","1.8­16V","G","","","8.7","11.3"
2016,"AUDI","A4 Sedan","Ambition","2.0­16V","G","","","9.7","12.3"
2016,"AUDI","A4 Sedan","Attraction","2.0­16V","G","","","11.0","14.3"
2016,"AUDI","A4 Sedan","Attraction (170cv)","1.8­16V","G","","","8.7","11.3"
2016,"AUDI","A5 Cabriolet","Ambition (230cv)","2.0­16V","G","","","8.2","10.1"
2016,"AUDI","A5 Coupe","Ambition (230cv)","2.0­16V","G","","","8.4","10.3"
2016,"AUDI","A5 Sportback","Ambiente (170cv)","1.8­16V","G","","","8.7","11.3"
2016,"AUDI","A5 Sportback","Ambiente (230cv)","2.0­16V","G","","","8.3","10.4"
2016,"AUDI","A5 Sportback","Ambition (225cv)","2.0­16V","G","","","7.9","11.7"
2016,"AUDI","A5 Sportback","Attraction (170cv)","1.8­16V","G","","","8.7","11.3"
2016,"AUDI","A5 Sportback","Attraction (230cv)","2.0­16V","G","","","8.3","10.4"
2016,"AUDI","A5 Sportback (2017)","Ambiente","1.8­16V","G","","","9.3","11.1"
2016,"AUDI","A5 Sportback (2017)","Attraction","1.8­16V","G","","","9.3","11.1"
2016,"AUDI","A6 Sedan","Ambiente (333cv)","3.0­24V","G","","","7.7","10.6"
2016,"AUDI","A6 Sedan","Attraction (252cv)","2.0­16V","G","","","8.3","9.5"
2016,"AUDI","A7 Sportback","Attraction (252cv)","2.0­16V","G","","","8.3","9.5"
2016,"AUDI","A8","Sedan (435cv)","4.0­32V","G","","","7.1","10.3"
2016,"AUDI","A8 L","Longo (310cv)","3.0­24V","G","","","7.7","11.1"
2016,"AUDI","A8 L","Longo (500cv)","6.3­48V","G","","","5.5","7.4"
2016,"AUDI","Q5","Ambition (272cv)","3.0­24V","G","","","6.9","8.8"
2016,"AUDI","R8","Coupé (550cv)","5.2­40V","G","","","4.8","7.5"
2016,"AUDI","R8 (2017)","Coupé","5.2­40V","G","","","5.2","6.8"
2016,"AUDI","RS3 Sportback","(367cv)","2.5­20V","G","","",8,"9.9"
2016,"AUDI","RS6 Avant Plus","","4.0­32V","G","","","6.3","8.9"
2016,"AUDI","RS7 Sportback Plus","","4.0­32V","G","","","6.3","8.9"
2016,"AUDI","S3 Sedan","(286cv)","2.0­16V","G","","","9.3","11.9"
2016,"AUDI","S3 Sportback","(286cv)","2.0­16V","G","","","9.3","11.9"
2016,"AUDI","S6 Sedan","(450cv)","4.0­32V","G","","","6.9","9.8"
2016,"AUDI","S7 Sportback","(450cv)","4.0­32V","G","","","6.9","9.8"
2016,"AUDI","S8","Sedan (520cv)","4.0­32V","G","","","6.8","9.3"
2016,"AUDI","S8 Plus","Sedan","4.0­32V","G","","","6.4","8.8"
2016,"AUDI","SQ5","(354cv)","3.0­24V","G","","","7.0","9.7"
2016,"AUDI","TT","Coupé (230cv)","2.0­16V","G","","","9.9","12.7"
2016,"AUDI","TT","Roadster (230cv)","2.0­16V","G","","","10.0","12.8"
2016,"AUDI","TTS","Coupé (286cv)","2.0­16V","G","","","9.2","10.7"
2016,"AUDI","TTS","Roadster (286cv)","2.0­16V","G","","","9.0","10.7"
2016,"BMW","120i","Active Flex","2.0­16V","F","6.5","9.3","9.2","13.3"
2016,"BMW","125i","Active Flex","2.0­16V","F","6","8.3","8.6","11.8"
2016,"BMW","220i","CAT Active Flex","2.0­16V","F","7.1","8.7","10.5","12.9"
2016,"BMW","225i","CAT","2.0­16V","G","","","8.8","12.2"
2016,"BMW","225i","CAT Active Flex","2.0­16V","F","6.8","8.5","10.2","12.4"
2016,"BMW","320i","Active Flex","2.0­16V","F","6.5","9.3","9.4","13.3"
2016,"BMW","328i","Active Flex","2.0­16V","F","6.4","9.1","9.3","13.2"
2016,"BMW","428i","Cabrio","2.0­16V","G","","","8.5","11.9"
2016,"BMW","428i","Grand Coupe","2.0­16V","G","","","8.7","12.1"
2016,"BMW","430i","Cabrio","2.0­16V","G","","","9.8",12
2016,"BMW","430i","Gran Coupe","2.0­16V","G","","","9.9","12.2"
2016,"BMW","528i","","2.0­16V","G","","","7.3","11.3"
2016,"BMW","535i","","3.0­24V","G","","","7.4","10.4"
2016,"BMW","M135i","","3.0­24V","G","","","8.4","11.1"
2016,"BMW","M235i","","3.0­24V","G","","","7.7","11.3"
2016,"BMW","M3","Sedan","3.0­24V","G","","","7.6","10.2"
2016,"BMW","M4","Cabrio","3.0­24V","G","","","7.6","10.2"
2016,"BMW","M4","Coupe","3.0­24V","G","","","7.6","10.2"
2016,"BMW","M6","Gran Coupe","4.4­32V","G","","","7.0","10.3"
2016,"BMW","X1","sDrive20i","2.0­16V","G","","","10.4","13.4"
2016,"BMW","X1","sDrive20i Active Flex","2.0­16V","F","7.0","9.0","10.3","13.0"
2016,"BMW","X1","sDrive20i GP Active Flex","2.0­16v","F","6.9","8.4","10.0","12.1"
2016,"BMW","X1","sDrive20i X­ Line Active Flex","2.0­16v","F","6.9","8.4","10.0","12.1"
2016,"BMW","X1","xDrive25i","2.0­16V","G","","","9.4","13.2"
2016,"BMW","X1","xDrive25i Active Flex","2.0­16V","F","6.6","8.1","9.4","11.5"
2016,"BMW","X3","xDrive20i","2.0­16V","G","","","7.2","8.8"
2016,"BMW","X3","xDrive35i","3.0­24V","G","","","7.1","9.1"
2016,"BMW","X4","xDrive20i","2.0­16V","G","","","7.6","9.5"
2016,"BMW","X4","xDrive28i","2.0­16V","G","","","7.8","10.5"
2016,"BMW","X4","xDrive35i","3.0­24V","G","","","6.8","9.7"
2016,"BMW","X5","M50D","3.0­24V","D","","","9.9","10.9"
2016,"BMW","X5","xDrive35i","3.0­24V","G","","","6.2","8.2"
2016,"BMW","X6","M","4.4­32V","G","","","5.4","7.1"
2016,"BMW","X6","xDrive35i","3.0­24V","G","","","6.4","8.3"
2016,"BMW","Z4","sDrive20i","2.0­16V","G","","","7.9","10.7"
2016,"CHERY","New QQ","QQ 1.0","1.0­12V","G","","","12.3","13.8"
2016,"CHERY","New QQ","QQ 1.0 Act","1.0­12V","G","","","12.3","13.8"
2016,"CHERY","New QQ (2017)","Act","1.0­12V","G","","","11.9","13.1"
2016,"CHERY","New QQ (2017)","Act Plus","1.0­12V","G","","","11.9","13.1"
2016,"CHERY","New QQ (2017)","Look","1.0­12V","G","","","11.9","13.1"
2016,"CHERY","New QQ (2017)","Look Plus","1.0­12V","G","","","11.9","13.1"
2016,"CHERY","New QQ (2017)","Smile","1.0­12V","G","","","11.9","13.1"
2016,"CHERY","New QQ (2017)","Smile Plus","1.0­12V","G","","","11.9","13.1"
2016,"CHERY","Novo Celer","FFHB FL","1.5­16V","F","6.3","7.8","9.2","11.4"
2016,"CHERY","Novo Celer","Flex FL","1.5­16V","F","6.3","7.8","9.2","11.4"
2016,"CHERY","Novo Celer","HB ACT","1.5­16V","F","6.3","7.8","9.2","11.4"
2016,"CHERY","Novo Celer","HB FL","1.5­16V","F","6.3","7.8","9.2","11.4"
2016,"CHERY","Novo Celer","SD ACT","1.5­16V","F","6.3","7.8","9.2","11.4"
2016,"CHERY","Novo Celer","SD FL","1.5­16V","F","6.3","7.8","9.2","11.4"
2016,"CHEVROLET","Camaro","2SS
Conversivel","6.2­16V","G","","","5.6","8.0"
2016,"CHEVROLET","Camaro","Coupê 2SS","6.2­16V","G","","","5.6",8
2016,"CHEVROLET","Camaro (2017)","2SS
Conversivel","6.2­16V","G","","","6.3","9.1"
2016,"CHEVROLET","Camaro (2017)","Coupê 2SS","6.2­16V","G","","","6.4","9.6"
2016,"CHEVROLET","Camaro (2017)","Coupê 50TH","6.2­16V","G","","","6.4","9.6"
2016,"CHEVROLET","Classic","LS","   1.0­8V","F","7.3","8.6","10.8","12.5"
2016,"CHEVROLET","Cobalt (2017)","ELITE","   1.8­8V","F","7.6","10","11.1","14.4"
2016,"CHEVROLET","Cobalt (2017)","LT","   1.4­8V","F","8.5","10.4","12.5","15.1"
2016,"CHEVROLET","Cobalt (2017)","LTZ","   1.4­8V","F","8.5","10.4","12.5","15.1"
2016,"CHEVROLET","Cobalt (2017)","LTZ","   1.8­8V","F","8.3","10.4","12.1","15.1"
2016,"CHEVROLET","Cobalt (2017)","LTZ","   1.8­8V","F","7.6","10","11.1","14.4"
2016,"CHEVROLET","Cruze Sedan","LT NB","1.8­16V","F","6.1","7.3","9.1","10.8"
2016,"CHEVROLET","Cruze Sedan","LTZ NB","1.8­16V","F","6.1","7.3","9.1","10.8"
2016,"CHEVROLET","Cruze Sport 6","LT HB","1.8­16V","F","6.1","7.3","9.1","10.8"
2016,"CHEVROLET","Cruze Sport 6","LTZ HB","1.8­16V","F","6.1","7.3","9.1","10.8"
2016,"CHEVROLET","Montana","LS","1.4­8V","F","7.1","8.3","10.4","12.0"
2016,"CHEVROLET","Montana","Sport","1.4­8V","F","7.1","8.3","10.4","12.0"
2016,"CHEVROLET","Montana (2017)","LS1","1.4­8V","F","7.9","9.2","11.7","13.4"
2016,"CHEVROLET","Montana (2017)","LS2","1.4­8V","F","7.5","8.4","11.3","12.6"
2016,"CHEVROLET","Montana (2017)","Sport","1.4­8V","F","7.5","8.4","11.3","12.6"
2016,"CHEVROLET","Nova Tracker (2017)","LT","1.4T­16V","F","7.3","8.2","10.6","11.7"
2016,"CHEVROLET","Nova Tracker (2017)","LTZ","1.4T­16V","F","7.3","8.2","10.6","11.7"
2016,"CHEVROLET","Novo Cruze Hatch Turbo","LT HB","1.4­16V","F","7.6","9.3","11.3","13.6"
2016,"CHEVROLET","Novo Cruze Hatch Turbo","LT HB","1.4­16V","F","8.0","9.2","11.7","13.5"
2016,"CHEVROLET","Novo Cruze Hatch Turbo","LTZ HB","1.4­16V","F","7.6","9.3","11.3","13.6"
2016,"CHEVROLET","Novo Cruze Turbo","LT NB","1.4­16V","F","7.6","9.6","11.2","14.0"
2016,"CHEVROLET","Novo Cruze Turbo","LTZ NB","1.4­16V","F","7.6","9.6","11.2","14.0"
2016,"CHEVROLET","Novo Onix (2017)","ACT","   1.4­8V","F","8.3","9.4","12.4","13.8"
2016,"CHEVROLET","Novo Onix (2017)","ACT","   1.4­8V","F","7.7","8.6","11.2","12.6"
2016,"CHEVROLET","Novo Onix (2017)","EFF","   1.4­8V","F","8.6","10.2","12.5","14.9"
2016,"CHEVROLET","Novo Onix (2017)","LS","   1.0­8V","F","8.8","10.5","12.9","15.3"
2016,"CHEVROLET","Novo Onix (2017)","LT","   1.0­8V","F","8.8","10.5","12.9","15.3"
2016,"CHEVROLET","Novo Onix (2017)","LT","   1.4­8V","F","8.6","10.2","12.5","14.9"
2016,"CHEVROLET","Novo Onix (2017)","LT","   1.4­8V","F","7.9","9.6","11.7","13.9"
2016,"CHEVROLET","Novo Onix (2017)","LTZ","   1.4­8V","F","8.6","10.2","12.5","14.9"
2016,"CHEVROLET","Novo Onix (2017)","LTZ","   1.4­8V","F","7.9","9.6","11.7","13.9"
2016,"CHEVROLET","Novo Prisma (2017)","LT","   1.0­8V","F","8.9","10.8","13.1","15.8"
2016,"CHEVROLET","Novo Prisma (2017)","LT","   1.4­8V","F","8.8","10.7","12.9","15.4"
2016,"CHEVROLET","Novo Prisma (2017)","LT","   1.4­8V","F","8.1","10.2","11.9","14.7"
2016,"CHEVROLET","Novo Prisma (2017)","LTZ","   1.4­8V","F","8.8","10.7","12.9","15.4"
2016,"CHEVROLET","Novo Prisma (2017)","LTZ","   1.4­8V","F","8.1","10.2","11.9","14.7"
2016,"CHEVROLET","Onix","EFF","   1.4­8V","F","7.9","9.6","11.5","13.6"
2016,"CHEVROLET","Onix","LS","   1.0­8V","F","7.8","9.2","11.5","13.5"
2016,"CHEVROLET","Onix","LT","   1.0­8V","F","7.8","9.2","11.5","13.5"
2016,"CHEVROLET","Onix","LT","   1.4­8V","F","6.9","8.5","9.9","12.2"
2016,"CHEVROLET","Onix","LT","   1.4­8V","F","7.9","9.6","11.5","13.6"
2016,"CHEVROLET","Onix","LTZ","   1.4­8V","F","6.9","8.5","9.9","12.2"
2016,"CHEVROLET","Onix","LTZ","   1.4­8V","F","7.9","9.6","11.5","13.6"
2016,"CHEVROLET","Onix Joy (2017)","Joy","   1.0­8V","F","8.9","10.6","12.9","15.3"
2016,"CHEVROLET","Prisma","ADV","   1.4­8V","F","6.9","8.5","9.9","12.2"
2016,"CHEVROLET","Prisma","LT","   1.0­8V","F","7.8","9.2","11.5","13.5"
2016,"CHEVROLET","Prisma","LT","   1.4­8V","F","6.9","8.5","9.9","12.2"
2016,"CHEVROLET","Prisma","LT","   1.4­8V","F","7.9","9.6","11.5","13.6"
2016,"CHEVROLET","Prisma","LTZ","   1.4­8V","F","6.9","8.5","9.9","12.2"
2016,"CHEVROLET","Prisma","LTZ","   1.4­8V","F","7.9","9.6","11.5","13.6"
2016,"CHEVROLET","Prisma Joy (2017)","Joy","   1.0­8V","F","8.7","10.9","12.9","15.6"
2016,"CHEVROLET","S10","Advantage Cabine Dupla 4x2","2.4­8V","F","4.8","5.5","7.0","7.9"
2016,"CHEVROLET","S10","Free Ride Advantage Cabine Dupla 4x4","2.5­16V","F","4.9","5.5","7.2","8.2"
2016,"CHEVROLET","S10","High Country Cabine Dupla 4x2","2.5­16V","F","5.1","5.5","7.4","8.2"
2016,"CHEVROLET","S10","High Country Cabine Dupla 4x4","2.5­16V","F","5.1","5.5","7.4","8.2"
2016,"CHEVROLET","S10","L Free Ride Advantage Cabine Dupla 4x2","2.5­16V","F","4.9","5.5","7.2","8.2"
2016,"CHEVROLET","S10","LS","   2.4­8V","F","4.8","5.5",7,"7.9"
2016,"CHEVROLET","S10","LS","2.5­16V","F","4.9","5.5","7.2","8.2"
2016,"CHEVROLET","S10","LS","2.5­16V","F","4.9","5.5","7.2","8.2"
2016,"CHEVROLET","S10","LS Cabine Simples 4x2","2.4­8V","F","4.8","5.5","7.0","7.9"
2016,"CHEVROLET","S10","LT","2.5­16V","F","4.9","5.5","7.2","8.2"
2016,"CHEVROLET","S10","LT","2.5­16V","F","4.9","5.5","7.2","8.2"
2016,"CHEVROLET","S10","LTZ","2.5­16V","F","4.9","5.5","7.2","8.2"
2016,"CHEVROLET","S10","LTZ","2.5­16V","F","4.9","5.5","7.2","8.2"
2016,"CHEVROLET","S10 (2017)","Advantage Cabine Dupla 4x2","2.5­16V","F","5.6","6.4","8.4","9.5"
2016,"CHEVROLET","S10 (2017)","High Country Cabine Dupla 4x2","2.5­16V","F","5.5","6.4","8.3","9.5"
2016,"CHEVROLET","S10 (2017)","High Country Cabine Dupla 4x4","2.5­16V","F","5.3","6.1","8.0","9.0"
2016,"CHEVROLET","S10 (2017)","LS Cabine Dupla 4x2","2.5­16V","F","5.6","6.4","8.4","9.5"
2016,"CHEVROLET","S10 (2017)","LS Cabine Simples 4x2","2.5­16V","F","5.6","6.0","8.2","8.8"
2016,"CHEVROLET","S10 (2017)","LT Cabine Dupla 4x2","2.5­16V","F","5.6","6.4","8.4","9.5"
2016,"CHEVROLET","S10 (2017)","LT Cabine Dupla 4x4","2.5­16V","F","5.3","6.1","8.1","9.1"
2016,"CHEVROLET","S10 (2017)","LTZ Cabine Dupla 4x2","2.5­16V","F","5.6","6.4","8.4","9.5"
2016,"CHEVROLET","S10 (2017)","LTZ Cabine Dupla 4x4","2.5­16V","F","5.3","6.1","8.1","9.1"
2016,"CHEVROLET","S10 Diesel (2017)","LS Cabine Chassis 4x4","2.8­16V","D","","","8.8","10.4"
2016,"CHEVROLET","S10 Diesel (2017)","LS Cabine Dupla 4x4","2.8­16V","D","","","8.4","10.4"
2016,"CHEVROLET","S10 Diesel (2017)","LS Cabine Simples 4x4","2.8­16V","D","","","8.8","10.4"
2016,"CHEVROLET","S10 Diesel (2017)","LT Cabine Dupla 4x4","2.8­16V","D","","","8.4","10.4"
2016,"CHEVROLET","Spin","(5L)","   1.8­8V","F","6.5","7.4","9.2","10.8"
2016,"CHEVROLET","Spin","Activ (5L)","   1.8­8V","F","5.9","7.5",9,"10.9"
2016,"CHEVROLET","Spin","LT (5L)","   1.8­8V","F","5.9","7.4","8.9","10.8"
2016,"CHEVROLET","Spin","LT (5L)","   1.8­8V","F","6.5","7.4","9.2","10.8"
2016,"CHEVROLET","Spin","LT Advantage (5L)","1.8­8V","F","5.9","7.4","8.9","10.8"
2016,"CHEVROLET","Spin","LT Advantage (5L)","1.8­8V","F","6.5","7.4","9.2","10.8"
2016,"CHEVROLET","Spin","LTZ (7L)","   1.8­8V","F","5.9","7.4","8.9","10.8"
2016,"CHEVROLET","Spin","LTZ (7L)","   1.8­8V","F","6.5","7.4","9.2","10.8"
2016,"CHEVROLET","Spin (2017)","(5L)","   1.8­8V","F","6.8","7.5","9.7","10.8"
2016,"CHEVROLET","Spin (2017)","ACT (5L)","   1.8­8V","F","6.9","8.4","10.1",12
2016,"CHEVROLET","Spin (2017)","LS (5L)","   1.8­8V","F","8.1","9.4","11.8","13.7"
2016,"CHEVROLET","Spin (2017)","LT (5L)","   1.8­8V","F","8.1","9.4","11.8","13.7"
2016,"CHEVROLET","Spin (2017)","LT ADV (5L)","   1.8­8V","F","7.5","9.2","10.9","13.1"
2016,"CHEVROLET","Spin (2017)","LTZ (7L)","   1.8­8V","F","8.1","9.4","11.8","13.7"
2016,"CHEVROLET","Spin (2017)","LTZ (7L)","   1.8­8V","F","7.5","9.2","10.9","13.1"
2016,"CHEVROLET","TRAILBLAZER (2017)","LT 4x4","2.8­16V","D","","","7.8","9.1"
2016,"CHEVROLET","TRAILBLAZER (2017)","LTZ 4x4","3.6­24V","G","","","6.6","8.6"
2016,"CHEVROLET","TRAILBLAZER (2017)","LTZ 4x4","2.8­16V","D","","","7.8","9.1"
2016,"CHRYSLER","300C","300C","3.6­24V","G","","","7.1","10.1"
2016,"CHRYSLER","Town & Country","Limited","3.6­24V","G","","","6.2","8.6"
2016,"CHRYSLER","Town & Country","Touring","3.6­24V","G","","","6.2","8.6"
2016,"CITROEN","Aircross","A Feel","1.6­16V","F","7.2","8.2","10.2","11.7"
2016,"CITROEN","Aircross","A Live","1.6­16V","F","7.2","8.2","10.2","11.7"
2016,"CITROEN","Aircross","A Shine","1.6­16V","F","7.2","8.2","10.2","11.7"
2016,"CITROEN","Aircross","Feel","1.6­16V","F","7.3","8.2","10.2","11.8"
2016,"CITROEN","Aircross","Live","1.5­8V","F","7.5","8.2","10.3","11.6"
2016,"CITROEN","Aircross","Start","1.5­8V","F","7.5","8.2","10.3","11.6"
2016,"CITROEN","Aircross (2017)","Feel","1.6­16V","F","7.6","8.8","10.9","12.8"
2016,"CITROEN","Aircross (2017)","Live","1.5­8V","F","7.2","8.3","10.6","12.4"
2016,"CITROEN","Aircross (2017)","Start","1.5­8V","F","7.2","8.3","10.6","12.4"
2016,"CITROEN","C3","Attraction","1.2­12V","F","10.6","11.3","14.8","16.6"
2016,"CITROEN","C3","Attraction","   1.5­8V","F","8","10","11.8","14.6"
2016,"CITROEN","C3","Exclusive","1.6­16V","F","7.9","8.8",11,"12.6"
2016,"CITROEN","C3","Origine","1.2­12V","F","10.6","11.3","14.8","16.6"
2016,"CITROEN","C3","Origine","   1.5­8V","F","8","10","11.8","14.6"
2016,"CITROEN","C3","Style","1.2­12V","F","10.6","11.3","14.8","16.6"
2016,"CITROEN","C3","Style","1.6­16V","F","7.9","8.8","11.0","12.6"
2016,"CITROEN","C3","Tendance","1.2­12V","F","10.6","11.3","14.8","16.6"
2016,"CITROEN","C3","Tendance","   1.5­8V","F","8","10","11.8","14.6"
2016,"CITROEN","C3","Tendance","1.6­16V","F","7.9","8.8","11.0","12.6"
2016,"CITROEN","C4 Lounge","THP A Origine","1.6­16V","F","7.1","9.0","10.5","13.2"
2016,"CITROEN","C4 Lounge","THP A
Exclusive","1.6­16V","F","7.1","9.0","10.5","13.2"
2016,"CITROEN","C4 Lounge","THP A
Tendance","1.6­16V","F","7.1","9.0","10.5","13.2"
2016,"CITROEN","DS3","Sport Chic","1.6­16V","G","","","11.3","14.4"
2016,"CITROEN","DS5","Be Chic","1.6­16V","G","","","8.6","12.2"
2016,"CITROEN","DS5","So Chic","1.6­16V","G","","","8.6","12.2"
2016,"CITROEN","Grand C4 Picasso","Intensive","1.6­16V","G","","","9.4","11.7"
2016,"CITROEN","Grand C4 Picasso","Seduction","1.6­16V","G","","","9.4","11.7"
2016,"CITROEN","Jumper","Furgão 2.3HDi 35LH","2.3­16V","D","","","7.9","9.6"
2016,"CITROEN","Jumper","Minibus 2.3HDi 33M","2.3­16V","D","","","7.9","9.6"
2016,"DODGE","Durango","Limited","3.6­24V","G","","","6.5","8.5"
2016,"DODGE","Journey","SXT","3.6­24V","G","","","6.5","9.3"
2016,"FERRARI","458","Speciale","4.5­32V","G","","","5.4","7.3"
2016,"FERRARI","California T","","3.8­32V","G","","","5.8","9.7"
2016,"FERRARI","F12Berlinetta","","6.3­48V","G","","","4.7","6.5"
2016,"FIAT","500","Abarth","1.4­16V","G","","","10.5","12.2"
2016,"FIAT","500","Cabrio Automático","1.4­16V","F","6.9","8.2","10.0","12.3"
2016,"FIAT","500","Cult","1.4­8V","F","7.6","8.7","11.0","12.7"
2016,"FIAT","500","Cult Cabrio","1.4­8V","F","7.4","8.2","10.4","11.9"
2016,"FIAT","500","Cult Cabrio Dualogic","1.4­8V","F","7.6","8.2","11.0","12.0"
2016,"FIAT","500","Cult Dualogic","1.4­8V","F","7.7","8.7","11.2","12.8"
2016,"FIAT","Bravo","Absolute","1.8­16V","F","6.4","7.5","8.9","10.9"
2016,"FIAT","Bravo","Absolute","1.8­16V","F","6.5","7.6","9.1","10.8"
2016,"FIAT","Bravo","Essence","1.8­16V","F","6.4","7.5","8.9","10.9"
2016,"FIAT","Bravo","Essence","1.8­16V","F","6.5","7.6","9.1","10.8"
2016,"FIAT","Bravo","Sporting","1.8­16V","F","6.4","7.5","8.9","10.9"
2016,"FIAT","Bravo","Sporting Dualogic","1.8­16V","F","6.5","7.6","9.1","10.8"
2016,"FIAT","Bravo","Tjet Gasolina","1.4­16V","G","","",9,"10.4"
2016,"FIAT","Dobló","Adventure","1.8­16V","F","6.1","6.6","8.5","9.6"
2016,"FIAT","Dobló","Attractive","   1.4­8V","F","6.4","6.4","9.3","9.4"
2016,"FIAT","Dobló","Cargo","   1.4­8V","F","6.8","7.1","9.8","10.3"
2016,"FIAT","Dobló","Cargo","1.8­16V","F","6.4","7.1","9.5","10.4"
2016,"FIAT","Dobló","Essence","1.8­16V","F","6.2","6.7","9.1","9.7"
2016,"FIAT","Dobló (2017)","Essence 7L","1.8­16V","F","6.4","7","9.3","10.2"
2016,"FIAT","Fiorino","Furgão","1.4­8V","F","7.5","8.3","10.7","12.1"
2016,"FIAT","Fiorino (2017)","","1.4­8V","F","7.3","8.3","10.7","12.3"
2016,"FIAT","Fiorino (2017)","Hard Working","1.4­8V","F","7.6","8.8","11.0","13.2"
2016,"FIAT","Freemont","Emotion","2.4­16V","G","","","7.1","10.7"
2016,"FIAT","Freemont","Precision","2.4­16V","G","","","7.1","10.7"
2016,"FIAT","Grand Siena","Attractive","   1.4­8V","F","7.7","9","11.2","13.1"
2016,"FIAT","Grand Siena","Essence","1.6­16V","F","6.9","8.3","10.1","12.6"
2016,"FIAT","Grand Siena","Essence Dualogic","1.6­16V","F","7.0","8.3","10.1","12.4"
2016,"FIAT","Grand Siena","Tetra Fuel","   1.4­8V","F","6.8","8.1","9.8","12.1"
2016,"FIAT","Idea","Adventure","1.8­16V","F","6.3","7.0","8.9","10.1"
2016,"FIAT","Idea","Adventure Dualogic","1.8­16V","F","6.3","6.9","8.8","9.8"
2016,"FIAT","Idea","Attractive","1.4­8V","F","6.7","7.3","9.8","11.0"
2016,"FIAT","Idea","Essence","1.6­16V","F","6.8","8.0","9.9","11.5"
2016,"FIAT","Idea","Essence Dualogic","1.6­16V","F","6.7","7.9","10.0","11.8"
2016,"FIAT","Linea","Absolute Dualogic","1.8­16V","F","6.7","8.3","9.9","11.8"
2016,"FIAT","Linea","Essence","1.8­16V","F","6.7","8","9.9","11.9"
2016,"FIAT","Linea","Essence","1.8­16V","F","6.7","8.3","9.9","11.8"
2016,"FIAT","Mobi","Easy","1.0­8V","F","8.7","10.1","12.7","14.7"
2016,"FIAT","Mobi","Easy On","1.0­8V","F","8.4","9.2","11.9","13.3"
2016,"FIAT","Mobi","Like","1.0­8V","F","8.4","9.2","11.9","13.3"
2016,"FIAT","Mobi","Like On","1.0­8V","F","8.4","9.2","11.9","13.3"
2016,"FIAT","Mobi","Way","1.0­8V","F","8.4","9.2","11.9","13.3"
2016,"FIAT","Mobi","Way On","1.0­8V","F","8.4","9.2","11.9","13.3"
2016,"FIAT","Mobi (2017)","Easy","1.0­8V","F","9.2","10.2","13.5","15.2"
2016,"FIAT","Mobi (2017)","Easy On","1.0­8V","F","8.8","9.9","12.7","14.3"
2016,"FIAT","Mobi (2017)","Like","1.0­8V","F","8.8","9.9","12.7","14.3"
2016,"FIAT","Mobi (2017)","Like On","1.0­8V","F","8.8","9.9","12.7","14.3"
2016,"FIAT","Mobi (2017)","Way","1.0­8V","F","8.9","9.7","12.6","14.2"
2016,"FIAT","Mobi (2017)","Way On","1.0­8V","F","8.9","9.7","12.6","14.2"
2016,"FIAT","Novo Palio","Attractive","1.4­8V","F","7.7","9.0","11.0","13.0"
2016,"FIAT","Novo Palio","Attractive","1.0­8V","F","7.2","8.7","10.4","12.7"
2016,"FIAT","Novo Palio","Essence","1.6­16V","F","6.9","8.2","10.1","11.9"
2016,"FIAT","Novo Uno","Attractive","1.0­8V","F","8.0","9.4","11.6","13.4"
2016,"FIAT","Novo Uno","Evolution","1.4­8V","F","8.8","10.1","12.6","14.8"
2016,"FIAT","Novo Uno","Furgão","1.4­8V","F","7.8","8.8","11.2","12.5"
2016,"FIAT","Novo Uno","Sporting","1.4­8V","F","7.8","8.8","11.2","12.5"
2016,"FIAT","Novo Uno","Sporting Dualogic","1.4­8V","F","7.7","8.3","11.1","11.8"
2016,"FIAT","Novo Uno","Way","1.0­8V","F","8.0","9.1","11.5","13.0"
2016,"FIAT","Novo Uno","Way","1.4­8V","F","7.8","8.8","11.2","12.5"
2016,"FIAT","Novo Uno","Way Dualogic","1.4­8V","F","7.7","8.3","11.1","11.8"
2016,"FIAT","Novo Uno (2017)","Attractive","1.0­6V","F","9.2","10.4","13.1","15.1"
2016,"FIAT","Novo Uno (2017)","Sporting","1.3­8V","F","9.2","10.1","12.9","14.0"
2016,"FIAT","Novo Uno (2017)","Sporting Dualogic","1.3­8V","F","9.3","10.1","13.2","13.7"
2016,"FIAT","Novo Uno (2017)","Way","1.0­6V","F","9.2","10.4","13.1","15.1"
2016,"FIAT","Novo Uno (2017)","Way","1.3­8V","F","9.2","10.1","12.9","14.0"
2016,"FIAT","Novo Uno (2017)","Way Dualogic","1.3­8V","F","9.3","10.1","13.2","13.7"
2016,"FIAT","Palio","Fire Evo","1.0­8V","F","8.7","10.4","12.2","15.3"
2016,"FIAT","Palio","Fire Way","1.0­8V","F","8.3","9.8","12.0","14.2"
2016,"FIAT","Punto","Attractive","1.4­8V","F","7.3","8.6","10.4","12.2"
2016,"FIAT","Punto","Blackmotion","1.8­16V","F","6.7","7.9","9.7","11.2"
2016,"FIAT","Punto","Essence","1.6­16V","F","6.7","8.4","9.9","12.0"
2016,"FIAT","Punto","Essence Dualogic","1.6­16V","F","6.9","8.0","10.1","11.8"
2016,"FIAT","Punto","Sporting","1.8­16V","F","6.7","7.9","9.7","11.2"
2016,"FIAT","Punto","Tjet","1.4­16V","G","","","9.4","10.2"
2016,"FIAT","Siena","EL","1.0­8V","F","8.1","9.8","11.5","14.1"
2016,"FIAT","Siena","EL","1.4­8V","F","7.3","8.5","10.8","12.5"
2016,"FIAT","Strada","CE","1.4­8V","F","7.0","7.6","10.3","10.9"
2016,"FIAT","Strada","Trekking CD","1.6­16V","F","7.0","7.7","10.0","11.2"
2016,"FIAT","Strada","Working CC","1.4­8V","F","7.0","7.6","10.3","10.9"
2016,"FIAT","Toro","Freedon","1.8­16V","F","5.8","7.4","8.3","10.5"
2016,"FIAT","Toro","Freedon","2.4­16V","F","5.9","7.4","8.6","10.8"
2016,"FIAT","Toro","Freedon 4X2","2.0­16V","D","","","10.8","12.5"
2016,"FIAT","Toro","Freedon 4X4","2.0­16V","D","","","10.3","12.1"
2016,"FIAT","Toro","Volcano 4X4","2.0­16V","D","","",9,"11.2"
2016,"FIAT","Uno","Vivace","1.0­8V","F","8.2","10.4","11.8","15.0"
2016,"FIAT","Weekend","Adventure","1.8­16V","F","6.6","7.2","9.7","10.2"
2016,"FIAT","Weekend","Adventure Dualogic","1.8­16V","F","6.5","7.2","9.5","10.2"
2016,"FIAT","Weekend","Attractive","   1.4­8V","F","7.2","8","10.5","11.6"
2016,"FIAT","Weekend","Trekking","1.6­16V","F","6.9","7.8","9.7","11.2"
2016,"FIAT","Weekend (2017)","Adventure","1.8­16V","F","6.8","7.5","9.7","11.1"
2016,"FIAT","Weekend (2017)","Adventure Dualogic","1.8­16V","F","7.2","7.9","10.2","11.2"
2016,"FORD","Ecosport","Freestyle","2.0­16V","F","6.5","8.1","9.0","11.7"
2016,"FORD","Ecosport","Freestyle","1.6­16V","F","7.0","8.2","10.2","11.8"
2016,"FORD","Ecosport","Freestyle","1.6­16V","F","7.2","8.3","10.2","12.1"
2016,"FORD","Ecosport","Freestyle","2.0­16V","F","6.6","8.0","9.7","11.5"
2016,"FORD","Ecosport","Freestyle 4WD","2.0­16V","F","5.7","7.0","8.6","10.3"
2016,"FORD","Ecosport","S","1.6­16V","F","7.0","8.2","10.2","11.8"
2016,"FORD","Ecosport","SE","1.6­16V","F","7.0","8.2","10.2","11.8"
2016,"FORD","Ecosport","SE","1.6­16V","F","7.2","8.3","10.2","12.1"
2016,"FORD","Ecosport","SE","2.0­16V","F","6.6","8.0","9.7","11.5"
2016,"FORD","Ecosport","Titanium","1.6­16V","F","7.0","8.2","10.2","11.8"
2016,"FORD","Ecosport","Titanium","2.0­16V","F","6.6","8.0","9.7","11.5"
2016,"FORD","Focus Fastback","SE","2.0­16V","F","6.7","9.2","9.7",13
2016,"FORD","Focus Fastback","Titanium","2.0­16V","F","6.7","9.2","9.7",13
2016,"FORD","Focus Hatch","S","1.6­16V","F","7.2","9","10.4",13
2016,"FORD","Focus Hatch","S","1.6­16V","F","7.5","9.3","10.8","13.6"
2016,"FORD","Focus Hatch","SE","1.6­16V","F","7.2","9","10.4",13
2016,"FORD","Focus Hatch","SE","1.6­16V","F","7.5","9.3","10.8","13.6"
2016,"FORD","Focus Hatch","SE","2.0­16V","F","6.7","9.2","9.7",13
2016,"FORD","Focus Hatch","Titanium","2.0­16V","F","6.7","9.2","9.7",13
2016,"FORD","Fusion","AWD
Titanium","2.0­16V","G","","","7.9","11.2"
2016,"FORD","Fusion","Flex SEL","2.5­16V","F","5.4","8.2","7.9","11.9"
2016,"FORD","Fusion","FWD Titanium","2.0­16V","G","","","7.9","11.2"
2016,"FORD","Fusion","Hybrid","2.0­16V","G","","","16.6","15.1"
2016,"FORD","Fusion (2017)","AWD
Titanium","2.0­16V","G","","","8.2","11.1"
2016,"FORD","Fusion (2017)","Flex SE","2.5­16V","F","6.0","8.5","8.6","12.3"
2016,"FORD","Fusion (2017)","FWD SEL","2.0­16V","G","","","8.6","11.7"
2016,"FORD","Fusion (2017)","FWD Titanium","2.0­16V","G","","","8.6","11.7"
2016,"FORD","Fusion (2017)","Hybrid","2.0­16V","G","","","16.8","15.1"
2016,"FORD","KA","SE","1.5­16V","F","7.9","9.5","11.5","13.6"
2016,"FORD","KA","SE","1.0­12V","F","8.9","10.4","13.0","15.1"
2016,"FORD","KA","SEL","1.5­16V","F","7.9","9.5","11.5","13.6"
2016,"FORD","KA","SEL","1.0­12V","F","8.9","10.4","13.0","15.1"
2016,"FORD","KA (2017)","SE","1.0­12V","F","9.2","10.8","13.5","15.7"
2016,"FORD","KA (2017)","SE","1.5­16V","F","8.1","9.6","11.7","13.8"
2016,"FORD","KA (2017)","SEL","1.0­12V","F","9.3","10.7","13.2","15.3"
2016,"FORD","KA (2017)","SEL","1.5­16V","F","8.1","9.6","11.7","13.8"
2016,"FORD","KA+","SE","1.5­16V","F","7.9","9.5","11.5","13.6"
2016,"FORD","KA+","SE","1.0­12V","F","8.9","10.4",13,"15.1"
2016,"FORD","KA+","SEL","1.5­16V","F","7.9","9.5","11.5","13.6"
2016,"FORD","KA+","SEL","1.0­12V","F","8.9","10.4",13,"15.1"
2016,"FORD","KA+ (2017)","SE","1.5­16V","F","8.1","9.6","11.7","13.8"
2016,"FORD","KA+ (2017)","SE","1.0­12V","F","9.3","10.7","13.2","15.3"
2016,"FORD","KA+ (2017)","SEL","1.5­16V","F","8.1","9.6","11.7","13.8"
2016,"FORD","KA+ (2017)","SEL","1.0­12V","F","9.3","10.7","13.2","15.3"
2016,"FORD","New Fiesta Hatch","S","1.5­16V","F","7.6","9.4","10.7","13.4"
2016,"FORD","New Fiesta Hatch","SE","1.5­16V","F","7.6","9.4","10.7","13.4"
2016,"FORD","New Fiesta Hatch","SE","1.6­16V","F","7.7","10.0","11.0","14.3"
2016,"FORD","New Fiesta Hatch","SE","1.6­16V","F","8.0","9.9","11.7","14.1"
2016,"FORD","New Fiesta Hatch","Titanium","1.6­16V","F","7.7","10.0","11.0","14.3"
2016,"FORD","New Fiesta Hatch","Titanium","1.6­16V","F","8.0","9.9","11.7","14.1"
2016,"FORD","New Fiesta Hatch (2017)","SE","1.6­16V","F","7.8","10.3","11.2","14.9"
2016,"FORD","New Fiesta Hatch (2017)","SE","1.6­16V","F","8.2","10.0","12.0","14.6"
2016,"FORD","New Fiesta Hatch (2017)","SE GTDI","1.0­12V","G","","","12.2","15.3"
2016,"FORD","New Fiesta Hatch (2017)","SEL","1.6­16V","F","7.8","10.3","11.2","14.9"
2016,"FORD","New Fiesta Hatch (2017)","SEL","1.6­16V","F","8.2","10.0","12.0","14.6"
2016,"FORD","New Fiesta Hatch (2017)","SEL GTDI","1.0­12V","G","","","12.2","15.3"
2016,"FORD","New Fiesta Hatch (2017)","Titanium","1.6­16V","F","7.8","10.3","11.2","14.9"
2016,"FORD","New Fiesta Hatch (2017)","Titanium GTDI","1.0­12V","G","","","12.2","15.3"
2016,"FORD","New Fiesta Sedan","SE","1.6­16V","F","7.5","9.5","10.6","13.8"
2016,"FORD","New Fiesta Sedan","SE","1.6­16V","F","7.6","9.7","11.6","14.0"
2016,"FORD","New Fiesta Sedan","Titanium","1.6­16V","F","7.5","9.5","10.6","13.8"
2016,"FORD","New Fiesta Sedan","Titanium","1.6­16V","F","7.6","9.7","11.6","14.0"
2016,"FORD","Ranger 4x4 C. Dupla","LTD","3.2­20V","D","","","8.5","10.1"
2016,"FORD","Ranger 4x4 C. Dupla","XLS","2.2­16V","D","","","8.4","10.4"
2016,"FORD","Ranger 4x4 C. Dupla","XLT","3.2­20V","D","","","8.3","9.5"
2016,"FORD","Ranger 4x4 C. Dupla","XLT","3.2­20V","D","","","8.5","10.2"
2016,"HONDA","Accord","EX V6","3.5­24V","G","","","7.8","12.0"
2016,"HONDA","City","DX","1.5­16V","F","8.6","10.3","12.4","14.6"
2016,"HONDA","City","EX","1.5­16V","F","8.5","10.3","12.3","14.5"
2016,"HONDA","City","EXL","1.5­16V","F","8.5","10.3","12.3","14.5"
2016,"HONDA","City","LX","1.5­16V","F","8.5","10.3","12.3","14.5"
2016,"HONDA","Civic","Coupe SI","2.4­16V","G","","","8.3","11.6"
2016,"HONDA","Civic","EX","2.0­16V","F","7.2","8.9","10.6","12.9"
2016,"HONDA","Civic","EX­L","2.0­16V","F","7.2","8.9","10.6","12.9"
2016,"HONDA","Civic","EXR","2.0­16V","F","6.4","9.4","9.7","13.8"
2016,"HONDA","Civic","LXR","2.0­16V","F","6.4","9.4","9.7","13.8"
2016,"HONDA","Civic","LXS","1.8­16V","F","6.8","9.6","10.5","14.4"
2016,"HONDA","Civic","LXS","1.8­16V","F","7.2","9.2","10.9","13.5"
2016,"HONDA","Civic","Sport","2.0­16V","F","7.2","8.9","10.6","12.9"
2016,"HONDA","Civic","Sport","2.0­16V","F","7.1","9.3","10.2","13.4"
2016,"HONDA","Civic","Touring ­ Turbo","1.5­16V","G","","","12.0","14.6"
2016,"HONDA","CR­V","EXL Flex 4WD","2.0­16V","F","6.4","8.1","9.2","11.5"
2016,"HONDA","Fit","DX","1.5­16V","F","8.3","9.5","11.6","13.6"
2016,"HONDA","Fit","DX","1.5­16V","F","8.3","9.9","12.3","14.1"
2016,"HONDA","Fit","EX","1.5­16V","F","8.3","9.9","12.3","14.1"
2016,"HONDA","Fit","EXL","1.5­16V","F","8.3","9.9","12.3","14.1"
2016,"HONDA","Fit","LX","1.5­16V","F","8.3","9.5","11.6","13.6"
2016,"HONDA","Fit","LX","1.5­16V","F","8.3","9.9","12.3","14.1"
2016,"HONDA","HR­V","EX","1.8­16V","F","7.1","8.5","10.5","12.1"
2016,"HONDA","HR­V","EX","1.8­16V","F","7.1","8.5","10.5","12.1"
2016,"HONDA","HR­V","EXL","1.8­16V","F","7.1","8.5","10.5","12.1"
2016,"HONDA","HR­V","LX","1.8­16V","F","6.7","8.6","10.0","12.5"
2016,"HONDA","HR­V","LX","1.8­16V","F","7.1","8.5","10.5","12.1"
2016,"HYUNDAI","Azera","3.0 V6","3.0­24V","G","","","7.0","10.3"
2016,"HYUNDAI","Elantra","","2.0­16V","F","6.3","9.1","9.5","13.4"
2016,"HYUNDAI","Gran Santa Fé","EW","3.3­24V","G","","","7.1","9.2"
2016,"HYUNDAI","HB20","Comfort","1.0­12V","F","8.5","9.9","12.5","14.1"
2016,"HYUNDAI","HB20","Plus","1.0­12V","F","8.5","9.9","12.5","14.1"
2016,"HYUNDAI","HB20","Plus","1.6­16V","F","7.1","9.4","9.9","12.5"
2016,"HYUNDAI","HB20","Plus","1.6­16V","F","8.1","9.9","11.6","13.8"
2016,"HYUNDAI","HB20","Plus turbo","1.0­12V","F","8.2","10.1","11.6","14.3"
2016,"HYUNDAI","HB20","Premium","1.6­16V","F","7.1","9.4","9.9","12.5"
2016,"HYUNDAI","HB20","Premium","1.6­16V","F","8.1","9.9","11.6","13.8"
2016,"HYUNDAI","HB20","R Spec","1.6­16V","F","7.1","9.4","9.9","12.5"
2016,"HYUNDAI","HB20","R Spec","1.6­16V","F","8.1","9.9","11.6","13.8"
2016,"HYUNDAI","HB20","Style","1.0­12V","F","8.5","9.9","12.5","14.1"
2016,"HYUNDAI","HB20","Style","1.6­16V","F","7.1","9.4","9.9","12.5"
2016,"HYUNDAI","HB20","Style","1.6­16V","F","8.1","9.9","11.6","13.8"
2016,"HYUNDAI","HB20","Style turbo","1.0­12V","F","8.2","10.1","11.6","14.3"
2016,"HYUNDAI","HB20S","Plus","1.0­12V","F","8.5","9.4","11.4","13.0"
2016,"HYUNDAI","HB20S","Plus","1.6­16V","F","7.7","9.6","10.7","12.6"
2016,"HYUNDAI","HB20S","Plus ­ Turbo","1.0­12V","F","8.4","10.5","11.9","15.2"
2016,"HYUNDAI","HB20S","Premium","1.6­16V","F","7.7","9.6","10.7","12.6"
2016,"HYUNDAI","HB20S","Style","1.0­12V","F","8.5","9.4","11.4","13.0"
2016,"HYUNDAI","HB20S","Style","1.6­16V","F","7.7","9.6","10.7","12.6"
2016,"HYUNDAI","HB20S","Style ­ Turbo","1.0­12V","F","8.4","10.5","11.9","15.2"
2016,"HYUNDAI","HB20S (2017)","Plus","1.0­12V","F","8.5","9.8","12.0","14.0"
2016,"HYUNDAI","HB20S (2017)","Plus","1.6­16V","F","8.1","9.8","11.5","14.0"
2016,"HYUNDAI","HB20S (2017)","Style","1.0­12V","F","8.5","9.8","12.0","14.0"
2016,"HYUNDAI","HB20S (2017)","Style","1.6­16V","F","8.1","9.8","11.5","14.0"
2016,"HYUNDAI","HB20X","Premium","1.6­16V","F","7.1","8.7","10.1","11.4"
2016,"HYUNDAI","HB20X","Style","1.6­16V","F","8.3","9.8","11.6","13.4"
2016,"HYUNDAI","HB20X","Style","1.6­16V","F","7.1","8.7","10.1","11.4"
2016,"HYUNDAI","iX 35 FF BR","","2.0­16V","F","6.0","7.2","8.7","10.3"
2016,"HYUNDAI","New i30 FL","","1.8­16V","G","","","9.3","12.3"
2016,"HYUNDAI","Santa Fé","(5L)","3.3­24V","G","","","7.1","9.2"
2016,"HYUNDAI","Santa Fé","(7L)","3.3­24V","G","","","7.1","9.2"
2016,"HYUNDAI","Tucson","GLB","2.0­16V","F","5.0","5.9","7.1","8.3"
2016,"HYUNDAI","Tucson","GLSB","2.0­16V","F","5.0","5.9","7.1","8.3"
2016,"JAC","Carnival","EX","3.3­24V","G","","","6.5","8.7"
2016,"JAC","J3","J3 Flex","1.5­16V","F","6.5","8.4","9.7","12.5"
2016,"JAC","J3","J3 Flex Sport","1.5­16V","F","6.5","8.4","9.7","12.5"
2016,"JAC","J3","J3 Flex Turin","1.5­16V","F","6.5","8.4","9.7","12.5"
2016,"JAC","J3","J3 S Jetflex T","1.5­16V","F","6.5","8.4","9.7","12.5"
2016,"JAC","J3","J3S","1.5­16V","F","6.5","8.4","9.7","12.5"
2016,"JAC","J3","J3S Flex","1.5­16V","F","6.5","8.4","9.7","12.5"
2016,"JAC","J3","J3S Flex Turin","1.5­16V","F","6.5","8.4","9.7","12.5"
2016,"JAC","J3","J3S Jetflex","1.5­16V","F","6.5","8.4","9.7","12.5"
2016,"JAC","J3","J3S Turin","1.5­16V","F","6.5","8.4","9.7","12.5"
2016,"JAC","J5","","1.5­16V","G","","","9.5","11.6"
2016,"JAC","J6","Jetflex 5S","2.0­16V","F","5","6.2","7.1",9
2016,"JAC","J6","Jetflex 7S","2.0­16V","F","5","6.2","7.1",9
2016,"JAC","T5","Jetflex","1.5­16V","F","6.8","8.2","9.6","12.2"
2016,"JAC","T6","2.0 Jetflex","2.0­16V","F","5.6","6.6","8.1","9.7"
2016,"JAGUAR","F­TYPE","Cabrio","3.0­24V","G","","","7.2",10
2016,"JAGUAR","F­TYPE","Coupe","3.0­24V","G","","","7.2",10
2016,"JAGUAR","F­TYPE","S Cabrio","3.0­24V","G","","","7.1","9.9"
2016,"JAGUAR","F­TYPE","S Coupe","3.0­24V","G","","","7.1","9.9"
2016,"JAGUAR","XE","2.0 Pure SI4","2.0­16V","G","","","8.5","11.6"
2016,"JAGUAR","XE","2.0 R­Sport SI4","2.0­16V","G","","","8.5","11.6"
2016,"JAGUAR","XE","3.0 V6SC","3.0­24V","G","","","7.2","10.5"
2016,"JAGUAR","XF","2.0 T Prestig","2.0­16V","G","","","8.7","12.2"
2016,"JAGUAR","XF","2.0 T Pure","2.0­16V","G","","","8.7","12.2"
2016,"JAGUAR","XF","2.0 T Pure TC","2.0­16V","G","","","8.7","12.2"
2016,"JAGUAR","XF","2.0 T R­Sport","2.0­16V","G","","","8.7","12.2"
2016,"JAGUAR","XF","V6 380CV","3.0­24V","G","","","6.6","10.1"
2016,"JAGUAR","XF","V6 Portfolio","3.0­24V","G","","","6.7","10.0"
2016,"JAGUAR","XJ","3.0SC R­Sport","3.0­24V","G","","","6.5","10.2"
2016,"JAGUAR","XJ","3.0SC
Portfolio","3.0­24V","G","","","6.5","10.2"
2016,"JEEP","Cherokee","Limited","3.2­24V","G","","","7.2","9.4"
2016,"JEEP","Compass","Longitude","2.0­16V","F","5.5","7.2","8.1","10.5"
2016,"JEEP","Compass","Sport","2.0­16V","F","5.5","7.2","8.1","10.5"
2016,"JEEP","Compass","Trailhawk","2.0­16V","D","","","9.8","11.4"
2016,"JEEP","Compass","VVT","2.0­16V","G","","","8.3","9.3"
2016,"JEEP","Grand Cherokee","Laredo","3.6­24V","G","","","5.9","7.7"
2016,"JEEP","Grand Cherokee","Limited","3.6­24V","G","","","5.9","7.7"
2016,"JEEP","Renegade","Longitude","2.0­16V","D","","","9.4","11.5"
2016,"JEEP","Renegade","Sport","1.8­16V","F","6.7","7.4","9.6","10.7"
2016,"JEEP","Renegade","Sport","2.0­16V","D","","","9.4","11.5"
2016,"JEEP","Renegade","Trailhawk","2.0­16V","D","","","9.4","11.5"
2016,"JEEP","Renegade (2017)","1.8","1.8­16V","F","7.3","7.6","10.6","11.2"
2016,"JEEP","Renegade (2017)","Limited","1.8­16V","F","6.5","7.6","9.5","10.9"
2016,"JEEP","Renegade (2017)","Longitude","1.8­16V","F","6.5","7.6","9.5","10.9"
2016,"JEEP","Renegade (2017)","Sport","1.8­16V","F","6.5","7.6","9.5","10.9"
2016,"JEEP","Renegade (2017)","Sport","1.8­16V","F","7.3","7.6","10.6","11.2"
2016,"JEEP","Wrangler","Sport","3.6­24V","G","","","5.8","6.7"
2016,"JEEP","Wrangler","Unlimited Sport","3.6­24V","G","","","5.8","6.7"
2016,"KIA","Cadenza","EX","3.5­24V","G","","","7.2","10.0"
2016,"KIA","Cerato","EX3","1.6­16V","F","6.6","9.1","9.5","12.4"
2016,"KIA","Cerato","EX3","1.6­16V","F","6.8","9.3",10,14
2016,"KIA","Cerato","LX3","1.6­16V","F","6.6","9.1","9.5","12.4"
2016,"KIA","Cerato","LX3","1.6­16V","F","6.8","9.3",10,14
2016,"KIA","Cerato","SX3","1.6­16V","F","6.6","9.1","9.5","12.4"
2016,"KIA","Cerato","SX3","1.6­16V","F","6.8","9.3",10,14
2016,"KIA","New Soul","EX","1.6­16V","F","6.7","8.4","9.4","11.2"
2016,"KIA","New Soul","LX","1.6­16V","F","6.7","8.4","9.4","11.2"
2016,"KIA","Optima","EX","2.0­16V","G","","","8.8","11.6"
2016,"KIA","Picanto","EX4","1.0­12V","F","8.0","8.9","10.6","12.1"
2016,"KIA","Picanto","EX4","1.0­12V","F","8.2","10.0","11.7","14.3"
2016,"KIA","Picanto","LX4","1.0­12V","F","8.0","8.9","10.6","12.1"
2016,"KIA","Picanto","LX4","1.0­12V","F","8.2","10.0","11.7","14.3"
2016,"KIA","Sorento","EX3 G27","3.3­24V","G","","","7.2","9.3"
2016,"KIA","Sportage","EX G3","2.0­16V","F","6.3","7.7","9.1","11.3"
2016,"KIA","Sportage","EX G4","2.0­16V","F","6.3","7.7","9.1","11.3"
2016,"KIA","Sportage","LX G3","2.0­16V","F","6.3","7.7","9.1","11.3"
2016,"KIA","Sportage","LX G4","2.0­16V","F","6.3","7.7","9.1","11.3"
2016,"LAMBORGHINI","Aventador","","6.5­48V","G","","","3.3","6.8"
2016,"LAMBORGHINI","Huracan","","5.0­40V","G","","","5.4","7.1"
2016,"LAND ROVER","Discovery","Graphite","3.0­24V","D","","","8.3","9.8"
2016,"LAND ROVER","Discovery","Graphite 5","3.0­24V","D","","","8.3","9.8"
2016,"LAND ROVER","Discovery","SDV6 Black","3.0­24V","D","","","8.3","9.8"
2016,"LAND ROVER","Discovery","SDV6 HSE","3.0­24V","D","","","8.3","9.8"
2016,"LAND ROVER","Discovery","SDV6 S","3.0­24V","D","","","8.3","9.8"
2016,"LAND ROVER","Discovery","SDV6 SE","3.0­24V","D","","","8.3","9.8"
2016,"LAND ROVER","Discovery Sport","HSE7L","2.0­16V","G","","","7.0","8.5"
2016,"LAND ROVER","Discovery Sport","HSEL 7L","2.0­16V","G","","","7.0","8.5"
2016,"LAND ROVER","Discovery Sport","SD4 HSE","2.2­16V","D","","","9.3","11.4"
2016,"LAND ROVER","Discovery Sport","SD4 HSE 7L","2.2­16V","D","","","9.3","11.4"
2016,"LAND ROVER","Discovery Sport","SD4 HSE L","2.2­16V","D","","","9.3","11.4"
2016,"LAND ROVER","Discovery Sport","SD4 HSEL7L","2.2­16V","D","","","9.3","11.4"
2016,"LAND ROVER","Discovery Sport","SD4 S","2.2­16V","D","","","9.3","11.4"
2016,"LAND ROVER","Discovery Sport","SD4 SE","2.2­16V","D","","","9.3","11.4"
2016,"LAND ROVER","Discovery Sport","SD4 SE 7L","2.2­16V","D","","","9.3","11.4"
2016,"LAND ROVER","Discovery Sport","SI4 HSE","2.0­16V","G","","","7.0","8.5"
2016,"LAND ROVER","Discovery Sport","SI4 HSEL","2.0­16V","G","","","7.0","8.5"
2016,"LAND ROVER","Discovery Sport","SI4 S","2.0­16V","G","","","7.0","8.5"
2016,"LAND ROVER","Discovery Sport","SI4 SE","2.0­16V","G","","","7.0","8.5"
2016,"LAND ROVER","Discovery Sport","SI4 SE7L","2.0­16V","G","","","7.0","8.5"
2016,"LAND ROVER","Discovery Sport","TD4 HSE","2.0­16V","D","","","11.0","13.2"
2016,"LAND ROVER","Discovery Sport","TD4 HSE 7L","2.0­16V","D","","","11.0","13.2"
2016,"LAND ROVER","Discovery Sport","TD4 HSE L","2.0­16V","D","","","11.0","13.2"
2016,"LAND ROVER","Discovery Sport","TD4 HSEL7L","2.0­16V","D","","","11.0","13.2"
2016,"LAND ROVER","Discovery Sport","TD4 S","2.0­16V","D","","","11.0","13.2"
2016,"LAND ROVER","Discovery Sport","TD4 SE","2.0­16V","D","","","11.0","13.2"
2016,"LAND ROVER","Discovery Sport","TD4 SE 7L","2.0­16V","D","","","11.0","13.2"
2016,"LAND ROVER","Discovery Sport BR","HSE7L","2.0­16V","G","","","7.0","8.5"
2016,"LAND ROVER","Discovery Sport BR","HSEL 7L","2.0­16V","G","","","7.0","8.5"
2016,"LAND ROVER","Discovery Sport BR","SI4 HSE","2.0­16V","G","","","7.0","8.5"
2016,"LAND ROVER","Discovery Sport BR","SI4 HSEL","2.0­16V","G","","","7.0","8.5"
2016,"LAND ROVER","Discovery Sport BR","SI4 S","2.0­16V","G","","","7.0","8.5"
2016,"LAND ROVER","Discovery Sport BR","SI4 SE","2.0­16V","G","","","7.0","8.5"
2016,"LAND ROVER","Discovery Sport BR","SI4 SE7L","2.0­16V","G","","","7.0","8.5"
2016,"LAND ROVER","Evoque","HSE Dynamic","2.0­16V","G","","","7.8","11.6"
2016,"LAND ROVER","Evoque","HSE SD4","2.2­16V","D","","","10.7","12.8"
2016,"LAND ROVER","Evoque","HSE TD4","2.0­16V","D","","","12.1","15.8"
2016,"LAND ROVER","Evoque","Pure","2.0­16V","G","","","7.8","11.6"
2016,"LAND ROVER","Evoque","Pure SD4","2.2­16V","D","","","10.7","12.8"
2016,"LAND ROVER","Evoque","SE","2.0­16V","G","","","7.8","11.6"
2016,"LAND ROVER","Evoque","SE Dynamic","2.0­16V","G","","","7.8","11.6"
2016,"LAND ROVER","Evoque","SE TD4","2.0­16V","D","","","12.1","15.8"
2016,"LAND ROVER","Evoque BR","HSE Dynamic","2.0­16V","G","","","7.8","11.6"
2016,"LAND ROVER","Evoque BR","Pure","2.0­16V","G","","","7.8","11.6"
2016,"LAND ROVER","Evoque BR","SE","2.0­16V","G","","","7.8","11.6"
2016,"LAND ROVER","Evoque BR","SE Dynamic","2.0­16V","G","","","7.8","11.6"
2016,"LAND ROVER","Range Rover","ABLACKL","5.0­32V","G","","","4.7","7.5"
2016,"LAND ROVER","Range Rover","TDV6 HSE","3.0­24V","D","","","10.0","11.8"
2016,"LAND ROVER","Range Rover","TDV6 Vogue","3.0­24V","D","","","10.0","11.8"
2016,"LAND ROVER","Range Rover","V8 SC AB","5.0­32V","G","","","4.7","7.5"
2016,"LAND ROVER","Range Rover","V8 SC AB L","5.0­32V","G","","","4.7","7.5"
2016,"LAND ROVER","Range Rover","V8 SC
Voguese","5.0­32V","G","","","4.7","7.5"
2016,"LAND ROVER","Range Rover","V8SC SVAB","5.0­32V","G","","","4.9","7.3"
2016,"LAND ROVER","Range Rover Sport","3.0 SC HST","3.0­24V","G","","","6.2","8.4"
2016,"LAND ROVER","Range Rover Sport","3.0 SC S","3.0­24V","G","","","5.8","7.9"
2016,"LAND ROVER","Range Rover Sport","3.0 SC SE","3.0­24V","G","","","5.8","7.9"
2016,"LAND ROVER","Range Rover Sport","3.0 SE HSE","3.0­24V","G","","","5.8","7.9"
2016,"LAND ROVER","Range Rover Sport","3.0 TD ABD","3.0­24V","D","","","9.4","12.7"
2016,"LAND ROVER","Range Rover Sport","3.0 TD HSE","3.0­24V","D","","","9.4","12.7"
2016,"LAND ROVER","Range Rover Sport","3.0 TD S","3.0­24V","D","","","9.4","12.7"
2016,"LAND ROVER","Range Rover Sport","3.0 TD SE","3.0­24V","D","","","9.4","12.7"
2016,"LAND ROVER","Range Rover Sport","5.0 SC AB","5.0­32V","G","","","4.9","7.3"
2016,"LAND ROVER","Range Rover Sport","5.0 SC AB D","5.0­32V","G","","","4.9","7.3"
2016,"LAND ROVER","Range Rover Sport","5.0 SC DYN","5.0­32V","G","","","4.9","7.3"
2016,"LAND ROVER","Range Rover Sport","SVR 550","5.0­32V","G","","","5.0","7.3"
2016,"LEXUS","CT200H","CT200H","1.8­16V","G","","","15.7","14.2"
2016,"LEXUS","CT200H","F Sport","1.8­16V","G","","","15.7","14.2"
2016,"LEXUS","ES350","","3.5­24V","G","","","7.7","11.0"
2016,"LEXUS","IS200","F Sport","2.0­16V","G","","",8,"10.6"
2016,"LEXUS","IS200","Luxury","2.0­16V","G","","",8,"10.6"
2016,"LEXUS","LS460","","4.6­32V","G","","","5.9","9.2"
2016,"LEXUS","NX200 4X4","Luxury","2.0­16V","G","","","8.3","10.0"
2016,"LEXUS","NX200 4X4","Sport","2.0­16V","G","","","8.3","10.0"
2016,"LEXUS","RX350 4X4","F Sport","3.5­24V","G","","","7.2","9.7"
2016,"LEXUS","RX350 4X4","Luxury","3.5­24V","G","","","7.2","9.7"
2016,"MASERATI","Ghibli","Euro 6","3.0­24V","G","","","6.3","9.3"
2016,"MASERATI","Ghibli","SQ4 Euro 6","3.0­24V","G","","","6.4","9.2"
2016,"MASERATI","Gran","TurismoS","4.7­32V","G","","","5.2","7.1"
2016,"MASERATI","Quattroporte","","4.0­32V","G","","",5,"6.8"
2016,"MERCEDES­BENZ","A200 FF","","1.6­16V","F","7.2","8.8","10.5","12.6"
2016,"MERCEDES­BENZ","A200 FF (2017)","","1.6­16V","F","7.4","9.5","10.9","14.5"
2016,"MERCEDES­BENZ","A250","Turbo Sport","2.0­16V","G","","","9.7","14.4"
2016,"MERCEDES­BENZ","AMG A 45 4M","","2.0­16V","G","","","9.3","11.8"
2016,"MERCEDES­BENZ","AMG A 45 4M (2017)","","2.0­16V","G","","","8.4","11.2"
2016,"MERCEDES­BENZ","AMG C 63","","4.0­32V","G","","","7.0","9.3"
2016,"MERCEDES­BENZ","AMG C 63 S","","4.0­32V","G","","","7.0","9.3"
2016,"MERCEDES­BENZ","AMG C43","","3.0­24V","G","","","8.0","11.4"
2016,"MERCEDES­BENZ","AMG C43","Coupé","3.0­24V","G","","",8,"11.4"
2016,"MERCEDES­BENZ","AMG CLA 45 4M","","2.0­16V","G","","","9.7","12.4"
2016,"MERCEDES­BENZ","AMG CLA 45 4M (2017)","","2.0­16V","G","","","8.2","11.2"
2016,"MERCEDES­BENZ","AMG GLA 45 4M","","2.0­16V","G","","","8.9","11.2"
2016,"MERCEDES­BENZ","AMG GLE 63","","5.5­32V","G","","","5.5","6.8"
2016,"MERCEDES­BENZ","AMG GLE 63","Coupé","5.5­32V","G","","","5.5","6.8"
2016,"MERCEDES­BENZ","AMG GT","","4.0­32V","G","","","7.1","8.6"
2016,"MERCEDES­BENZ","AMG GT S","","4.0­32V","G","","","7.1","8.6"
2016,"MERCEDES­BENZ","AMG S 63 4M","Coupé","5.5­32V","G","","","6.3","9.2"
2016,"MERCEDES­BENZ","AMG S 63 L 4M","","5.5­32V","G","","","6.3","9.4"
2016,"MERCEDES­BENZ","B200 FF","","1.6­16V","F","6.8","9.7","10.1","14.0"
2016,"MERCEDES­BENZ","B200 FF (2017)","","1.6­16V","F","7.3","9.7","10.6","14.2"
2016,"MERCEDES­BENZ","C180","","1.6­16V","G","","","10.9","15.9"
2016,"MERCEDES­BENZ","C180","Estate","1.6­16V","G","","","10.0","13.6"
2016,"MERCEDES­BENZ","C180 FF","","1.6­16V","F","7.0","9.2","10.2","13.3"
2016,"MERCEDES­BENZ","C180 FF BR","","1.6­16V","F","7.0","9.2","10.2","13.3"
2016,"MERCEDES­BENZ","C200","","2.0­16V","G","","","9.6","13.2"
2016,"MERCEDES­BENZ","C200 BR","","2.0­16V","G","","","9.6","13.2"
2016,"MERCEDES­BENZ","C250","","2.0­16V","G","","","9.6","13.6"
2016,"MERCEDES­BENZ","C250 BR","","2.0­16V","G","","","9.7","13.6"
2016,"MERCEDES­BENZ","CLA200 FF","","1.6­16V","F","6.9","8.6",10,"12.6"
2016,"MERCEDES­BENZ","CLA200 FF (2017)","","1.6­16V","F","7.3","10.2","10.7","14.2"
2016,"MERCEDES­BENZ","CLA250 4Matic","","2.0­16V","G","","","9.2","13.5"
2016,"MERCEDES­BENZ","E250","","2.0­16V","G","","","9.5","13.4"
2016,"MERCEDES­BENZ","E250","Avantgarde","2.0­16V","G","","","9.2","12.6"
2016,"MERCEDES­BENZ","E250","Cabrio","2.0­16V","G","","","9.5","13.4"
2016,"MERCEDES­BENZ","E250","Coupé","2.0­16V","G","","","9.5","13.4"
2016,"MERCEDES­BENZ","E250","Exclusive","2.0­16V","G","","","9.2","12.6"
2016,"MERCEDES­BENZ","GLA200 FF","","1.6­16V","F","7","8.6",10,"12.7"
2016,"MERCEDES­BENZ","GLA200 FF (2017)","","1.6­16V","F","7.1","8.6","10.3","12.7"
2016,"MERCEDES­BENZ","GLA200 FF BR","","1.6­16V","F","7","8.6",10,"12.7"
2016,"MERCEDES­BENZ","GLA200 FF BR (2017)","","1.6­16V","F","7.1","8.6","10.3","12.7"
2016,"MERCEDES­BENZ","GLA250","","2.0­16V","G","","","10.3","13.5"
2016,"MERCEDES­BENZ","GLA250 BR","","2.0­16V","G","","","9.7","14.6"
2016,"MERCEDES­BENZ","GLC 250 4M","","2.0­16V","G","","","8.7","10.3"
2016,"MERCEDES­BENZ","GLE 350d","","3.0­32V","D","","","8.8","12.6"
2016,"MERCEDES­BENZ","GLE 400","Coupé","3.0­24V","G","","","6.8","9.2"
2016,"MERCEDES­BENZ","GLE 450 AMG","Sport","3.0­24V","G","","","7.0","9.0"
2016,"MERCEDES­BENZ","SL 400","","3.0­24V","G","","","9.1","14.1"
2016,"MERCEDES­BENZ","SLC 300","","2.0­16V","G","","","9.7","10.7"
2016,"MERCEDES­BENZ","SLK 300","","2.0­16V","G","","","9.7","10.7"
2016,"MERCEDES­BENZ","Sprinter Street 313","","2.1­16V","D","","","7.6","9.1"
2016,"MERCEDES­BENZ","Vito 111 CDI","","1.6­16V","D","","","8.2","11.6"
2016,"MERCEDES­BENZ","Vito Tourer 119","","2.0­16V","F","5.6","7.5","8.1","10.9"
2016,"MINI","Cooper","","1.5­12V","G","","","10.6","12.2"
2016,"MINI","Cooper","5P","1.5­12V","G","","","11.3","13.7"
2016,"MINI","Cooper","S","2.0­16V","G","","",10,"12.9"
2016,"MINI","Cooper","S 5P","2.0­16V","G","","","9.9","13.1"
2016,"MINI","Cooper","S Cabrio","2.0­16V","G","","","10.6","13.2"
2016,"MINI","Cooper","S Clubman","2.0­16V","G","","","10.5","12.6"
2016,"MINI","Cooper","S Countryman All4","1.6­16V","G","","","8.4","10.4"
2016,"MINI","John Cooper Works","Hatch 3P","2.0­16V","G","","","10.6","13.2"
2016,"MITSUBISHI","ASX","4X2","2.0­16V","G","","","8.7","10.3"
2016,"MITSUBISHI","ASX","4X2","2.0­16V","G","","","9.4","10.7"
2016,"MITSUBISHI","ASX","4X4","2.0­16V","G","","","9.5","10.4"
2016,"MITSUBISHI","ASX","Outdoor","2.0­16V","G","","","7.6","8.9"
2016,"MITSUBISHI","L200 Triton","4X2","2.4­16V","F","4.3","4.8","6.1","7.2"
2016,"MITSUBISHI","L200 Triton","HPE 4X4","3.5­24V","F","3.2","3.9","4.8","5.6"
2016,"MITSUBISHI","L200 Triton HPE","GL","3.2­16V","D","","","8.8","10.6"
2016,"MITSUBISHI","L200 Triton HPE","GLS","3.2­16V","D","","","8.8","10.6"
2016,"MITSUBISHI","L200 Triton HPE","GLX","3.2­16V","D","","","8.8","10.6"
2016,"MITSUBISHI","L200 Triton Sport","GLS","2.4­16V","D","","","10.1","13.2"
2016,"MITSUBISHI","L200 Triton Sport","HPE","2.4­16V","D","","","9.8","11.8"
2016,"MITSUBISHI","L200 Triton Sport","HPE Top","2.4­16V","D","","","9.8","11.8"
2016,"MITSUBISHI","Lancer","","2.0­16V","G","","","8.3","10.3"
2016,"MITSUBISHI","Lancer","GT","2.0­16V","G","","","9.1","10.6"
2016,"MITSUBISHI","Lancer","HL","2.0­16V","G","","","9.1","10.6"
2016,"MITSUBISHI","Lancer","HLE","2.0­16V","G","","","9.1","10.6"
2016,"MITSUBISHI","New Outlander","4X2","2.0­16V","G","","","9.3","10.1"
2016,"MITSUBISHI","New Outlander","GT 4WD","3.0­24V","G","","","6.9","8.4"
2016,"MITSUBISHI","Outlander","4WD","2.2­16V","D","","","11.0","13.4"
2016,"MITSUBISHI","Pajero 5 portas","4X4","3.8­24V","G","","","5.3","6.7"
2016,"NISSAN","Altima","25SL","2.5­16V","G","","","9.7","13.1"
2016,"NISSAN","Kicks","16 SL","1.6­16V","F","8.1","9.6","11.4","13.7"
2016,"NISSAN","New March","10 MT","1.0­12V","F","8.8","10.4","12.9","15.0"
2016,"NISSAN","New March","10 S","1.0­12V","F","8.8","10.4","12.9","15.0"
2016,"NISSAN","New March","10 SV","1.0­12V","F","8.8","10.4","12.9","15.0"
2016,"NISSAN","New March","16 S","1.6­16V","F","8.5","9.9","12.6","14.4"
2016,"NISSAN","New March","16 SL","1.6­16V","F","8.5","9.9","12.6","14.4"
2016,"NISSAN","New March","16 SL","1.6­16V","F","7.8","9.8","11.7","14.5"
2016,"NISSAN","New March","16 SV","1.6­16V","F","8.5","9.9","12.6","14.4"
2016,"NISSAN","New March","16 SV","1.6­16V","F","7.8","9.8","11.7","14.5"
2016,"NISSAN","New Versa","10","1.0­12V","F","8.8","10.5","12.9","15.3"
2016,"NISSAN","New Versa","10 S","1.0­12V","F","8.8","10.5","12.9","15.3"
2016,"NISSAN","New Versa","16 SL","1.6­16V","F","8.4","10.0","12.6","14.4"
2016,"NISSAN","New Versa","16 SL","1.6­16V","F","7.8","10","11.6","14.1"
2016,"NISSAN","New Versa","16 SV","1.6­16V","F","8.4","10.0","12.6","14.4"
2016,"NISSAN","New Versa","16 SV","1.6­16V","F","7.8","10","11.6","14.1"
2016,"NISSAN","New Versa","16 Unique","1.6­16V","F","8.4","10.0","12.6","14.4"
2016,"NISSAN","New Versa","16 Unique","1.6­16V","F","7.8","10","11.6","14.1"
2016,"NISSAN","Novo Sentra","20SL CVT","2.0­16V","F","6.6","9","9.8","13.1"
2016,"NISSAN","Novo Sentra","20SV CVT","2.0­16V","F","6.6","9","9.8","13.1"
2016,"NISSAN","Novo Sentra","Unique","2.0­16V","F","6.6","9","9.8","13.1"
2016,"NISSAN","Novo Sentra (2017)","20 S","2.0­16V","F","6.7","9.1","9.9","12.7"
2016,"NISSAN","Novo Sentra (2017)","20 SL","2.0­16V","F","6.7","9.1","9.9","12.7"
2016,"NISSAN","Novo Sentra (2017)","20 SV","2.0­16V","F","6.7","9.1","9.9","12.7"
2016,"PEUGEOT","2008","Allure","1.6­16V","F","6.8","7.9","9.4","11.0"
2016,"PEUGEOT","2008","Allure","1.6­16V","F","7.3","8.2","10.2","11.6"
2016,"PEUGEOT","2008","Griffe","1.6­16V","F","6.8","7.9","9.4","11.0"
2016,"PEUGEOT","2008","Griffe","1.6­16V","F","7.3","8.2","10.2","11.6"
2016,"PEUGEOT","2008","Griffe THP","1.6­16V","F","7.1","8.5","10.7","12.4"
2016,"PEUGEOT","2008 (2017)","Allure","1.6­16V","F","7.4","8.6","11.0","12.2"
2016,"PEUGEOT","2008 (2017)","Allure","1.6­16V","F","8.3","8.9","11.6","12.9"
2016,"PEUGEOT","2008 (2017)","Griffe","1.6­16V","F","7.4","8.6","11.0","12.2"
2016,"PEUGEOT","2008 (2017)","Griffe","1.6­16V","F","8.3","8.9","11.6","12.9"
2016,"PEUGEOT","2008 (2017)","Griffe THP","1.6­16V","F","8.4","9.3","12.5","13.5"
2016,"PEUGEOT","208","Act Pack","1.2­12V","F","10.9","11.7","15.1","16.9"
2016,"PEUGEOT","208","Active","1.2­12V","F","10.9","11.7","15.1","16.9"
2016,"PEUGEOT","208","Active","   1.5­8V","F","8","9.6","11.6","14.3"
2016,"PEUGEOT","208","Active Pack","   1.5­8V","F","8","9.6","11.6","14.3"
2016,"PEUGEOT","208","Allure","1.2­12V","F","10.9","11.7","15.1","16.9"
2016,"PEUGEOT","208","Allure","   1.5­8V","F","8","9.6","11.6","14.3"
2016,"PEUGEOT","208","Allure","1.6­16V","F","8.1","9.1","11.7",13
2016,"PEUGEOT","208","Griffe","1.6­16V","F","7.1","8.9","10.6","12.9"
2016,"PEUGEOT","208","Griffe","1.6­16V","F","8.5","10","12.3",14
2016,"PEUGEOT","208","Griffe","1.6­16V","F","8.1","9.1","11.7",13
2016,"PEUGEOT","208","GT THP","1.6­16V","F","8.2","9.5",12,"13.8"
2016,"PEUGEOT","208","Sport","1.6­16V","F","8.5","10","12.3",14
2016,"PEUGEOT","3008","Griffe","1.6­16V","G","","","8.3","11.1"
2016,"PEUGEOT","308","Allure THP","1.6­16V","F","7.2","8.9","10.6","12.9"
2016,"PEUGEOT","308","Griffe THP","1.6­16V","F","7.2","8.9","10.6","12.9"
2016,"PEUGEOT","408","Allure","2.0­16V","F","5.6","7.8","8.2","11.1"
2016,"PEUGEOT","408","Allure THP","1.6­16V","F","7.3","9.2","10.6","13.0"
2016,"PEUGEOT","408","Griffe THP","1.6­16V","F","7.3","9.2","10.6","13.0"
2016,"PEUGEOT","Boxer","Furgão 350LH","2.3­16V","D","","","7.9","9.6"
2016,"PEUGEOT","Boxer","Minibus 330M","2.3­16V","D","","","7.9","9.6"
2016,"PORSCHE","911","Carrera","3.0­24V","G","","","8.2","10.8"
2016,"PORSCHE","911","Carrera 4S","3.8­24V","G","","","6.5","10.2"
2016,"PORSCHE","911","Carrera 4S Cabriolet","3.8­24V","G","","","6.5","10.2"
2016,"PORSCHE","911","Carrera Cabriolet","3.0­24V","G","","","8.2","10.8"
2016,"PORSCHE","911","Carrera S","3.8­24V","G","","","6.5","10.4"
2016,"PORSCHE","911","Carrera S Cabriolet","3.8­24V","G","","","6.5","10.4"
2016,"PORSCHE","911","GT3","4.0­24V","G","","","6.0","8.2"
2016,"PORSCHE","911","Turbo","3.8­24V","G","","","6.6","9.5"
2016,"PORSCHE","911","Turbo S","3.8­24V","G","","","6.6","9.5"
2016,"PORSCHE","Boxster","","2.7­24V","G","","","8.1","11.8"
2016,"PORSCHE","Boxster","","2.0­16V","G","","","9.0","12.2"
2016,"PORSCHE","Boxster","GTS","3.4­24V","G","","","7.4","10.9"
2016,"PORSCHE","Boxster","S","3.4­24V","G","","","7.6","10.9"
2016,"PORSCHE","Boxster","S","2.5­16V","G","","","8.7","11.4"
2016,"PORSCHE","Cayenne","GTS","3.6­24V","G","","","6.4","8.8"
2016,"PORSCHE","Cayenne","S","3.6­24V","G","","","6.3","9.2"
2016,"PORSCHE","Cayenne","S E­HY","3.0­24V","G","","","12.1","12.2"
2016,"PORSCHE","Cayenne","Turbo","4.8­32V","G","","","5.5","8.0"
2016,"PORSCHE","Cayenne","V6","3.6­24V","G","","","7.1","8.4"
2016,"PORSCHE","Cayman","","2.7­24V","G","","","8.1","11.8"
2016,"PORSCHE","Cayman","","2.0­16V","G","","","9.0","12.2"
2016,"PORSCHE","Cayman","GT4","3.8­24V","G","","","6.3","9.1"
2016,"PORSCHE","Cayman","GTS","3.4­24V","G","","","7.4","10.9"
2016,"PORSCHE","Cayman","S","3.4­24V","G","","","7.6","10.9"
2016,"PORSCHE","Cayman","S","2.5­16V","G","","","8.7","11.4"
2016,"PORSCHE","Macan","","2.0­16V","G","","","8.2","10.8"
2016,"PORSCHE","Macan","S","3.0­24V","G","","","5.9","7.9"
2016,"PORSCHE","Macan","Turbo","3.6­24V","G","","","5.7","7.6"
2016,"PORSCHE","Panamera","","3.6­24V","G","","","7.1","10.1"
2016,"PORSCHE","Panamera","4S","4.8­32V","G","","","5.6","7.8"
2016,"PORSCHE","Panamera","GTS","4.8­32V","G","","","5.9","8.1"
2016,"PORSCHE","Panamera","S","3.0­24V","G","","","6.5","9.9"
2016,"PORSCHE","Panamera","Turbo","4.8­32V","G","","","5.3","7.3"
2016,"RELY","Pick­Up","","1.0­16V","G","","","7.9","8.2"
2016,"RELY","Pick­Up Cabine Dupla","Basic","1.0­16V","G","","","7.3",8
2016,"RELY","Pick­Up Cabine Dupla","CC","1.0­16V","G","","","7.3",8
2016,"RELY","Pick­Up Cabine Dupla","Comfort","1.0­16V","G","","","7.3",8
2016,"RELY","Pick­Up Ex Basic","EX Basic","1.0­16V","G","","","8.1","8.7"
2016,"RELY","Van","","1.0­16V","G","","","7.7","8.7"
2016,"RENAULT","Duster","Dynamique (4x2)","2.0­16V","F","5.6","7.0","8.1","10.1"
2016,"RENAULT","Duster","Dynamique (4x2)","2.0­16V","F","6.4","7.4","9.0","10.8"
2016,"RENAULT","Duster","Dynamique (4x2)","1.6­16V","F","6.6","7.4","9.5","10.7"
2016,"RENAULT","Duster","Dynamique (4x4)","2.0­16V","F","6.2","7.1","9.1","10.3"
2016,"RENAULT","Duster","Expression (4x2)","1.6­16V","F","6.6","7.4","9.5","10.7"
2016,"RENAULT","Duster (2017)","Dakar (4X2)","2.0­16V","F","6.0","7.1","9.0","10.4"
2016,"RENAULT","Duster (2017)","Dakar (4x4)","2.0­16V","F","6.7","7.5","9.8","10.8"
2016,"RENAULT","Duster (2017)","Dynamique (4X2)","2.0­16V","F","7.3","7.9","10.6","11.4"
2016,"RENAULT","Duster (2017)","Dynamique (4X2)","2.0­16V","F","6.0","7.1","9.0","10.4"
2016,"RENAULT","Duster (2017)","Dynamique (4x2)","1.6­16V","F","7.0","7.4","10.2","10.8"
2016,"RENAULT","Duster (2017)","Dynamique (4x4)","2.0­16V","F","6.7","7.5","9.8","10.8"
2016,"RENAULT","Duster (2017)","Expression (4x2)","1.6­16V","F","7.0","7.4","10.2","10.8"
2016,"RENAULT","Fluence","Dynamique","2.0­16V","F","6.1","7.4","8.7","10.7"
2016,"RENAULT","Fluence","Dynamique","2.0­16V","F","6.4","8.1","9.5","11.8"
2016,"RENAULT","Fluence","Expression","2.0­16V","F","6.1","7.4","8.7","10.7"
2016,"RENAULT","Fluence","Expression","2.0­16V","F","6.4","8.1","9.5","11.8"
2016,"RENAULT","Fluence","Privilège","2.0­16V","F","6.1","7.4","8.7","10.7"
2016,"RENAULT","Fluence","Privilège","2.0­16V","F","6.4","8.1","9.5","11.8"
2016,"RENAULT","Kangoo","Express","1.6­16V","F","6.1","7.1","8.8","10.3"
2016,"RENAULT","Logan","Authentique","1.0­16V","F","7.2","9.1","10.5","13.1"
2016,"RENAULT","Logan","Dynamique","   1.6­8V","F","7.5","8.7","10.7","12.6"
2016,"RENAULT","Logan","Dynamique","   1.6­8V","F","6.2","8.9","9.6","12.8"
2016,"RENAULT","Logan","Expression","1.0­16V","F","7.2","9.1","10.5","13.1"
2016,"RENAULT","Logan","Expression","   1.6­8V","F","7.5","8.7","10.7","12.6"
2016,"RENAULT","Logan","Expression","   1.6­8V","F","6.2","8.9","9.6","12.8"
2016,"RENAULT","Logan (2017)","Authentique","1.0­12V","F","9.4","10","13.8","14.5"
2016,"RENAULT","Logan (2017)","Dynamique","1.6­16V","F","8.8","9.5",13,"13.8"
2016,"RENAULT","Logan (2017)","Dynamique","1.6­16V","F","7.9","9.1","11.8","13.4"
2016,"RENAULT","Logan (2017)","Expression","1.0­12V","F","9.4","10","13.8","14.5"
2016,"RENAULT","Logan (2017)","Expression","1.6­16V","F","8.8","9.5",13,"13.8"
2016,"RENAULT","Logan (2017)","Expression","1.6­16V","F","7.9","9.1","11.8","13.4"
2016,"RENAULT","Oroch","Dynamique","1.6­16V","F","6.6","7.5","9.6","10.9"
2016,"RENAULT","Oroch","Dynamique","2.0­16V","F","6.4","7.3","9.2","10.8"
2016,"RENAULT","Oroch","Expression","1.6­16V","F","6.6","7.5","9.6","10.9"
2016,"RENAULT","Oroch","Outsider","1.6­16V","F","6.6","7.5","9.6","10.9"
2016,"RENAULT","Oroch","Outsider","2.0­16V","F","6.4","7.3","9.2","10.8"
2016,"RENAULT","Oroch (2017)","Dynamique","2.0­16V","F","7","7.4",10,"10.9"
2016,"RENAULT","Oroch (2017)","Dynamique (4X2)","2.0­16V","F","5.9","7.6","8.6","10.8"
2016,"RENAULT","Sandero","Authentique","1.0­16V","F","8.7","9.6","12.6",14
2016,"RENAULT","Sandero","Dynamique","   1.6­8V","F","7.5","8.7","10.7","12.4"
2016,"RENAULT","Sandero","Expression","1.0­16V","F","8.7","9.6","12.6",14
2016,"RENAULT","Sandero","Expression","   1.6­8V","F","7.5","8.7","10.7","12.4"
2016,"RENAULT","Sandero","GT Line","   1.6­8V","F","7.5","8.7","10.7","12.4"
2016,"RENAULT","Sandero","Stepway","1.6­8V","F","7.4","8.0","10.4","11.5"
2016,"RENAULT","Sandero","Stepway","1.6­8V","F","6.2","8.9","9.6","12.8"
2016,"RENAULT","Sandero (2017)","Authentique","1.0­12V","F","9.5","9.6","14.2","14.1"
2016,"RENAULT","Sandero (2017)","Dynamique","1.6­16V","F","8.6","9.2","12.8","13.4"
2016,"RENAULT","Sandero (2017)","Dynamique","1.6­16V","F","8.1","8.8","11.8","12.8"
2016,"RENAULT","Sandero (2017)","Expression","1.0­12V","F","9.5","9.6","14.2","14.1"
2016,"RENAULT","Sandero (2017)","Expression","1.6­16V","F","8.6","9.2","12.8","13.4"
2016,"RENAULT","Sandero (2017)","Expression","1.6­16V","F","8.1","8.8","11.8","12.8"
2016,"RENAULT","Sandero (2017)","GT Line","1.6­16V","F","8.4","8.9","12.5",13
2016,"RENAULT","Sandero (2017)","Stepway","1.6­16V","F","8.3","8.5","12.0","12.1"
2016,"RENAULT","Sandero (2017)","Stepway","1.6­16V","F","7.7","8.3","11.5","12.0"
2016,"RENAULT","Sandero RS","Renault Sport","2.0­16V","F","5.9","7.6","8.3","10.8"
2016,"ROLLS­ROYCE","Ghost","Series II","6.5­48V","G","","","4.9","7.0"
2016,"SMART","Fortwo","71cv MHD
Coupé","1.0­12V","G","","","13.2","14.4"
2016,"SMART","Fortwo","84cv Turbo Cabrio","1.0­12V","G","","","13.2","14.2"
2016,"SMART","Fortwo","84cv Turbo Coupé","1.0­12V","G","","","13.2","14.2"
2016,"SUBARU","Forester","L","2.0­16V","G","","",10,"14.4"
2016,"SUBARU","Forester","S","2.0­16V","G","","",10,"14.4"
2016,"SUBARU","Forester","XT","2.0­16V","G","","","9.2","12.8"
2016,"SUBARU","Impreza","XV","2.0­16V","G","","","9.6","11.6"
2016,"SUBARU","Legacy","3.6 R­S","3.6­24V","G","","","7.1","9.6"
2016,"SUBARU","Outback","3.6 R­S","3.6­24V","G","","","7.1","9.5"
2016,"SUBARU","WRX","2","2.0­16V","G","","","8.5","10.7"
2016,"SUBARU","WRX","STI 2.5","2.5­16V","G","","","6.7","8.7"
2016,"SUZUKI","Grand Vitara","4X2","2.0­16V","G","","","7.8","9.5"
2016,"SUZUKI","Grand Vitara","4X2","2.0­16V","G","","","7.6","9.2"
2016,"SUZUKI","Grand Vitara","4X2 Premium","2.0­16V","G","","","7.8","9.5"
2016,"SUZUKI","Grand Vitara","4X2 Sport","2.0­16V","G","","","7.6","9.2"
2016,"SUZUKI","Grand Vitara","4X4","2.0­16V","G","","","7.3","8.9"
2016,"SUZUKI","Grand Vitara","4X4","2.0­16V","G","","","7.6","9.1"
2016,"SUZUKI","Grand Vitara","4X4 Premium","2.0­16V","G","","","7.3","8.9"
2016,"SUZUKI","Grand Vitara","4X4 Sport","2.0­16V","G","","","7.6","9.1"
2016,"SUZUKI","Jimny 4X4","4All","1.3­16V","G","","","9.5","10.7"
2016,"SUZUKI","Jimny 4X4","4Sport","1.3­16V","G","","","9.5","10.7"
2016,"SUZUKI","Jimny 4X4","4Sun","1.3­16V","G","","","9.5","10.7"
2016,"SUZUKI","Jimny 4X4","4Work","1.3­16V","G","","","9.5","10.7"
2016,"SUZUKI","S­Cross","4Style","1.4­16V","G","","","12.2","14.0"
2016,"SUZUKI","S­Cross","4Style Allgrip","1.4­16V","G","","","11.5","13.3"
2016,"SUZUKI","S­Cross","4You","1.6­16V","G","","","11.6","13.2"
2016,"SUZUKI","S­Cross 2WD","GL","1.6­16V","G","","","11.9","13.2"
2016,"SUZUKI","S­Cross 2WD","GL","1.6­16V","G","","","11.0","12.9"
2016,"SUZUKI","S­Cross 2WD","GLX","1.6­16V","G","","","11.9","13.2"
2016,"SUZUKI","S­Cross 2WD","GLX","1.6­16V","G","","","11.0","12.9"
2016,"SUZUKI","S­Cross 4WD","GLS","1.6­16V","G","","","11.1","11.8"
2016,"SUZUKI","S­Cross 4WD","GLX","1.6­16V","G","","","11.1","11.8"
2016,"SUZUKI","Swift Sport","2WD","1.6­16V","G","","","11.9","12.6"
2016,"SUZUKI","Vitara","4All","1.6­16V","G","","","12.2","13.0"
2016,"SUZUKI","Vitara","4All","1.6­16V","G","","","11.6","13.2"
2016,"SUZUKI","Vitara","4Sport","1.4­16V","G","","","12.0","13.7"
2016,"SUZUKI","Vitara","4Sport Allgrip","1.4­16V","G","","","11.5","12.9"
2016,"SUZUKI","Vitara","4You","1.6­16V","G","","","11.6","13.2"
2016,"SUZUKI","Vitara","4You Allgrip","1.6­16V","G","","","11.0","12.6"
2016,"TOYOTA","Camry","XLE","3.5­24V","G","","","7.6","10.2"
2016,"TOYOTA","Corolla","ALTIS","2.0­16V","F","7.2","8.8","10.6","12.6"
2016,"TOYOTA","Corolla","GLI","1.8­16V","F","7.8","9.2","11.4","13.2"
2016,"TOYOTA","Corolla","GLI","1.8­16V","F","7.3","9.1","10.7","13.2"
2016,"TOYOTA","Corolla","XEI","2.0­16V","F","7.2","8.8","10.6","12.6"
2016,"TOYOTA","Etios Hatchback","Cross","1.5­16V","F","8.3","9.8","12.4","14.1"
2016,"TOYOTA","Etios Hatchback","Cross","1.5­16V","F","8.1","9.2","11.9","13.2"
2016,"TOYOTA","Etios Hatchback","Platinum","1.5­16V","F","8.3","9.8","12.4","14.1"
2016,"TOYOTA","Etios Hatchback","Platinum","1.5­16V","F","8.1","9.2","11.9","13.2"
2016,"TOYOTA","Etios Hatchback","X","1.3­16V","F","8.6","9.8","12.6","14.2"
2016,"TOYOTA","Etios Hatchback","X","1.3­16V","F","8.2","9.2","11.8","13.3"
2016,"TOYOTA","Etios Hatchback","XLS","1.5­16V","F","8.3","9.8","12.4","14.1"
2016,"TOYOTA","Etios Hatchback","XLS","1.5­16V","F","8.1","9.2","11.9","13.2"
2016,"TOYOTA","Etios Hatchback","XS","1.5­16V","F","8.3","9.8","12.4","14.1"
2016,"TOYOTA","Etios Hatchback","XS","1.5­16V","F","8.1","9.2","11.9","13.2"
2016,"TOYOTA","Etios Sedã","Platinum","1.5­16V","F","8.4","10.4","12.2","14.9"
2016,"TOYOTA","Etios Sedã","Platinum","1.5­16V","F","8.5","10.3","12.5",15
2016,"TOYOTA","Etios Sedã","X","1.5­16V","F","8.4","10.4","12.2","14.9"
2016,"TOYOTA","Etios Sedã","X","1.5­16V","F","8.5","10.3","12.5",15
2016,"TOYOTA","Etios Sedã","XLS","1.5­16V","F","8.4","10.4","12.2","14.9"
2016,"TOYOTA","Etios Sedã","XLS","1.5­16V","F","8.5","10.3","12.5",15
2016,"TOYOTA","Etios Sedã","XS","1.5­16V","F","8.4","10.4","12.2","14.9"
2016,"TOYOTA","Etios Sedã","XS","1.5­16V","F","8.5","10.3","12.5",15
2016,"TOYOTA","Hilux 4X2","CD SR","2.7­16V","F","4.8","5.6","6.9","8.1"
2016,"TOYOTA","Hilux 4X2","CD SRV","2.7­16V","F","4.8","5.6","6.9","8.1"
2016,"TOYOTA","Hilux 4X4","CC","2.8­16V","D","","","9.3","11.2"
2016,"TOYOTA","Hilux 4X4","CD SRV","2.7­16V","F","4.8","5.6","6.9","8.1"
2016,"TOYOTA","Hilux 4X4","SC","2.8­16V","D","","","9.3","11.2"
2016,"TOYOTA","Hilux 4X4","SR","2.8­16V","D","","",9,"10.5"
2016,"TOYOTA","Hilux 4X4","SRV","2.8­16V","D","","",9,"10.5"
2016,"TOYOTA","Hilux 4X4","SRX","2.8­16V","D","","",9,"10.5"
2016,"TOYOTA","Hilux 4X4","STD","2.8­16V","D","","","9.3","11.2"
2016,"TOYOTA","Hilux SW4 Diesel 4X4","SRV","2.8­16V","D","","","9.0","10.5"
2016,"TOYOTA","Hilux SW4 Diesel 4X4","SRX","2.8­16V","D","","","9.0","10.5"
2016,"TOYOTA","Hilux SW4 Gasolina 4X4","SRX","4.0­24V","G","","","6.0","7.6"
2016,"TOYOTA","Prius","NGA","1.8­16V","G","","","18.9",17
2016,"TOYOTA","Prius","NGA Top","1.8­16V","G","","","18.9",17
2016,"TOYOTA","RAV4 4X2","2.0 4X2","2.0­16V","G","","","9.5","10.9"
2016,"TOYOTA","RAV4 4X4","4X4","2.5­16V","G","","","8.7","10.9"
2016,"TOYOTA","RAV4 4X4","4X4","2.0­16V","G","","","9.5","10.9"
2016,"TOYOTA","SW4 4X2","SR","2.7­16V","F","4.6","5.6","6.7","8.1"
2016,"TOYOTA","SW4 4X2","SR 5S","2.7­16V","F","4.9","5.9","7.1","8.5"
2016,"TOYOTA","SW4 4X2","SR 7S","2.7­16V","F","4.9","5.9","7.1","8.5"
2016,"VOLKSWAGEN","Amarok","Darklabel","2.0­16V","D","","","8.9","9.2"
2016,"VOLKSWAGEN","Amarok","Highline","2.0­16V","D","","","8.9","9.2"
2016,"VOLKSWAGEN","Amarok","SE","2.0­16V","D","","","8.5","9.3"
2016,"VOLKSWAGEN","Amarok","Trendline","2.0­16V","D","","","8.5","9.3"
2016,"VOLKSWAGEN","Amarok","Trendline","2.0­16V","D","","","8.9","9.2"
2016,"VOLKSWAGEN","CC","","2.0­16V","G","","","8.0","10.6"
2016,"VOLKSWAGEN","CrossFox (Pneus On Road)","","1.6­16V","F","7.7","8.9","11.1","12.7"
2016,"VOLKSWAGEN","CrossFox (Pneus On Road)","(I­Motion)","1.6­16V","F","7.7","8.8","11.1","12.7"
2016,"VOLKSWAGEN","Fox","Comfortline","   1.6­8V","F","7.8","9.7","11.6","13.9"
2016,"VOLKSWAGEN","Fox","Run","   1.6­8V","F","7.8","9.7","11.6","13.9"
2016,"VOLKSWAGEN","Fox","Trendline","   1.6­8V","F","7.8","9.7","11.6","13.9"
2016,"VOLKSWAGEN","Fox (2017)","Comfortline","1.0­12V","F","8.8","10.1","12.9","14.2"
2016,"VOLKSWAGEN","Fox (2017)","Comfortline","   1.6­8V","F","7.8","9.3","11.2","13.3"
2016,"VOLKSWAGEN","Fox (2017)","Comfortline (I­Motion)","1.6­8V","F","7.8","9.0","11.2","12.7"
2016,"VOLKSWAGEN","Fox (2017)","Highline","1.6­16V","F","8.2","10","11.3","13.5"
2016,"VOLKSWAGEN","Fox (2017)","Highline (I­ Motion)","1.6­16V","F","8.0","9.5","11.4","13.5"
2016,"VOLKSWAGEN","Fox (2017)","Pepper","1.6­16V","F","8.2","10","11.3","13.5"
2016,"VOLKSWAGEN","Fox (2017)","Pepper (I­ Motion)","1.6­16V","F","8.0","9.5","11.4","13.5"
2016,"VOLKSWAGEN","Fox (2017)","Run","   1.6­8V","F","7.8","9.3","11.2","13.3"
2016,"VOLKSWAGEN","Fox (2017)","Track","1.0­12V","F","8.8","10.1","12.9","14.2"
2016,"VOLKSWAGEN","Fox (2017)","Trendline","1.0­12V","F","8.8","10.1","12.9","14.2"
2016,"VOLKSWAGEN","Fox (2017)","Trendline","   1.6­8V","F","7.8","9.3","11.2","13.3"
2016,"VOLKSWAGEN","Fusca","","2.0­16V","G","","","9.2","10.7"
2016,"VOLKSWAGEN","Gol","Comfortline","   1.6­8V","F","7.8","9.5","11.1","13.6"
2016,"VOLKSWAGEN","Gol","Highline","   1.6­8V","F","7.8","9.5","11.1","13.6"
2016,"VOLKSWAGEN","Gol","Rallye (I­ Motion)","1.6­16V","F","7.0","7.5","9.9","11.1"
2016,"VOLKSWAGEN","Gol","Trendline","   1.6­8V","F","7.9","9.7","11.5",14
2016,"VOLKSWAGEN","Golf TSI","Comfortline","1.0­16V","F","8.4","10.1","11.9","14.3"
2016,"VOLKSWAGEN","Golf Variant","Comfortline","1.4­16V","G","","","11.5",13
2016,"VOLKSWAGEN","Golf Variant","Comfortline","1.4­16V","G","","","11.3","12.4"
2016,"VOLKSWAGEN","Golf Variant","Comfortline","1.4­16V","F","7.5","9.5","10.9","13.9"
2016,"VOLKSWAGEN","Golf Variant","Highline","1.4­16V","G","","","11.3","12.4"
2016,"VOLKSWAGEN","Golf Variant","Highline","1.4­16V","F","7.5","9.5","10.9","13.9"
2016,"VOLKSWAGEN","Jetta","Comfortline","1.4­16V","G","","","10.4","13.8"
2016,"VOLKSWAGEN","Jetta","Highline","2.0­16V","G","","","9.4","12.5"
2016,"VOLKSWAGEN","Jetta","Trendline","1.4­16V","G","","","11.3","13.9"
2016,"VOLKSWAGEN","Jetta","Trendline","1.4­16V","G","","","10.4","13.8"
2016,"VOLKSWAGEN","Nova Saveiro CD","Highline","1.6­8V","F","7.6","8.6","10.9","12.1"
2016,"VOLKSWAGEN","Nova Saveiro CD","Trendline","1.6­8V","F","7.6","8.6","10.9","12.1"
2016,"VOLKSWAGEN","Nova Saveiro CE","Trendline","1.6­8V","F","7.5","8.8","10.9","12.8"
2016,"VOLKSWAGEN","Nova Saveiro CS","Robust","1.6­8V","F","7.5","8.8","10.8","12.4"
2016,"VOLKSWAGEN","Nova Saveiro CS","Trendline","1.6­8V","F","7.5","8.8","10.8","12.4"
2016,"VOLKSWAGEN","Novo CrossFox","","1.6­16V","F","7.4","8.2","10.3","10.9"
2016,"VOLKSWAGEN","Novo CrossFox","(I­Motion)","1.6­16V","F","6.8","7.3","9.5","10.3"
2016,"VOLKSWAGEN","Novo Fox","Blue Motion","1.0­12V","F","8.5","9.9","12.8","14.2"
2016,"VOLKSWAGEN","Novo Fox","Comfortline","1.0­12V","F","8.6","9.3","12.3","13.5"
2016,"VOLKSWAGEN","Novo Fox","Highline","1.6­16V","F","7.7","9.2","10.7","13.1"
2016,"VOLKSWAGEN","Novo Fox","Pepper","1.6­16V","F","7.7","9.2","10.7","13.1"
2016,"VOLKSWAGEN","Novo Fox","Track","1.0­12V","F","8.6","9.3","12.3","13.5"
2016,"VOLKSWAGEN","Novo Fox","Trendline","1.0­12V","F","8.6","9.3","12.3","13.5"
2016,"VOLKSWAGEN","Novo Gol","Comfortline","1.0­12V","F","8.8","10.3","12.9","14.5"
2016,"VOLKSWAGEN","Novo Gol","Comfortline","   1.6­8V","F","7.6","9.2",11,"13.1"
2016,"VOLKSWAGEN","Novo Gol","Comfortline (I­Motion)","1.6­8V","F","7.7","9.2","11.1","13.1"
2016,"VOLKSWAGEN","Novo Gol","Highline","   1.6­8V","F","7.6","9.2",11,"13.1"
2016,"VOLKSWAGEN","Novo Gol","Highline (I­ Motion)","1.6­8V","F","7.7","9.2","11.1","13.1"
2016,"VOLKSWAGEN","Novo Gol","Track","1.0­12V","F","8.8","10.3","12.9","14.5"
2016,"VOLKSWAGEN","Novo Gol","Trendline","1.0­12V","F","8.8","10.3","12.9","14.5"
2016,"VOLKSWAGEN","Novo Gol","Trendline","   1.6­8V","F","7.6","9.2",11,"13.1"
2016,"VOLKSWAGEN","Novo Golf","Comfortline","1.6­16V","F","7.0","9.2","10.1","13.0"
2016,"VOLKSWAGEN","Novo Golf","Comfortline","1.6­16V","F","6.8","8.9","10.0","12.6"
2016,"VOLKSWAGEN","Novo Golf GTI","","2.0­16V","G","","","10.2","12.1"
2016,"VOLKSWAGEN","Novo Golf TSI","Highline","1.4­16V","F","7.9","9.5","11.6","13.6"
2016,"VOLKSWAGEN","Novo Golf TSI","Highline","1.4­16V","F","7.7","9.5","11.3","13.7"
2016,"VOLKSWAGEN","Novo Passat","Comfortline","2.0­16V","G","","","10.4","12.9"
2016,"VOLKSWAGEN","Novo Passat","Highline","2.0­16V","G","","","10.4","12.9"
2016,"VOLKSWAGEN","Novo SpaceCross","","1.6­16V","F","7.0","7.5","10.0","11.1"
2016,"VOLKSWAGEN","Novo SpaceCross","(I­Motion)","1.6­16V","F","6.7","7.5","9.3","10.9"
2016,"VOLKSWAGEN","Novo Voyage","Comfortline","1.0­12V","F","8.7","10.5","12.9","15.4"
2016,"VOLKSWAGEN","Novo Voyage","Comfortline","1.6­8V","F","7.5","9.4","11.1","13.3"
2016,"VOLKSWAGEN","Novo Voyage","Comfortline (I­Motion)","1.6­8V","F","7.8","9.5","11.2","13.5"
2016,"VOLKSWAGEN","Novo Voyage","Highline","1.6­8V","F","7.5","9.4","11.1","13.3"
2016,"VOLKSWAGEN","Novo Voyage","Highline (I­ Motion)","1.6­8V","F","7.8","9.5","11.2","13.5"
2016,"VOLKSWAGEN","Novo Voyage","Trendline","1.0­12V","F","8.7","10.5","12.9","15.4"
2016,"VOLKSWAGEN","Novo Voyage","Trendline","1.6­8V","F","7.5","9.4","11.1","13.3"
2016,"VOLKSWAGEN","Saveiro CD (Pneus On Road)","Cross","1.6­16V","F","7.2","8.6","10.4","12.4"
2016,"VOLKSWAGEN","Saveiro CE (Pneus On Road)","Cross","1.6­16V","F","7.3","9.1","10.6","13.1"
2016,"VOLKSWAGEN","Saveiro CS","Startline","1.6­8V","F","7.3","7.9","10.5","11.4"
2016,"VOLKSWAGEN","Saveiro CS","Surf","1.6­8V","F","7.3","7.9","10.5","11.4"
2016,"VOLKSWAGEN","Saveiro CS","Trendline","1.6­8V","F","7.3","7.9","10.5","11.4"
2016,"VOLKSWAGEN","Spacefox (2017)","Comfortline","1.6­8V","F","7.8","9.5","11.1","13.6"
2016,"VOLKSWAGEN","Spacefox (2017)","Comfortline (I­Motion)","1.6­8V","F","7.7","9.3","11.1","13.2"
2016,"VOLKSWAGEN","Spacefox (2017)","Trendline","1.6­8V","F","7.8","9.5","11.1","13.6"
2016,"VOLKSWAGEN","Spacefox (2017)","Trendline (I­ Motion)","1.6­8V","F","7.7","9.3","11.1","13.2"
2016,"VOLKSWAGEN","Spacefox (2017)(Exceto rodas aro 16"")","Highline","1.6­16V","F","8.0","9.9","11.5","14.0"
2016,"VOLKSWAGEN","Spacefox (2017)(Exceto rodas aro 16"")","Highline (I­ Motion)","1.6­16V","F","7.9","9.5","11.3","13.6"
2016,"VOLKSWAGEN","Tiguan","","1.4­16V","G","","","10.1","11.6"
2016,"VOLKSWAGEN","Tiguan","","2.0­16V","G","","","7.0","8.6"
2016,"VOLKSWAGEN","Touareg V6","","3.6­24V","G","","","5.8","7.4"
2016,"VOLKSWAGEN","Touareg V8","","4.2­32V","G","","","5.8","7.5"
2016,"VOLKSWAGEN","Up!","Cross","1.0­12V","F","9.2","10.4","13.3","14.6"
2016,"VOLKSWAGEN","Up!","Cross (I­ Motion)","1.0­12V","F","8.9","9.9","13.2","14.4"
2016,"VOLKSWAGEN","Up!","High","1.0­12V","F","9.6","10.6","14.2","15.3"
2016,"VOLKSWAGEN","Up!","High (I­ Motion)","1.0­12V","F","9.4","10.6","14.0","15.8"
2016,"VOLKSWAGEN","Up!","Move","1.0­12V","F","9.6","10.6","14.2","15.3"
2016,"VOLKSWAGEN","Up!","Move (I­ Motion)","1.0­12V","F","9.4","10.6","14.0","15.8"
2016,"VOLKSWAGEN","Up!","Run","1.0­12V","F","9.6","10.6","14.2","15.3"
2016,"VOLKSWAGEN","Up!","Run (I­ Motion)","1.0­12V","F","9.4","10.6","14.0","15.8"
2016,"VOLKSWAGEN","Up!","Take","1.0­12V","F","9.6","10.6","14.2","15.3"
2016,"VOLKSWAGEN","Up!","Track","1.0­12V","F","9.5","10.3","13.7","14.8"
2016,"VOLKSWAGEN","Up! (2017)","Cross (I­ Motion)","1.0­12V","F","9.2","9.9","13.3","14.1"
2016,"VOLKSWAGEN","Up! TSI","BWR","1.0­12V","F","9.6","11.1","13.8","16.1"
2016,"VOLKSWAGEN","Up! TSI","Cross","1.0­12V","F","9.5","10.4","13.7","14.7"
2016,"VOLKSWAGEN","Up! TSI","High","1.0­12V","F","9.6","11.1","13.8","16.1"
2016,"VOLKSWAGEN","Up! TSI","Move","1.0­12V","F","9.6","11.1","13.8","16.1"
2016,"VOLKSWAGEN","Up! TSI","Speed","1.0­12V","F","9.6","11.1","13.8","16.1"
2016,"VOLKSWAGEN","Voyage (2017)","Comfortline","1.6­8V","F","8.0","9.9","11.6","14.1"
2016,"VOLKSWAGEN","Voyage (2017)","Highline","1.6­8V","F","8.0","9.9","11.6","14.1"
2016,"VOLKSWAGEN","Voyage (2017)","Trendline","1.6­8V","F","7.9","10.0","11.5","14.5"
2016,"VOLVO","S60","2.0 T5 Inscript","2.0­16V","G","","","8.4","11.7"
2016,"VOLVO","S60","2.0 T5 Kinetic","2.0­16V","G","","","8.4","11.7"
2016,"VOLVO","S60","2.0 T5 R­
Design","2.0­16V","G","","","8.4","11.7"
2016,"VOLVO","S60","2.0 T5
Comfort","2.0­16V","G","","","8.4","11.7"
2016,"VOLVO","S60","2.0 T5
Dynamic","2.0­16V","G","","","8.4","11.7"
2016,"VOLVO","S60","2.0 T5
Momentum","2.0­16V","G","","","8.4","11.7"
2016,"VOLVO","S60","2.0 T6 Inscript","2.0­16V","G","","","8.3","11.3"
2016,"VOLVO","S60","2.0 T6 Kinetic","2.0­16V","G","","","8.3","11.3"
2016,"VOLVO","S60","2.0 T6 R­
Design","2.0­16V","G","","","8.3","11.3"
2016,"VOLVO","S60","2.0 T6
Momentum","2.0­16V","G","","","8.3","11.3"
2016,"VOLVO","S60","T4 Inscript","2.0­16V","G","","","9.6","12.2"
2016,"VOLVO","S60","T4 Kinetic","2.0­16V","G","","","9.6","12.2"
2016,"VOLVO","S60","T4 Momentum","2.0­16V","G","","","9.6","12.2"
2016,"VOLVO","S60","T4 R­Design","2.0­16V","G","","","9.6","12.2"
2016,"VOLVO","S60 (Rodas 17"")","T4 Inscript","2.0­16V","G","","","10.3","12.6"
2016,"VOLVO","S60 (Rodas 17"")","T4 Kinetic","2.0­16V","G","","","10.3","12.6"
2016,"VOLVO","S60 (Rodas 17"")","T4 Momentum","2.0­16V","G","","","10.3","12.6"
2016,"VOLVO","S60 (Rodas 17"")","T4 R­Design","2.0­16V","G","","","10.3","12.6"
2016,"VOLVO","V40","2.0 T5 Inscript","2.0­16V","G","","","8.8","12.1"
2016,"VOLVO","V40","2.0 T5 Kinetic","2.0­16V","G","","","8.8","12.1"
2016,"VOLVO","V40","2.0 T5 R­
Design","2.0­16V","G","","","8.8","12.1"
2016,"VOLVO","V40","2.0 T5 Top","2.0­16V","G","","","8.8","12.1"
2016,"VOLVO","V40","2.0 T5
Comfort","2.0­16V","G","","","8.8","12.1"
2016,"VOLVO","V40","2.0 T5
Dynamic","2.0­16V","G","","","8.8","12.1"
2016,"VOLVO","V40","2.0 T5
Momentum","2.0­16V","G","","","8.8","12.1"
2016,"VOLVO","V40","CCT5 AWD
Dynamic","2.0­16V","G","","","8.3","11.3"
2016,"VOLVO","V40","T3 CCountry","1.5­16V","G","","","9.7","12.1"
2016,"VOLVO","V40","T3 Inscript","1.5­16V","G","","","9.7","12.1"
2016,"VOLVO","V40","T3 Kinetic","1.5­16V","G","","","9.7","12.1"
2016,"VOLVO","V40","T3 Momentum","1.5­16V","G","","","9.7","12.1"
2016,"VOLVO","V40","T3 R­Design","1.5­16V","G","","","9.7","12.1"
2016,"VOLVO","V40","T3 Summum","1.5­16V","G","","","9.7","12.1"
2016,"VOLVO","V40","T4 Inscript","2.0­16V","G","","","10.3","12.8"
2016,"VOLVO","V40","T4 Kinetic T","2.0­16V","G","","","10.3","12.8"
2016,"VOLVO","V40","T4 Momentum","2.0­16V","G","","","10.3","12.8"
2016,"VOLVO","V40","T4 R­Design","2.0­16V","G","","","10.3","12.8"
2016,"VOLVO","V40","T4 Summum","2.0­16V","G","","","10.3","12.8"
2016,"VOLVO","V40 Cross Country","CC T4 Kinetic","2.0­16V","G","","","10.4","12.4"
2016,"VOLVO","V40 Cross Country","CC T4 Moment","2.0­16V","G","","","10.4","12.4"
2016,"VOLVO","V40 Cross Country","T4 C Coutry","2.0­16V","G","","","10.4","12.4"
2016,"VOLVO","V60","2.0 T5 Inscript","2.0­16V","G","","","8.9","11.7"
2016,"VOLVO","V60","2.0 T5 Kinetic","2.0­16V","G","","","8.9","11.7"
2016,"VOLVO","V60","2.0 T5 R­
Design","2.0­16V","G","","","8.9","11.7"
2016,"VOLVO","V60","2.0 T5
Comfort","2.0­16V","G","","","8.9","11.7"
2016,"VOLVO","V60","2.0 T5
Dynamic","2.0­16V","G","","","8.9","11.7"
2016,"VOLVO","V60","2.0 T5
Momentum","2.0­16V","G","","","8.9","11.7"
2016,"VOLVO","V60","2.0 T6 Inscript","2.0­16V","G","","","8.0","11.0"
2016,"VOLVO","V60","2.0 T6 Kinetic","2.0­16V","G","","","8.0","11.0"
2016,"VOLVO","V60","2.0 T6 R­
Design","2.0­16V","G","","","8.0","11.0"
2016,"VOLVO","V60","2.0 T6
Moment","2.0­16V","G","","","8.0","11.0"
2016,"VOLVO","V60","T4 Inscript","2.0­16V","G","","","9.5","11.5"
2016,"VOLVO","V60","T4 Kinetic","2.0­16V","G","","","9.5","11.5"
2016,"VOLVO","V60","T4 Momentum","2.0­16V","G","","","9.5","11.5"
2016,"VOLVO","V60","T4 R­Design","2.0­16V","G","","","9.5","11.5"
2016,"VOLVO","V60 (Rodas 17"")","T4 Inscript","2.0­16V","G","","","9.8","12.4"
2016,"VOLVO","V60 (Rodas 17"")","T4 Kinetic","2.0­16V","G","","","9.8","12.4"
2016,"VOLVO","V60 (Rodas 17"")","T4 Momentum","2.0­16V","G","","","9.8","12.4"
2016,"VOLVO","V60 (Rodas 17"")","T4 R­Design","2.0­16V","G","","","9.8","12.4"
2016,"VOLVO","XC60","2.0 Kinetic","2.0­16V","G","","","8.2","10.9"
2016,"VOLVO","XC60","2.0 T5 R­
Design","2.0­16V","G","","","8.0","10.2"
2016,"VOLVO","XC60","2.0 T5
Comfort","2.0­16V","G","","","8.2","10.9"
2016,"VOLVO","XC60","2.0 T5
Momentum","2.0­16V","G","","","8.2","10.9"
2016,"VOLVO","XC60","2.0 T6 Inscript","2.0­16V","G","","","7.7","9.8"
2016,"VOLVO","XC60","2.0 T6 Kinetic","2.0­16V","G","","","7.7","9.8"
2016,"VOLVO","XC60","2.0 T6
Momentum","2.0­16V","G","","","7.7","9.8"
2016,"VOLVO","XC60","2.O T5
Dynamic","2.0­16V","G","","","8.2","10.9"
2016,"VOLVO","XC60","2.O T5
Inscript","2.0­16V","G","","","8.0","10.2"
2016,"VOLVO","XC60","D5 Inscript","2.4­20V","D","","","9.5","12.4"
2016,"VOLVO","XC60","D5 Kinetic","2.4­20V","D","","","9.5","12.4"
2016,"VOLVO","XC60","D5 Momentum","2.4­20V","D","","","9.5","12.4"
2016,"VOLVO","XC60","R­Design","2.0­16V","G","","","7.7","9.8"
2016,"VOLVO","XC60","T6 Dynamic","2.0­16V","G","","","7.7","9.8"
2016,"VOLVO","XC60","T6 TOP","2.0­16V","G","","","7.7","9.8"
2016,"VOLVO","XC90","D5 Inscription","2.0­16V","D","","","10.5","12.0"
2016,"VOLVO","XC90","D5 Kinetic","2.0­16V","D","","","10.5","12.0"
2016,"VOLVO","XC90","D5 Momentum","2.0­16V","D","","","10.5","12.0"
2016,"VOLVO","XC90","T6 1Edition","2.0­16V","G","","","7.0","9.2"
2016,"VOLVO","XC90","T6 Inscription","2.0­16V","G","","","7.0","9.2"
2016,"VOLVO","XC90","T6 Kinetic","2.0­16V","G","","","7.0","9.2"
2016,"VOLVO","XC90","T6 Momentum","2.0­16V","G","","","7.0","9.2"
2016,"VOLVO","XC90","T6 R­Design","2.0­16V","G","","","7.0","9.2"
2016,"VOLVO","XC90","T8 Excellence","2.0­16V","G","","","15.3","15.8"
2016,"VOLVO","XC90","T8 Inscription","2.0­16V","G","","","15.3","15.8"
2016,"VOLVO","XC90","T8 Momentum","2.0­16V","G","","","15.3","15.8"
2016,"VOLVO","XC90","T8 R­Design","2.0­16V","G","","","15.3","15.8"
