ago-21,ETANOL HIDRATADO,NORTE,PARA,ABAETETUBA,5.309
ago-21,ETANOL HIDRATADO,SUDESTE,SAO PAULO,ADAMANTINA,4.13
ago-21,ETANOL HIDRATADO,CENTRO OESTE,GOIAS,AGUAS LINDAS DE GOIAS,4.669
ago-21,ETANOL HIDRATADO,SUL,RIO GRANDE DO SUL,ALEGRETE,5.962
ago-21,ETANOL HIDRATADO,NORTE,PARA,ALENQUER,6.062
ago-21,ETANOL HIDRATADO,SUDESTE,MINAS GERAIS,ALFENAS,4.725
ago-21,ETANOL HIDRATADO,CENTRO OESTE,MATO GROSSO,ALTA FLORESTA,4.645
ago-21,ETANOL HIDRATADO,SUL,RIO GRANDE DO SUL,ALVORADA,5.777
ago-21,ETANOL HIDRATADO,SUDESTE,SAO PAULO,AMERICANA,4.191
ago-21,ETANOL HIDRATADO,SUDESTE,SAO PAULO,AMPARO,4.33
ago-21,ETANOL HIDRATADO,NORTE,PARA,ANANINDEUA,5.366
ago-21,ETANOL HIDRATADO,CENTRO OESTE,GOIAS,ANAPOLIS,4.456
ago-21,ETANOL HIDRATADO,SUDESTE,RIO DE JANEIRO,ANGRA DOS REIS,5.991
ago-21,ETANOL HIDRATADO,CENTRO OESTE,GOIAS,APARECIDA DE GOIANIA,4.608
ago-21,ETANOL HIDRATADO,SUL,PARANA,APUCARANA,4.952
ago-21,ETANOL HIDRATADO,NORDESTE,SERGIPE,ARACAJU,5.384
ago-21,ETANOL HIDRATADO,SUDESTE,SAO PAULO,ARACATUBA,4.11
ago-21,ETANOL HIDRATADO,SUDESTE,ESPIRITO SANTO,ARACRUZ,5.084
ago-21,ETANOL HIDRATADO,NORTE,TOCANTINS,ARAGUAINA,5.313
ago-21,ETANOL HIDRATADO,SUDESTE,MINAS GERAIS,ARAGUARI,4.526
ago-21,ETANOL HIDRATADO,NORDESTE,ALAGOAS,ARAPIRACA,5.294
ago-21,ETANOL HIDRATADO,SUL,PARANA,ARAPONGAS,4.931
ago-21,ETANOL HIDRATADO,SUL,SANTA CATARINA,ARARANGUA,5.152
ago-21,ETANOL HIDRATADO,SUDESTE,SAO PAULO,ARARAQUARA,4.197
ago-21,ETANOL HIDRATADO,SUDESTE,SAO PAULO,ARARAS,4.228
ago-21,ETANOL HIDRATADO,NORDESTE,PERNAMBUCO,ARARIPINA,5.331
ago-21,ETANOL HIDRATADO,SUDESTE,RIO DE JANEIRO,ARARUAMA,5.345
ago-21,ETANOL HIDRATADO,SUL,PARANA,ARAUCARIA,4.639
ago-21,ETANOL HIDRATADO,SUDESTE,MINAS GERAIS,ARAXA,4.717
ago-21,ETANOL HIDRATADO,NORTE,RONDONIA,ARIQUEMES,5.549
ago-21,ETANOL HIDRATADO,SUDESTE,SAO PAULO,ASSIS,4.312
ago-21,ETANOL HIDRATADO,SUDESTE,SAO PAULO,ATIBAIA,4.369
ago-21,ETANOL HIDRATADO,SUDESTE,SAO PAULO,AVARE,4.166
ago-21,ETANOL HIDRATADO,SUL,RIO GRANDE DO SUL,BAGE,6.732
ago-21,ETANOL HIDRATADO,SUL,SANTA CATARINA,BALNEARIO CAMBORIU,5.214
ago-21,ETANOL HIDRATADO,SUDESTE,MINAS GERAIS,BARBACENA,4.559
ago-21,ETANOL HIDRATADO,SUDESTE,RIO DE JANEIRO,BARRA MANSA,5.632
ago-21,ETANOL HIDRATADO,NORDESTE,BAHIA,BARREIRAS,4.742
ago-21,ETANOL HIDRATADO,SUDESTE,SAO PAULO,BARRETOS,4.237
ago-21,ETANOL HIDRATADO,SUDESTE,SAO PAULO,BARUERI,4.202
ago-21,ETANOL HIDRATADO,SUDESTE,SAO PAULO,BAURU,4.143
ago-21,ETANOL HIDRATADO,NORDESTE,PARAIBA,BAYEUX,5.176
ago-21,ETANOL HIDRATADO,SUDESTE,SAO PAULO,BEBEDOURO,4.251
ago-21,ETANOL HIDRATADO,NORTE,PARA,BELEM,5.572
ago-21,ETANOL HIDRATADO,SUDESTE,RIO DE JANEIRO,BELFORD ROXO,5.296
ago-21,ETANOL HIDRATADO,SUDESTE,MINAS GERAIS,BELO HORIZONTE,4.457
ago-21,ETANOL HIDRATADO,NORDESTE,PERNAMBUCO,BELO JARDIM,5.25
ago-21,ETANOL HIDRATADO,SUL,RIO GRANDE DO SUL,BENTO GONCALVES,5.83
ago-21,ETANOL HIDRATADO,SUDESTE,MINAS GERAIS,BETIM,4.518
ago-21,ETANOL HIDRATADO,SUL,SANTA CATARINA,BIGUACU,5.043
ago-21,ETANOL HIDRATADO,SUDESTE,SAO PAULO,BIRIGUI,4.198
ago-21,ETANOL HIDRATADO,SUL,SANTA CATARINA,BLUMENAU,5.091
ago-21,ETANOL HIDRATADO,NORTE,RORAIMA,BOA VISTA,5.037
ago-21,ETANOL HIDRATADO,SUDESTE,MINAS GERAIS,BOM DESPACHO,4.611
ago-21,ETANOL HIDRATADO,SUDESTE,SAO PAULO,BOTUCATU,4.441
ago-21,ETANOL HIDRATADO,SUDESTE,SAO PAULO,BRAGANCA PAULISTA,4.162
ago-21,ETANOL HIDRATADO,CENTRO OESTE,DISTRITO FEDERAL,BRASILIA,5.293
ago-21,ETANOL HIDRATADO,NORDESTE,BAHIA,BRUMADO,5.352
ago-21,ETANOL HIDRATADO,SUL,SANTA CATARINA,BRUSQUE,5.133
ago-21,ETANOL HIDRATADO,NORDESTE,PARAIBA,CABEDELO,5.092
ago-21,ETANOL HIDRATADO,NORDESTE,PERNAMBUCO,CABO DE SANTO AGOSTINHO,5.254
ago-21,ETANOL HIDRATADO,SUDESTE,RIO DE JANEIRO,CABO FRIO,5.738
ago-21,ETANOL HIDRATADO,SUL,SANTA CATARINA,CACADOR,5.349
ago-21,ETANOL HIDRATADO,SUDESTE,SAO PAULO,CACAPAVA,4.187
ago-21,ETANOL HIDRATADO,CENTRO OESTE,MATO GROSSO,CACERES,4.388
ago-21,ETANOL HIDRATADO,SUL,RIO GRANDE DO SUL,CACHOEIRA DO SUL,5.933
ago-21,ETANOL HIDRATADO,SUL,RIO GRANDE DO SUL,CACHOEIRINHA,5.799
ago-21,ETANOL HIDRATADO,SUDESTE,ESPIRITO SANTO,CACHOEIRO DE ITAPEMIRIM,5.557
ago-21,ETANOL HIDRATADO,NORTE,RONDONIA,CACOAL,5.631
ago-21,ETANOL HIDRATADO,CENTRO OESTE,GOIAS,CALDAS NOVAS,4.512
ago-21,ETANOL HIDRATADO,NORDESTE,BAHIA,CAMACARI,4.926
ago-21,ETANOL HIDRATADO,SUL,PARANA,CAMBE,4.616
ago-21,ETANOL HIDRATADO,NORDESTE,PARAIBA,CAMPINA GRANDE,4.992
ago-21,ETANOL HIDRATADO,SUDESTE,SAO PAULO,CAMPINAS,4.231
ago-21,ETANOL HIDRATADO,SUDESTE,MINAS GERAIS,CAMPO BELO,4.583
ago-21,ETANOL HIDRATADO,CENTRO OESTE,MATO GROSSO DO SUL,CAMPO GRANDE,4.478
ago-21,ETANOL HIDRATADO,SUL,PARANA,CAMPO MOURAO,4.394
ago-21,ETANOL HIDRATADO,SUDESTE,RIO DE JANEIRO,CAMPOS DOS GOYTACAZES,5.165
ago-21,ETANOL HIDRATADO,NORDESTE,CEARA,CANINDE,5.555
ago-21,ETANOL HIDRATADO,SUL,RIO GRANDE DO SUL,CANOAS,5.805
ago-21,ETANOL HIDRATADO,SUDESTE,SAO PAULO,CARAGUATATUBA,4.553
ago-21,ETANOL HIDRATADO,SUDESTE,SAO PAULO,CARAPICUIBA,4.193
ago-21,ETANOL HIDRATADO,NORDESTE,PERNAMBUCO,CARUARU,5.19
ago-21,ETANOL HIDRATADO,SUL,PARANA,CASCAVEL,4.613
ago-21,ETANOL HIDRATADO,SUL,PARANA,CASTRO,4.691
ago-21,ETANOL HIDRATADO,CENTRO OESTE,GOIAS,CATALAO,4.517
ago-21,ETANOL HIDRATADO,SUDESTE,SAO PAULO,CATANDUVA,4.223
ago-21,ETANOL HIDRATADO,NORDESTE,CEARA,CAUCAIA,5.359
ago-21,ETANOL HIDRATADO,SUL,RIO GRANDE DO SUL,CAXIAS DO SUL,6.064
ago-21,ETANOL HIDRATADO,SUL,SANTA CATARINA,CHAPECO,5.283
ago-21,ETANOL HIDRATADO,SUL,PARANA,CIANORTE,4.445
ago-21,ETANOL HIDRATADO,SUL,PARANA,COLOMBO,4.47
ago-21,ETANOL HIDRATADO,NORTE,PARA,CONCEICAO DO ARAGUAIA,5.57
ago-21,ETANOL HIDRATADO,SUL,SANTA CATARINA,CONCORDIA,5.422
ago-21,ETANOL HIDRATADO,SUDESTE,MINAS GERAIS,CONSELHEIRO LAFAIETE,4.626
ago-21,ETANOL HIDRATADO,SUDESTE,MINAS GERAIS,CONTAGEM,4.49
ago-21,ETANOL HIDRATADO,SUL,PARANA,CORNELIO PROCOPIO,4.65
ago-21,ETANOL HIDRATADO,CENTRO OESTE,MATO GROSSO DO SUL,CORUMBA,5.118
ago-21,ETANOL HIDRATADO,SUDESTE,SAO PAULO,COSMOPOLIS,4.209
ago-21,ETANOL HIDRATADO,SUDESTE,SAO PAULO,COTIA,4.284
ago-21,ETANOL HIDRATADO,NORDESTE,CEARA,CRATEUS,5.647
ago-21,ETANOL HIDRATADO,NORDESTE,CEARA,CRATO,5.366
ago-21,ETANOL HIDRATADO,SUL,SANTA CATARINA,CRICIUMA,5.015
ago-21,ETANOL HIDRATADO,SUL,RIO GRANDE DO SUL,CRUZ ALTA,5.732
ago-21,ETANOL HIDRATADO,SUDESTE,SAO PAULO,CRUZEIRO,4.404
ago-21,ETANOL HIDRATADO,NORTE,ACRE,CRUZEIRO DO SUL,6.324
ago-21,ETANOL HIDRATADO,SUDESTE,SAO PAULO,CUBATAO,4.759
ago-21,ETANOL HIDRATADO,CENTRO OESTE,MATO GROSSO,CUIABA,4.301
ago-21,ETANOL HIDRATADO,SUL,PARANA,CURITIBA,4.567
ago-21,ETANOL HIDRATADO,NORDESTE,ALAGOAS,DELMIRO GOUVEIA,5.792
ago-21,ETANOL HIDRATADO,SUDESTE,SAO PAULO,DIADEMA,4.226
ago-21,ETANOL HIDRATADO,SUDESTE,MINAS GERAIS,DIVINOPOLIS,4.803
ago-21,ETANOL HIDRATADO,CENTRO OESTE,MATO GROSSO DO SUL,DOURADOS,4.728
ago-21,ETANOL HIDRATADO,SUDESTE,SAO PAULO,DRACENA,4.322
ago-21,ETANOL HIDRATADO,SUDESTE,RIO DE JANEIRO,DUQUE DE CAXIAS,5.257
ago-21,ETANOL HIDRATADO,SUDESTE,SAO PAULO,EMBU DAS ARTES,4.332
ago-21,ETANOL HIDRATADO,SUL,RIO GRANDE DO SUL,ERECHIM,5.944
ago-21,ETANOL HIDRATADO,SUL,RIO GRANDE DO SUL,ESTEIO,5.699
ago-21,ETANOL HIDRATADO,NORDESTE,BAHIA,EUNAPOLIS,5.335
ago-21,ETANOL HIDRATADO,NORDESTE,BAHIA,FEIRA DE SANTANA,4.899
ago-21,ETANOL HIDRATADO,SUL,SANTA CATARINA,FLORIANOPOLIS,5.098
ago-21,ETANOL HIDRATADO,SUDESTE,MINAS GERAIS,FORMIGA,4.685
ago-21,ETANOL HIDRATADO,CENTRO OESTE,GOIAS,FORMOSA,4.794
ago-21,ETANOL HIDRATADO,NORDESTE,CEARA,FORTALEZA,5.345
ago-21,ETANOL HIDRATADO,SUL,PARANA,FOZ DO IGUACU,4.449
ago-21,ETANOL HIDRATADO,SUDESTE,SAO PAULO,FRANCA,4.28
ago-21,ETANOL HIDRATADO,NORDESTE,PERNAMBUCO,GARANHUNS,5.142
ago-21,ETANOL HIDRATADO,CENTRO OESTE,GOIAS,GOIANIA,4.616
ago-21,ETANOL HIDRATADO,SUDESTE,MINAS GERAIS,GOVERNADOR VALADARES,4.506
ago-21,ETANOL HIDRATADO,SUL,RIO GRANDE DO SUL,GRAMADO,6.115
ago-21,ETANOL HIDRATADO,SUL,RIO GRANDE DO SUL,GRAVATAI,5.664
ago-21,ETANOL HIDRATADO,SUL,RIO GRANDE DO SUL,GUAIBA,5.815
ago-21,ETANOL HIDRATADO,NORDESTE,BAHIA,GUANAMBI,4.912
ago-21,ETANOL HIDRATADO,SUDESTE,ESPIRITO SANTO,GUARAPARI,5.281
ago-21,ETANOL HIDRATADO,SUL,PARANA,GUARAPUAVA,4.54
ago-21,ETANOL HIDRATADO,SUDESTE,SAO PAULO,GUARATINGUETA,4.494
ago-21,ETANOL HIDRATADO,SUDESTE,SAO PAULO,GUARUJA,4.508
ago-21,ETANOL HIDRATADO,SUDESTE,SAO PAULO,GUARULHOS,4.202
ago-21,ETANOL HIDRATADO,SUDESTE,MINAS GERAIS,GUAXUPE,4.59
ago-21,ETANOL HIDRATADO,NORTE,TOCANTINS,GURUPI,5.105
ago-21,ETANOL HIDRATADO,SUDESTE,SAO PAULO,HORTOLANDIA,4.174
ago-21,ETANOL HIDRATADO,SUDESTE,SAO PAULO,IBITINGA,4.333
ago-21,ETANOL HIDRATADO,NORDESTE,PERNAMBUCO,IGARASSU,5.16
ago-21,ETANOL HIDRATADO,NORDESTE,CEARA,IGUATU,5.33
ago-21,ETANOL HIDRATADO,SUL,RIO GRANDE DO SUL,IJUI,5.999
ago-21,ETANOL HIDRATADO,NORDESTE,BAHIA,ILHEUS,5.247
ago-21,ETANOL HIDRATADO,NORDESTE,MARANHAO,IMPERATRIZ,5.078
ago-21,ETANOL HIDRATADO,SUDESTE,SAO PAULO,INDAIATUBA,4.318
ago-21,ETANOL HIDRATADO,SUDESTE,MINAS GERAIS,IPATINGA,4.761
ago-21,ETANOL HIDRATADO,NORDESTE,BAHIA,IRECE,4.897
ago-21,ETANOL HIDRATADO,NORDESTE,BAHIA,ITABUNA,5.156
ago-21,ETANOL HIDRATADO,NORTE,AMAZONAS,ITACOATIARA,5.076
ago-21,ETANOL HIDRATADO,NORTE,PARA,ITAITUBA,5.323
ago-21,ETANOL HIDRATADO,SUL,SANTA CATARINA,ITAJAI,5.095
ago-21,ETANOL HIDRATADO,SUDESTE,SAO PAULO,ITANHAEM,4.795
ago-21,ETANOL HIDRATADO,SUDESTE,SAO PAULO,ITAPECERICA DA SERRA,4.269
ago-21,ETANOL HIDRATADO,SUDESTE,RIO DE JANEIRO,ITAPERUNA,5.541
ago-21,ETANOL HIDRATADO,SUDESTE,SAO PAULO,ITAPETININGA,4.099
ago-21,ETANOL HIDRATADO,SUDESTE,SAO PAULO,ITAPEVA,4.373
ago-21,ETANOL HIDRATADO,NORDESTE,CEARA,ITAPIPOCA,5.389
ago-21,ETANOL HIDRATADO,SUDESTE,SAO PAULO,ITAPIRA,4.275
ago-21,ETANOL HIDRATADO,SUDESTE,SAO PAULO,ITAPOLIS,4.266
ago-21,ETANOL HIDRATADO,SUDESTE,SAO PAULO,ITAQUAQUECETUBA,4.149
ago-21,ETANOL HIDRATADO,SUDESTE,SAO PAULO,ITATIBA,4.236
ago-21,ETANOL HIDRATADO,SUDESTE,MINAS GERAIS,ITAUNA,4.667
ago-21,ETANOL HIDRATADO,SUDESTE,SAO PAULO,ITU,4.213
ago-21,ETANOL HIDRATADO,SUDESTE,MINAS GERAIS,ITUIUTABA,4.499
ago-21,ETANOL HIDRATADO,CENTRO OESTE,GOIAS,ITUMBIARA,4.576
ago-21,ETANOL HIDRATADO,NORDESTE,PERNAMBUCO,JABOATAO DOS GUARARAPES,5.092
ago-21,ETANOL HIDRATADO,SUDESTE,SAO PAULO,JABOTICABAL,4.346
ago-21,ETANOL HIDRATADO,SUDESTE,SAO PAULO,JACAREI,4.134
ago-21,ETANOL HIDRATADO,SUDESTE,SAO PAULO,JALES,4.428
ago-21,ETANOL HIDRATADO,SUDESTE,MINAS GERAIS,JANUARIA,4.717
ago-21,ETANOL HIDRATADO,SUL,SANTA CATARINA,JARAGUA DO SUL,4.997
ago-21,ETANOL HIDRATADO,CENTRO OESTE,GOIAS,JATAI,4.77
ago-21,ETANOL HIDRATADO,SUDESTE,SAO PAULO,JAU,4.22
ago-21,ETANOL HIDRATADO,SUDESTE,MINAS GERAIS,JOAO MONLEVADE,4.62
ago-21,ETANOL HIDRATADO,NORDESTE,PARAIBA,JOAO PESSOA,5.041
ago-21,ETANOL HIDRATADO,SUDESTE,MINAS GERAIS,JOAO PINHEIRO,4.521
ago-21,ETANOL HIDRATADO,SUL,SANTA CATARINA,JOINVILLE,5.084
ago-21,ETANOL HIDRATADO,SUDESTE,SAO PAULO,JOSE BONIFACIO,4.238
ago-21,ETANOL HIDRATADO,NORDESTE,BAHIA,JUAZEIRO,5.46
ago-21,ETANOL HIDRATADO,NORDESTE,CEARA,JUAZEIRO DO NORTE,5.403
ago-21,ETANOL HIDRATADO,SUDESTE,MINAS GERAIS,JUIZ DE FORA,4.659
ago-21,ETANOL HIDRATADO,SUDESTE,SAO PAULO,JUNDIAI,4.293
ago-21,ETANOL HIDRATADO,SUL,SANTA CATARINA,LAGES,5.284
ago-21,ETANOL HIDRATADO,SUL,SANTA CATARINA,LAGUNA,5.108
ago-21,ETANOL HIDRATADO,SUL,RIO GRANDE DO SUL,LAJEADO,5.909
ago-21,ETANOL HIDRATADO,NORDESTE,PERNAMBUCO,LAJEDO,5.176
ago-21,ETANOL HIDRATADO,NORDESTE,BAHIA,LAURO DE FREITAS,4.96
ago-21,ETANOL HIDRATADO,SUDESTE,MINAS GERAIS,LAVRAS,4.756
ago-21,ETANOL HIDRATADO,SUDESTE,SAO PAULO,LEME,4.162
ago-21,ETANOL HIDRATADO,SUDESTE,MINAS GERAIS,LEOPOLDINA,4.596
ago-21,ETANOL HIDRATADO,SUDESTE,SAO PAULO,LIMEIRA,4.174
ago-21,ETANOL HIDRATADO,SUDESTE,ESPIRITO SANTO,LINHARES,5.157
ago-21,ETANOL HIDRATADO,SUDESTE,SAO PAULO,LINS,4.421
ago-21,ETANOL HIDRATADO,NORDESTE,BAHIA,LIVRAMENTO DE NOSSA SENHORA,5.196
ago-21,ETANOL HIDRATADO,SUL,PARANA,LONDRINA,4.632
ago-21,ETANOL HIDRATADO,SUDESTE,SAO PAULO,LORENA,4.479
ago-21,ETANOL HIDRATADO,CENTRO OESTE,GOIAS,LUZIANIA,4.528
ago-21,ETANOL HIDRATADO,NORTE,AMAPA,MACAPA,5.587
ago-21,ETANOL HIDRATADO,NORDESTE,ALAGOAS,MACEIO,5.365
ago-21,ETANOL HIDRATADO,SUL,SANTA CATARINA,MAFRA,5.081
ago-21,ETANOL HIDRATADO,SUDESTE,RIO DE JANEIRO,MAGE,5.549
ago-21,ETANOL HIDRATADO,NORTE,AMAZONAS,MANAUS,4.673
ago-21,ETANOL HIDRATADO,SUDESTE,MINAS GERAIS,MANHUACU,4.764
ago-21,ETANOL HIDRATADO,NORTE,PARA,MARABA,5.396
ago-21,ETANOL HIDRATADO,NORDESTE,CEARA,MARACANAU,5.369
ago-21,ETANOL HIDRATADO,SUDESTE,RIO DE JANEIRO,MARICA,5.314
ago-21,ETANOL HIDRATADO,SUDESTE,SAO PAULO,MARILIA,4.158
ago-21,ETANOL HIDRATADO,SUL,PARANA,MARINGA,4.7
ago-21,ETANOL HIDRATADO,SUDESTE,SAO PAULO,MATAO,4.166
ago-21,ETANOL HIDRATADO,SUDESTE,SAO PAULO,MAUA,4.266
ago-21,ETANOL HIDRATADO,CENTRO OESTE,GOIAS,MINEIROS,4.819
ago-21,ETANOL HIDRATADO,SUDESTE,SAO PAULO,MIRASSOL,4.109
ago-21,ETANOL HIDRATADO,SUDESTE,SAO PAULO,MOCOCA,4.313
ago-21,ETANOL HIDRATADO,SUDESTE,SAO PAULO,MOGI DAS CRUZES,4.238
ago-21,ETANOL HIDRATADO,SUDESTE,SAO PAULO,MOGI GUACU,4.318
ago-21,ETANOL HIDRATADO,SUDESTE,SAO PAULO,MOGI MIRIM,4.187
ago-21,ETANOL HIDRATADO,SUDESTE,SAO PAULO,MONTE ALTO,4.288
ago-21,ETANOL HIDRATADO,SUDESTE,MINAS GERAIS,MONTE CARMELO,4.679
ago-21,ETANOL HIDRATADO,SUDESTE,MINAS GERAIS,MONTES CLAROS,4.369
ago-21,ETANOL HIDRATADO,CENTRO OESTE,GOIAS,MORRINHOS,4.555
ago-21,ETANOL HIDRATADO,NORDESTE,RIO GRANDE DO NORTE,MOSSORO,5.437
ago-21,ETANOL HIDRATADO,SUDESTE,MINAS GERAIS,MURIAE,4.791
ago-21,ETANOL HIDRATADO,NORDESTE,RIO GRANDE DO NORTE,NATAL,5.563
ago-21,ETANOL HIDRATADO,SUDESTE,RIO DE JANEIRO,NILOPOLIS,5.435
ago-21,ETANOL HIDRATADO,SUDESTE,RIO DE JANEIRO,NITEROI,5.385
ago-21,ETANOL HIDRATADO,NORDESTE,SERGIPE,NOSSA SENHORA DO SOCORRO,5.296
ago-21,ETANOL HIDRATADO,SUDESTE,RIO DE JANEIRO,NOVA FRIBURGO,5.084
ago-21,ETANOL HIDRATADO,SUDESTE,RIO DE JANEIRO,NOVA IGUACU,5.379
ago-21,ETANOL HIDRATADO,SUL,RIO GRANDE DO SUL,NOVO HAMBURGO,5.603
ago-21,ETANOL HIDRATADO,SUDESTE,SAO PAULO,OLIMPIA,4.327
ago-21,ETANOL HIDRATADO,NORDESTE,PERNAMBUCO,OLINDA,5.2
ago-21,ETANOL HIDRATADO,SUDESTE,MINAS GERAIS,OLIVEIRA,4.612
ago-21,ETANOL HIDRATADO,SUDESTE,SAO PAULO,OSASCO,4.216
ago-21,ETANOL HIDRATADO,SUL,RIO GRANDE DO SUL,OSORIO,6.199
ago-21,ETANOL HIDRATADO,SUDESTE,SAO PAULO,OURINHOS,4.259
ago-21,ETANOL HIDRATADO,SUL,SANTA CATARINA,PALHOCA,5.102
ago-21,ETANOL HIDRATADO,NORTE,TOCANTINS,PALMAS,5.149
ago-21,ETANOL HIDRATADO,SUDESTE,MINAS GERAIS,PARACATU,4.615
ago-21,ETANOL HIDRATADO,SUDESTE,SAO PAULO,PARAGUACU PAULISTA,4.209
ago-21,ETANOL HIDRATADO,NORTE,TOCANTINS,PARAISO DO TOCANTINS,5.337
ago-21,ETANOL HIDRATADO,SUL,PARANA,PARANAGUA,4.582
ago-21,ETANOL HIDRATADO,SUL,PARANA,PARANAVAI,4.559
ago-21,ETANOL HIDRATADO,NORTE,PARA,PARAUAPEBAS,5.782
ago-21,ETANOL HIDRATADO,NORDESTE,PIAUI,PARNAIBA,5.268
ago-21,ETANOL HIDRATADO,NORDESTE,RIO GRANDE DO NORTE,PARNAMIRIM,5.555
ago-21,ETANOL HIDRATADO,SUL,RIO GRANDE DO SUL,PASSO FUNDO,5.976
ago-21,ETANOL HIDRATADO,SUDESTE,MINAS GERAIS,PASSOS,4.793
ago-21,ETANOL HIDRATADO,SUL,PARANA,PATO BRANCO,4.69
ago-21,ETANOL HIDRATADO,SUDESTE,MINAS GERAIS,PATOS DE MINAS,4.757
ago-21,ETANOL HIDRATADO,SUDESTE,MINAS GERAIS,PATROCINIO,4.823
ago-21,ETANOL HIDRATADO,SUDESTE,SAO PAULO,PAULINIA,4.141
ago-21,ETANOL HIDRATADO,NORDESTE,PERNAMBUCO,PAULISTA,5.126
ago-21,ETANOL HIDRATADO,SUL,RIO GRANDE DO SUL,PELOTAS,6.143
ago-21,ETANOL HIDRATADO,NORDESTE,PERNAMBUCO,PETROLINA,5.429
ago-21,ETANOL HIDRATADO,SUDESTE,RIO DE JANEIRO,PETROPOLIS,5.59
ago-21,ETANOL HIDRATADO,NORTE,RONDONIA,PIMENTA BUENO,5.68
ago-21,ETANOL HIDRATADO,SUDESTE,SAO PAULO,PINDAMONHANGABA,4.139
ago-21,ETANOL HIDRATADO,SUL,PARANA,PINHAIS,4.529
ago-21,ETANOL HIDRATADO,SUDESTE,SAO PAULO,PIRACICABA,4.234
ago-21,ETANOL HIDRATADO,SUDESTE,SAO PAULO,PIRASSUNUNGA,4.26
ago-21,ETANOL HIDRATADO,SUDESTE,SAO PAULO,POA,4.138
ago-21,ETANOL HIDRATADO,SUDESTE,MINAS GERAIS,POCOS DE CALDAS,4.488
ago-21,ETANOL HIDRATADO,SUL,PARANA,PONTA GROSSA,4.38
ago-21,ETANOL HIDRATADO,SUL,RIO GRANDE DO SUL,PORTO ALEGRE,5.88
ago-21,ETANOL HIDRATADO,SUDESTE,SAO PAULO,PORTO FERREIRA,4.445
ago-21,ETANOL HIDRATADO,NORTE,RONDONIA,PORTO VELHO,5.189
ago-21,ETANOL HIDRATADO,SUDESTE,SAO PAULO,PRAIA GRANDE,4.324
ago-21,ETANOL HIDRATADO,SUDESTE,SAO PAULO,PRESIDENTE PRUDENTE,4.155
ago-21,ETANOL HIDRATADO,SUDESTE,SAO PAULO,PRESIDENTE VENCESLAU,4.49
ago-21,ETANOL HIDRATADO,NORDESTE,CEARA,QUIXADA,5.216
ago-21,ETANOL HIDRATADO,NORDESTE,PERNAMBUCO,RECIFE,5.188
ago-21,ETANOL HIDRATADO,SUDESTE,RIO DE JANEIRO,RESENDE,5.651
ago-21,ETANOL HIDRATADO,SUDESTE,SAO PAULO,RIBEIRAO PIRES,4.277
ago-21,ETANOL HIDRATADO,SUDESTE,SAO PAULO,RIBEIRAO PRETO,4.163
ago-21,ETANOL HIDRATADO,SUDESTE,RIO DE JANEIRO,RIO BONITO,5.135
ago-21,ETANOL HIDRATADO,NORTE,ACRE,RIO BRANCO,5.49
ago-21,ETANOL HIDRATADO,SUDESTE,SAO PAULO,RIO CLARO,4.276
ago-21,ETANOL HIDRATADO,SUDESTE,RIO DE JANEIRO,RIO DE JANEIRO,5.357
ago-21,ETANOL HIDRATADO,SUL,RIO GRANDE DO SUL,RIO GRANDE,6.088
ago-21,ETANOL HIDRATADO,CENTRO OESTE,GOIAS,RIO VERDE,4.502
ago-21,ETANOL HIDRATADO,CENTRO OESTE,MATO GROSSO,RONDONOPOLIS,4.414
ago-21,ETANOL HIDRATADO,SUDESTE,MINAS GERAIS,SABARA,4.643
ago-21,ETANOL HIDRATADO,SUDESTE,SAO PAULO,SALTO,4.257
ago-21,ETANOL HIDRATADO,NORDESTE,BAHIA,SALVADOR,4.958
ago-21,ETANOL HIDRATADO,SUDESTE,SAO PAULO,SANTA BARBARA D'OESTE,4.2
ago-21,ETANOL HIDRATADO,NORDESTE,PERNAMBUCO,SANTA CRUZ DO CAPIBARIBE,5.289
ago-21,ETANOL HIDRATADO,SUDESTE,SAO PAULO,SANTA CRUZ DO RIO PARDO,4.326
ago-21,ETANOL HIDRATADO,SUL,RIO GRANDE DO SUL,SANTA CRUZ DO SUL,5.877
ago-21,ETANOL HIDRATADO,SUL,RIO GRANDE DO SUL,SANTA MARIA,5.905
ago-21,ETANOL HIDRATADO,SUL,RIO GRANDE DO SUL,SANTA ROSA,5.705
ago-21,ETANOL HIDRATADO,SUL,RIO GRANDE DO SUL,SANTANA DO LIVRAMENTO,6.315
ago-21,ETANOL HIDRATADO,SUDESTE,SAO PAULO,SANTO ANDRE,4.293
ago-21,ETANOL HIDRATADO,SUL,RIO GRANDE DO SUL,SANTO ANGELO,6.098
ago-21,ETANOL HIDRATADO,SUL,PARANA,SANTO ANTONIO DA PLATINA,4.65
ago-21,ETANOL HIDRATADO,SUDESTE,SAO PAULO,SANTOS,4.494
ago-21,ETANOL HIDRATADO,SUDESTE,SAO PAULO,SAO BERNARDO DO CAMPO,4.289
ago-21,ETANOL HIDRATADO,SUDESTE,SAO PAULO,SAO CAETANO DO SUL,4.378
ago-21,ETANOL HIDRATADO,SUDESTE,SAO PAULO,SAO CARLOS,4.423
ago-21,ETANOL HIDRATADO,SUDESTE,RIO DE JANEIRO,SAO FRANCISCO DE ITABAPOANA,5.402
ago-21,ETANOL HIDRATADO,SUL,RIO GRANDE DO SUL,SAO GABRIEL,6.182
ago-21,ETANOL HIDRATADO,SUDESTE,RIO DE JANEIRO,SAO GONCALO,5.285
ago-21,ETANOL HIDRATADO,SUDESTE,SAO PAULO,SAO JOAO DA BOA VISTA,4.245
ago-21,ETANOL HIDRATADO,SUDESTE,RIO DE JANEIRO,SAO JOAO DE MERITI,5.186
ago-21,ETANOL HIDRATADO,SUDESTE,MINAS GERAIS,SAO JOAO DEL REI,4.614
ago-21,ETANOL HIDRATADO,SUL,SANTA CATARINA,SAO JOSE,5.237
ago-21,ETANOL HIDRATADO,NORDESTE,MARANHAO,SAO JOSE DE RIBAMAR,5.042
ago-21,ETANOL HIDRATADO,SUDESTE,SAO PAULO,SAO JOSE DO RIO PRETO,4.207
ago-21,ETANOL HIDRATADO,SUDESTE,SAO PAULO,SAO JOSE DOS CAMPOS,4.13
ago-21,ETANOL HIDRATADO,SUL,PARANA,SAO JOSE DOS PINHAIS,4.434
ago-21,ETANOL HIDRATADO,SUL,RIO GRANDE DO SUL,SAO LEOPOLDO,5.749
ago-21,ETANOL HIDRATADO,NORDESTE,MARANHAO,SAO LUIS,5.137
ago-21,ETANOL HIDRATADO,SUL,RIO GRANDE DO SUL,SAO LUIZ GONZAGA,5.791
ago-21,ETANOL HIDRATADO,SUDESTE,SAO PAULO,SAO PAULO,4.247
ago-21,ETANOL HIDRATADO,SUDESTE,SAO PAULO,SAO ROQUE,4.213
ago-21,ETANOL HIDRATADO,SUDESTE,MINAS GERAIS,SAO SEBASTIAO DO PARAISO,4.894
ago-21,ETANOL HIDRATADO,SUDESTE,SAO PAULO,SAO VICENTE,4.31
ago-21,ETANOL HIDRATADO,SUL,RIO GRANDE DO SUL,SAPIRANGA,5.632
ago-21,ETANOL HIDRATADO,SUL,RIO GRANDE DO SUL,SAPUCAIA DO SUL,5.657
ago-21,ETANOL HIDRATADO,SUDESTE,RIO DE JANEIRO,SAQUAREMA,5.387
ago-21,ETANOL HIDRATADO,SUDESTE,ESPIRITO SANTO,SERRA,5.152
ago-21,ETANOL HIDRATADO,SUDESTE,SAO PAULO,SERTAOZINHO,4.303
ago-21,ETANOL HIDRATADO,SUDESTE,MINAS GERAIS,SETE LAGOAS,4.527
ago-21,ETANOL HIDRATADO,NORDESTE,BAHIA,SIMOES FILHO,4.94
ago-21,ETANOL HIDRATADO,CENTRO OESTE,MATO GROSSO,SINOP,4.321
ago-21,ETANOL HIDRATADO,NORDESTE,CEARA,SOBRAL,5.454
ago-21,ETANOL HIDRATADO,SUDESTE,SAO PAULO,SOROCABA,4.15
ago-21,ETANOL HIDRATADO,CENTRO OESTE,MATO GROSSO,SORRISO,4.525
ago-21,ETANOL HIDRATADO,NORDESTE,PARAIBA,SOUSA,5.375
ago-21,ETANOL HIDRATADO,SUDESTE,SAO PAULO,SUMARE,4.179
ago-21,ETANOL HIDRATADO,SUDESTE,SAO PAULO,SUZANO,4.148
ago-21,ETANOL HIDRATADO,SUDESTE,SAO PAULO,TABOAO DA SERRA,4.151
ago-21,ETANOL HIDRATADO,SUDESTE,SAO PAULO,TATUI,4.283
ago-21,ETANOL HIDRATADO,SUDESTE,SAO PAULO,TAUBATE,4.284
ago-21,ETANOL HIDRATADO,SUDESTE,MINAS GERAIS,TEOFILO OTONI,4.753
ago-21,ETANOL HIDRATADO,NORDESTE,PIAUI,TERESINA,5.26
ago-21,ETANOL HIDRATADO,SUDESTE,RIO DE JANEIRO,TERESOPOLIS,5.216
ago-21,ETANOL HIDRATADO,SUL,PARANA,TOLEDO,4.51
ago-21,ETANOL HIDRATADO,SUL,RIO GRANDE DO SUL,TORRES,5.809
ago-21,ETANOL HIDRATADO,SUDESTE,MINAS GERAIS,TRES CORACOES,4.769
ago-21,ETANOL HIDRATADO,CENTRO OESTE,MATO GROSSO DO SUL,TRES LAGOAS,4.835
ago-21,ETANOL HIDRATADO,SUDESTE,RIO DE JANEIRO,TRES RIOS,5.739
ago-21,ETANOL HIDRATADO,CENTRO OESTE,GOIAS,TRINDADE,4.566
ago-21,ETANOL HIDRATADO,SUL,SANTA CATARINA,TUBARAO,5.057
ago-21,ETANOL HIDRATADO,SUDESTE,SAO PAULO,TUPA,4.306
ago-21,ETANOL HIDRATADO,SUDESTE,MINAS GERAIS,UBA,4.686
ago-21,ETANOL HIDRATADO,SUDESTE,SAO PAULO,UBATUBA,4.527
ago-21,ETANOL HIDRATADO,SUDESTE,MINAS GERAIS,UBERABA,4.423
ago-21,ETANOL HIDRATADO,SUDESTE,MINAS GERAIS,UBERLANDIA,4.38
ago-21,ETANOL HIDRATADO,SUL,PARANA,UMUARAMA,4.458
ago-21,ETANOL HIDRATADO,SUDESTE,MINAS GERAIS,UNAI,4.716
ago-21,ETANOL HIDRATADO,SUL,PARANA,UNIAO DA VITORIA,4.661
ago-21,ETANOL HIDRATADO,SUL,RIO GRANDE DO SUL,URUGUAIANA,6.09
ago-21,ETANOL HIDRATADO,SUL,RIO GRANDE DO SUL,VACARIA,6.198
ago-21,ETANOL HIDRATADO,SUDESTE,RIO DE JANEIRO,VALENCA,5.748
ago-21,ETANOL HIDRATADO,SUDESTE,SAO PAULO,VALINHOS,4.226
ago-21,ETANOL HIDRATADO,SUDESTE,MINAS GERAIS,VARGINHA,4.476
ago-21,ETANOL HIDRATADO,CENTRO OESTE,MATO GROSSO,VARZEA GRANDE,4.269
ago-21,ETANOL HIDRATADO,SUDESTE,SAO PAULO,VARZEA PAULISTA,4.29
ago-21,ETANOL HIDRATADO,SUL,RIO GRANDE DO SUL,VIAMAO,5.799
ago-21,ETANOL HIDRATADO,SUDESTE,MINAS GERAIS,VICOSA,4.999
ago-21,ETANOL HIDRATADO,NORTE,RONDONIA,VILHENA,4.921
ago-21,ETANOL HIDRATADO,SUDESTE,SAO PAULO,VINHEDO,4.153
ago-21,ETANOL HIDRATADO,SUDESTE,ESPIRITO SANTO,VITORIA,5.201
ago-21,ETANOL HIDRATADO,NORDESTE,BAHIA,VITORIA DA CONQUISTA,5.138
ago-21,ETANOL HIDRATADO,NORDESTE,PERNAMBUCO,VITORIA DE SANTO ANTAO,5.113
ago-21,ETANOL HIDRATADO,SUDESTE,RIO DE JANEIRO,VOLTA REDONDA,5.621
ago-21,ETANOL HIDRATADO,SUDESTE,SAO PAULO,VOTORANTIM,4.153
ago-21,ETANOL HIDRATADO,SUDESTE,SAO PAULO,VOTUPORANGA,4.175
ago-21,ETANOL HIDRATADO,SUL,SANTA CATARINA,XANXERE,5.36
ago-21,ETANOL HIDRATADO,NORTE,PARA,XINGUARA,5.643
ago-21,GASOLINA COMUM,NORTE,PARA,ABAETETUBA,6.042
ago-21,GASOLINA COMUM,SUDESTE,SAO PAULO,ADAMANTINA,5.724
ago-21,GASOLINA COMUM,CENTRO OESTE,GOIAS,AGUAS LINDAS DE GOIAS,6.411
ago-21,GASOLINA COMUM,SUL,RIO GRANDE DO SUL,ALEGRETE,6.454
ago-21,GASOLINA COMUM,NORTE,PARA,ALENQUER,6.506
ago-21,GASOLINA COMUM,SUDESTE,MINAS GERAIS,ALFENAS,6.293
ago-21,GASOLINA COMUM,CENTRO OESTE,MATO GROSSO,ALTA FLORESTA,6.4
ago-21,GASOLINA COMUM,NORTE,PARA,ALTAMIRA,6.379
ago-21,GASOLINA COMUM,SUL,RIO GRANDE DO SUL,ALVORADA,6.275
ago-21,GASOLINA COMUM,SUDESTE,SAO PAULO,AMERICANA,5.552
ago-21,GASOLINA COMUM,SUDESTE,SAO PAULO,AMPARO,5.645
ago-21,GASOLINA COMUM,NORTE,PARA,ANANINDEUA,5.72
ago-21,GASOLINA COMUM,CENTRO OESTE,GOIAS,ANAPOLIS,6.146
ago-21,GASOLINA COMUM,SUDESTE,RIO DE JANEIRO,ANGRA DOS REIS,6.665
ago-21,GASOLINA COMUM,CENTRO OESTE,GOIAS,APARECIDA DE GOIANIA,6.329
ago-21,GASOLINA COMUM,SUL,PARANA,APUCARANA,6.051
ago-21,GASOLINA COMUM,NORDESTE,SERGIPE,ARACAJU,5.998
ago-21,GASOLINA COMUM,SUDESTE,SAO PAULO,ARACATUBA,5.747
ago-21,GASOLINA COMUM,SUDESTE,ESPIRITO SANTO,ARACRUZ,5.95
ago-21,GASOLINA COMUM,NORTE,TOCANTINS,ARAGUAINA,6.128
ago-21,GASOLINA COMUM,SUDESTE,MINAS GERAIS,ARAGUARI,6.251
ago-21,GASOLINA COMUM,NORDESTE,ALAGOAS,ARAPIRACA,6.129
ago-21,GASOLINA COMUM,SUL,PARANA,ARAPONGAS,6.057
ago-21,GASOLINA COMUM,SUL,SANTA CATARINA,ARARANGUA,5.649
ago-21,GASOLINA COMUM,SUDESTE,SAO PAULO,ARARAQUARA,5.575
ago-21,GASOLINA COMUM,SUDESTE,SAO PAULO,ARARAS,5.568
ago-21,GASOLINA COMUM,NORDESTE,PERNAMBUCO,ARARIPINA,6.358
ago-21,GASOLINA COMUM,SUDESTE,RIO DE JANEIRO,ARARUAMA,6.539
ago-21,GASOLINA COMUM,SUL,PARANA,ARAUCARIA,5.716
ago-21,GASOLINA COMUM,SUDESTE,MINAS GERAIS,ARAXA,6.325
ago-21,GASOLINA COMUM,NORTE,RONDONIA,ARIQUEMES,6.093
ago-21,GASOLINA COMUM,SUDESTE,SAO PAULO,ASSIS,5.714
ago-21,GASOLINA COMUM,SUDESTE,SAO PAULO,ATIBAIA,5.624
ago-21,GASOLINA COMUM,SUDESTE,SAO PAULO,AVARE,5.535
ago-21,GASOLINA COMUM,SUL,RIO GRANDE DO SUL,BAGE,7.056
ago-21,GASOLINA COMUM,SUL,SANTA CATARINA,BALNEARIO CAMBORIU,5.739
ago-21,GASOLINA COMUM,SUDESTE,MINAS GERAIS,BARBACENA,6.102
ago-21,GASOLINA COMUM,SUDESTE,RIO DE JANEIRO,BARRA MANSA,6.639
ago-21,GASOLINA COMUM,NORDESTE,BAHIA,BARREIRAS,6.045
ago-21,GASOLINA COMUM,SUDESTE,SAO PAULO,BARRETOS,5.705
ago-21,GASOLINA COMUM,SUDESTE,SAO PAULO,BARUERI,5.606
ago-21,GASOLINA COMUM,SUDESTE,SAO PAULO,BAURU,5.506
ago-21,GASOLINA COMUM,NORDESTE,PARAIBA,BAYEUX,5.829
ago-21,GASOLINA COMUM,SUDESTE,SAO PAULO,BEBEDOURO,5.699
ago-21,GASOLINA COMUM,NORTE,PARA,BELEM,5.937
ago-21,GASOLINA COMUM,SUDESTE,RIO DE JANEIRO,BELFORD ROXO,6.382
ago-21,GASOLINA COMUM,SUDESTE,MINAS GERAIS,BELO HORIZONTE,5.993
ago-21,GASOLINA COMUM,NORDESTE,PERNAMBUCO,BELO JARDIM,5.964
ago-21,GASOLINA COMUM,SUL,RIO GRANDE DO SUL,BENTO GONCALVES,6.148
ago-21,GASOLINA COMUM,SUDESTE,MINAS GERAIS,BETIM,6.045
ago-21,GASOLINA COMUM,SUL,SANTA CATARINA,BIGUACU,5.888
ago-21,GASOLINA COMUM,SUDESTE,SAO PAULO,BIRIGUI,5.714
ago-21,GASOLINA COMUM,SUL,SANTA CATARINA,BLUMENAU,5.636
ago-21,GASOLINA COMUM,NORTE,RORAIMA,BOA VISTA,5.606
ago-21,GASOLINA COMUM,SUDESTE,MINAS GERAIS,BOM DESPACHO,6.145
ago-21,GASOLINA COMUM,SUDESTE,SAO PAULO,BOTUCATU,5.692
ago-21,GASOLINA COMUM,NORTE,PARA,BRAGANCA,6.09
ago-21,GASOLINA COMUM,SUDESTE,SAO PAULO,BRAGANCA PAULISTA,5.509
ago-21,GASOLINA COMUM,CENTRO OESTE,DISTRITO FEDERAL,BRASILIA,6.346
ago-21,GASOLINA COMUM,NORDESTE,BAHIA,BRUMADO,6.434
ago-21,GASOLINA COMUM,SUL,SANTA CATARINA,BRUSQUE,5.739
ago-21,GASOLINA COMUM,NORDESTE,PARAIBA,CABEDELO,5.769
ago-21,GASOLINA COMUM,NORDESTE,PERNAMBUCO,CABO DE SANTO AGOSTINHO,5.896
ago-21,GASOLINA COMUM,SUDESTE,RIO DE JANEIRO,CABO FRIO,6.699
ago-21,GASOLINA COMUM,SUL,SANTA CATARINA,CACADOR,5.843
ago-21,GASOLINA COMUM,SUDESTE,SAO PAULO,CACAPAVA,5.47
ago-21,GASOLINA COMUM,CENTRO OESTE,MATO GROSSO,CACERES,5.947
ago-21,GASOLINA COMUM,SUL,RIO GRANDE DO SUL,CACHOEIRA DO SUL,6.099
ago-21,GASOLINA COMUM,SUL,RIO GRANDE DO SUL,CACHOEIRINHA,6.016
ago-21,GASOLINA COMUM,SUDESTE,ESPIRITO SANTO,CACHOEIRO DE ITAPEMIRIM,6.44
ago-21,GASOLINA COMUM,NORTE,RONDONIA,CACOAL,6.249
ago-21,GASOLINA COMUM,CENTRO OESTE,GOIAS,CALDAS NOVAS,6.213
ago-21,GASOLINA COMUM,NORDESTE,BAHIA,CAMACARI,5.924
ago-21,GASOLINA COMUM,SUL,PARANA,CAMBE,5.846
ago-21,GASOLINA COMUM,NORTE,PARA,CAMETA,6.083
ago-21,GASOLINA COMUM,NORDESTE,PARAIBA,CAMPINA GRANDE,5.724
ago-21,GASOLINA COMUM,SUDESTE,SAO PAULO,CAMPINAS,5.585
ago-21,GASOLINA COMUM,SUDESTE,MINAS GERAIS,CAMPO BELO,6.2
ago-21,GASOLINA COMUM,CENTRO OESTE,MATO GROSSO DO SUL,CAMPO GRANDE,5.822
ago-21,GASOLINA COMUM,SUL,PARANA,CAMPO MOURAO,5.585
ago-21,GASOLINA COMUM,SUDESTE,RIO DE JANEIRO,CAMPOS DOS GOYTACAZES,6.4
ago-21,GASOLINA COMUM,NORDESTE,CEARA,CANINDE,6.061
ago-21,GASOLINA COMUM,SUL,RIO GRANDE DO SUL,CANOAS,5.892
ago-21,GASOLINA COMUM,SUDESTE,SAO PAULO,CARAGUATATUBA,5.893
ago-21,GASOLINA COMUM,SUDESTE,SAO PAULO,CARAPICUIBA,5.531
ago-21,GASOLINA COMUM,NORDESTE,PERNAMBUCO,CARUARU,5.763
ago-21,GASOLINA COMUM,SUL,PARANA,CASCAVEL,5.829
ago-21,GASOLINA COMUM,SUL,PARANA,CASTRO,5.764
ago-21,GASOLINA COMUM,CENTRO OESTE,GOIAS,CATALAO,6.026
ago-21,GASOLINA COMUM,SUDESTE,SAO PAULO,CATANDUVA,5.793
ago-21,GASOLINA COMUM,NORDESTE,CEARA,CAUCAIA,5.898
ago-21,GASOLINA COMUM,SUL,RIO GRANDE DO SUL,CAXIAS DO SUL,6.189
ago-21,GASOLINA COMUM,SUL,SANTA CATARINA,CHAPECO,5.828
ago-21,GASOLINA COMUM,SUL,PARANA,CIANORTE,5.828
ago-21,GASOLINA COMUM,SUL,PARANA,COLOMBO,5.552
ago-21,GASOLINA COMUM,NORTE,PARA,CONCEICAO DO ARAGUAIA,6.492
ago-21,GASOLINA COMUM,SUL,SANTA CATARINA,CONCORDIA,5.98
ago-21,GASOLINA COMUM,SUDESTE,MINAS GERAIS,CONSELHEIRO LAFAIETE,6.21
ago-21,GASOLINA COMUM,SUDESTE,MINAS GERAIS,CONTAGEM,6.015
ago-21,GASOLINA COMUM,SUL,PARANA,CORNELIO PROCOPIO,5.801
ago-21,GASOLINA COMUM,CENTRO OESTE,MATO GROSSO DO SUL,CORUMBA,6.38
ago-21,GASOLINA COMUM,SUDESTE,SAO PAULO,COSMOPOLIS,5.543
ago-21,GASOLINA COMUM,SUDESTE,SAO PAULO,COTIA,5.638
ago-21,GASOLINA COMUM,NORDESTE,CEARA,CRATEUS,6.307
ago-21,GASOLINA COMUM,NORDESTE,CEARA,CRATO,6.069
ago-21,GASOLINA COMUM,SUL,SANTA CATARINA,CRICIUMA,5.659
ago-21,GASOLINA COMUM,SUL,RIO GRANDE DO SUL,CRUZ ALTA,6.32
ago-21,GASOLINA COMUM,SUDESTE,SAO PAULO,CRUZEIRO,5.684
ago-21,GASOLINA COMUM,NORTE,ACRE,CRUZEIRO DO SUL,7.066
ago-21,GASOLINA COMUM,SUDESTE,SAO PAULO,CUBATAO,5.993
ago-21,GASOLINA COMUM,CENTRO OESTE,MATO GROSSO,CUIABA,5.977
ago-21,GASOLINA COMUM,SUL,PARANA,CURITIBA,5.606
ago-21,GASOLINA COMUM,NORDESTE,ALAGOAS,DELMIRO GOUVEIA,6.498
ago-21,GASOLINA COMUM,SUDESTE,SAO PAULO,DIADEMA,5.547
ago-21,GASOLINA COMUM,SUDESTE,MINAS GERAIS,DIVINOPOLIS,6.274
ago-21,GASOLINA COMUM,CENTRO OESTE,MATO GROSSO DO SUL,DOURADOS,6.003
ago-21,GASOLINA COMUM,SUDESTE,SAO PAULO,DRACENA,5.699
ago-21,GASOLINA COMUM,SUDESTE,RIO DE JANEIRO,DUQUE DE CAXIAS,6.375
ago-21,GASOLINA COMUM,SUDESTE,SAO PAULO,EMBU DAS ARTES,5.727
ago-21,GASOLINA COMUM,SUL,RIO GRANDE DO SUL,ERECHIM,6.208
ago-21,GASOLINA COMUM,SUL,RIO GRANDE DO SUL,ESTEIO,5.989
ago-21,GASOLINA COMUM,NORDESTE,BAHIA,EUNAPOLIS,6.446
ago-21,GASOLINA COMUM,NORDESTE,BAHIA,FEIRA DE SANTANA,5.857
ago-21,GASOLINA COMUM,SUL,SANTA CATARINA,FLORIANOPOLIS,5.828
ago-21,GASOLINA COMUM,SUDESTE,MINAS GERAIS,FORMIGA,6.245
ago-21,GASOLINA COMUM,CENTRO OESTE,GOIAS,FORMOSA,6.297
ago-21,GASOLINA COMUM,NORDESTE,CEARA,FORTALEZA,5.891
ago-21,GASOLINA COMUM,SUL,PARANA,FOZ DO IGUACU,5.736
ago-21,GASOLINA COMUM,SUDESTE,SAO PAULO,FRANCA,5.771
ago-21,GASOLINA COMUM,NORDESTE,PERNAMBUCO,GARANHUNS,5.848
ago-21,GASOLINA COMUM,CENTRO OESTE,GOIAS,GOIANIA,6.32
ago-21,GASOLINA COMUM,SUDESTE,MINAS GERAIS,GOVERNADOR VALADARES,6.143
ago-21,GASOLINA COMUM,SUL,RIO GRANDE DO SUL,GRAMADO,6.562
ago-21,GASOLINA COMUM,SUL,RIO GRANDE DO SUL,GRAVATAI,5.991
ago-21,GASOLINA COMUM,SUL,RIO GRANDE DO SUL,GUAIBA,6.094
ago-21,GASOLINA COMUM,NORDESTE,BAHIA,GUANAMBI,6.262
ago-21,GASOLINA COMUM,SUDESTE,ESPIRITO SANTO,GUARAPARI,6.079
ago-21,GASOLINA COMUM,SUL,PARANA,GUARAPUAVA,5.702
ago-21,GASOLINA COMUM,SUDESTE,SAO PAULO,GUARATINGUETA,5.676
ago-21,GASOLINA COMUM,SUDESTE,SAO PAULO,GUARUJA,5.836
ago-21,GASOLINA COMUM,SUDESTE,SAO PAULO,GUARULHOS,5.53
ago-21,GASOLINA COMUM,SUDESTE,MINAS GERAIS,GUAXUPE,6.19
ago-21,GASOLINA COMUM,NORTE,TOCANTINS,GURUPI,6.076
ago-21,GASOLINA COMUM,SUDESTE,SAO PAULO,HORTOLANDIA,5.512
ago-21,GASOLINA COMUM,SUDESTE,SAO PAULO,IBITINGA,5.732
ago-21,GASOLINA COMUM,NORDESTE,PERNAMBUCO,IGARASSU,5.832
ago-21,GASOLINA COMUM,NORDESTE,CEARA,IGUATU,6.259
ago-21,GASOLINA COMUM,SUL,RIO GRANDE DO SUL,IJUI,6.096
ago-21,GASOLINA COMUM,NORDESTE,BAHIA,ILHEUS,6.307
ago-21,GASOLINA COMUM,NORDESTE,MARANHAO,IMPERATRIZ,5.95
ago-21,GASOLINA COMUM,SUDESTE,SAO PAULO,INDAIATUBA,5.621
ago-21,GASOLINA COMUM,SUDESTE,MINAS GERAIS,IPATINGA,6.272
ago-21,GASOLINA COMUM,NORDESTE,BAHIA,IRECE,6.108
ago-21,GASOLINA COMUM,NORDESTE,BAHIA,ITABUNA,6.312
ago-21,GASOLINA COMUM,NORTE,AMAZONAS,ITACOATIARA,6.118
ago-21,GASOLINA COMUM,NORTE,PARA,ITAITUBA,6.044
ago-21,GASOLINA COMUM,SUL,SANTA CATARINA,ITAJAI,5.543
ago-21,GASOLINA COMUM,SUDESTE,SAO PAULO,ITANHAEM,6.08
ago-21,GASOLINA COMUM,SUDESTE,SAO PAULO,ITAPECERICA DA SERRA,5.576
ago-21,GASOLINA COMUM,SUDESTE,RIO DE JANEIRO,ITAPERUNA,6.661
ago-21,GASOLINA COMUM,SUDESTE,SAO PAULO,ITAPETININGA,5.449
ago-21,GASOLINA COMUM,SUDESTE,SAO PAULO,ITAPEVA,5.703
ago-21,GASOLINA COMUM,NORDESTE,CEARA,ITAPIPOCA,6.242
ago-21,GASOLINA COMUM,SUDESTE,SAO PAULO,ITAPIRA,5.56
ago-21,GASOLINA COMUM,SUDESTE,SAO PAULO,ITAPOLIS,5.702
ago-21,GASOLINA COMUM,SUDESTE,SAO PAULO,ITAQUAQUECETUBA,5.51
ago-21,GASOLINA COMUM,SUDESTE,SAO PAULO,ITATIBA,5.582
ago-21,GASOLINA COMUM,SUDESTE,MINAS GERAIS,ITAUNA,6.179
ago-21,GASOLINA COMUM,SUDESTE,SAO PAULO,ITU,5.531
ago-21,GASOLINA COMUM,SUDESTE,MINAS GERAIS,ITUIUTABA,6.223
ago-21,GASOLINA COMUM,CENTRO OESTE,GOIAS,ITUMBIARA,6.272
ago-21,GASOLINA COMUM,NORDESTE,PERNAMBUCO,JABOATAO DOS GUARARAPES,5.813
ago-21,GASOLINA COMUM,SUDESTE,SAO PAULO,JABOTICABAL,5.819
ago-21,GASOLINA COMUM,SUDESTE,SAO PAULO,JACAREI,5.358
ago-21,GASOLINA COMUM,SUDESTE,SAO PAULO,JALES,5.836
ago-21,GASOLINA COMUM,SUDESTE,MINAS GERAIS,JANUARIA,6.355
ago-21,GASOLINA COMUM,SUL,SANTA CATARINA,JARAGUA DO SUL,5.57
ago-21,GASOLINA COMUM,CENTRO OESTE,GOIAS,JATAI,6.34
ago-21,GASOLINA COMUM,SUDESTE,SAO PAULO,JAU,5.665
ago-21,GASOLINA COMUM,SUDESTE,MINAS GERAIS,JOAO MONLEVADE,6.109
ago-21,GASOLINA COMUM,NORDESTE,PARAIBA,JOAO PESSOA,5.724
ago-21,GASOLINA COMUM,SUDESTE,MINAS GERAIS,JOAO PINHEIRO,6.215
ago-21,GASOLINA COMUM,SUL,SANTA CATARINA,JOINVILLE,5.525
ago-21,GASOLINA COMUM,SUDESTE,SAO PAULO,JOSE BONIFACIO,5.691
ago-21,GASOLINA COMUM,NORDESTE,BAHIA,JUAZEIRO,6.425
ago-21,GASOLINA COMUM,NORDESTE,CEARA,JUAZEIRO DO NORTE,6.044
ago-21,GASOLINA COMUM,SUDESTE,MINAS GERAIS,JUIZ DE FORA,6.184
ago-21,GASOLINA COMUM,SUDESTE,SAO PAULO,JUNDIAI,5.569
ago-21,GASOLINA COMUM,SUL,SANTA CATARINA,LAGES,5.829
ago-21,GASOLINA COMUM,SUL,SANTA CATARINA,LAGUNA,5.654
ago-21,GASOLINA COMUM,SUL,RIO GRANDE DO SUL,LAJEADO,6.031
ago-21,GASOLINA COMUM,NORDESTE,PERNAMBUCO,LAJEDO,5.83
ago-21,GASOLINA COMUM,NORDESTE,BAHIA,LAURO DE FREITAS,5.96
ago-21,GASOLINA COMUM,SUDESTE,MINAS GERAIS,LAVRAS,6.282
ago-21,GASOLINA COMUM,SUDESTE,SAO PAULO,LEME,5.594
ago-21,GASOLINA COMUM,SUDESTE,MINAS GERAIS,LEOPOLDINA,6.093
ago-21,GASOLINA COMUM,SUDESTE,SAO PAULO,LIMEIRA,5.554
ago-21,GASOLINA COMUM,SUDESTE,ESPIRITO SANTO,LINHARES,6.11
ago-21,GASOLINA COMUM,SUDESTE,SAO PAULO,LINS,5.872
ago-21,GASOLINA COMUM,NORDESTE,BAHIA,LIVRAMENTO DE NOSSA SENHORA,6.789
ago-21,GASOLINA COMUM,SUL,PARANA,LONDRINA,5.845
ago-21,GASOLINA COMUM,SUDESTE,SAO PAULO,LORENA,5.67
ago-21,GASOLINA COMUM,CENTRO OESTE,GOIAS,LUZIANIA,6.3
ago-21,GASOLINA COMUM,NORTE,AMAPA,MACAPA,5.113
ago-21,GASOLINA COMUM,NORDESTE,ALAGOAS,MACEIO,6.047
ago-21,GASOLINA COMUM,SUL,SANTA CATARINA,MAFRA,5.595
ago-21,GASOLINA COMUM,SUDESTE,RIO DE JANEIRO,MAGE,6.589
ago-21,GASOLINA COMUM,NORTE,AMAZONAS,MANAUS,5.858
ago-21,GASOLINA COMUM,SUDESTE,MINAS GERAIS,MANHUACU,6.4
ago-21,GASOLINA COMUM,NORTE,PARA,MARABA,5.943
ago-21,GASOLINA COMUM,NORDESTE,CEARA,MARACANAU,5.891
ago-21,GASOLINA COMUM,SUDESTE,RIO DE JANEIRO,MARICA,6.338
ago-21,GASOLINA COMUM,SUDESTE,SAO PAULO,MARILIA,5.514
ago-21,GASOLINA COMUM,SUL,PARANA,MARINGA,5.867
ago-21,GASOLINA COMUM,SUDESTE,SAO PAULO,MATAO,5.739
ago-21,GASOLINA COMUM,SUDESTE,SAO PAULO,MAUA,5.568
ago-21,GASOLINA COMUM,CENTRO OESTE,GOIAS,MINEIROS,6.241
ago-21,GASOLINA COMUM,SUDESTE,SAO PAULO,MIRASSOL,5.574
ago-21,GASOLINA COMUM,SUDESTE,SAO PAULO,MOCOCA,5.522
ago-21,GASOLINA COMUM,SUDESTE,SAO PAULO,MOGI DAS CRUZES,5.578
ago-21,GASOLINA COMUM,SUDESTE,SAO PAULO,MOGI GUACU,5.619
ago-21,GASOLINA COMUM,SUDESTE,SAO PAULO,MOGI MIRIM,5.512
ago-21,GASOLINA COMUM,SUDESTE,SAO PAULO,MONTE ALTO,5.795
ago-21,GASOLINA COMUM,SUDESTE,MINAS GERAIS,MONTE CARMELO,6.287
ago-21,GASOLINA COMUM,SUDESTE,MINAS GERAIS,MONTES CLAROS,6.124
ago-21,GASOLINA COMUM,CENTRO OESTE,GOIAS,MORRINHOS,6.239
ago-21,GASOLINA COMUM,NORDESTE,RIO GRANDE DO NORTE,MOSSORO,6.322
ago-21,GASOLINA COMUM,SUDESTE,MINAS GERAIS,MURIAE,6.293
ago-21,GASOLINA COMUM,NORDESTE,RIO GRANDE DO NORTE,NATAL,6.094
ago-21,GASOLINA COMUM,SUDESTE,RIO DE JANEIRO,NILOPOLIS,6.502
ago-21,GASOLINA COMUM,SUDESTE,RIO DE JANEIRO,NITEROI,6.409
ago-21,GASOLINA COMUM,NORDESTE,SERGIPE,NOSSA SENHORA DO SOCORRO,5.853
ago-21,GASOLINA COMUM,SUDESTE,RIO DE JANEIRO,NOVA FRIBURGO,6.371
ago-21,GASOLINA COMUM,SUDESTE,RIO DE JANEIRO,NOVA IGUACU,6.448
ago-21,GASOLINA COMUM,SUL,RIO GRANDE DO SUL,NOVO HAMBURGO,5.893
ago-21,GASOLINA COMUM,SUDESTE,SAO PAULO,OLIMPIA,5.827
ago-21,GASOLINA COMUM,NORDESTE,PERNAMBUCO,OLINDA,5.848
ago-21,GASOLINA COMUM,SUDESTE,MINAS GERAIS,OLIVEIRA,6.105
ago-21,GASOLINA COMUM,SUDESTE,SAO PAULO,OSASCO,5.555
ago-21,GASOLINA COMUM,SUL,RIO GRANDE DO SUL,OSORIO,6.043
ago-21,GASOLINA COMUM,SUDESTE,SAO PAULO,OURINHOS,5.661
ago-21,GASOLINA COMUM,SUL,SANTA CATARINA,PALHOCA,5.89
ago-21,GASOLINA COMUM,NORTE,TOCANTINS,PALMAS,6.059
ago-21,GASOLINA COMUM,SUDESTE,MINAS GERAIS,PARACATU,6.478
ago-21,GASOLINA COMUM,SUDESTE,SAO PAULO,PARAGUACU PAULISTA,5.661
ago-21,GASOLINA COMUM,NORTE,TOCANTINS,PARAISO DO TOCANTINS,6.012
ago-21,GASOLINA COMUM,SUL,PARANA,PARANAGUA,5.648
ago-21,GASOLINA COMUM,SUL,PARANA,PARANAVAI,5.801
ago-21,GASOLINA COMUM,NORTE,PARA,PARAUAPEBAS,6.548
ago-21,GASOLINA COMUM,NORDESTE,PIAUI,PARNAIBA,6.411
ago-21,GASOLINA COMUM,NORDESTE,RIO GRANDE DO NORTE,PARNAMIRIM,6.045
ago-21,GASOLINA COMUM,SUL,RIO GRANDE DO SUL,PASSO FUNDO,6.153
ago-21,GASOLINA COMUM,SUDESTE,MINAS GERAIS,PASSOS,6.481
ago-21,GASOLINA COMUM,SUL,PARANA,PATO BRANCO,5.865
ago-21,GASOLINA COMUM,SUDESTE,MINAS GERAIS,PATOS DE MINAS,6.369
ago-21,GASOLINA COMUM,SUDESTE,MINAS GERAIS,PATROCINIO,6.335
ago-21,GASOLINA COMUM,SUDESTE,SAO PAULO,PAULINIA,5.47
ago-21,GASOLINA COMUM,NORDESTE,PERNAMBUCO,PAULISTA,5.784
ago-21,GASOLINA COMUM,SUL,RIO GRANDE DO SUL,PELOTAS,6.453
ago-21,GASOLINA COMUM,NORDESTE,PERNAMBUCO,PETROLINA,6.427
ago-21,GASOLINA COMUM,SUDESTE,RIO DE JANEIRO,PETROPOLIS,6.772
ago-21,GASOLINA COMUM,NORTE,RONDONIA,PIMENTA BUENO,6.412
ago-21,GASOLINA COMUM,SUDESTE,SAO PAULO,PINDAMONHANGABA,5.419
ago-21,GASOLINA COMUM,SUL,PARANA,PINHAIS,5.616
ago-21,GASOLINA COMUM,SUDESTE,SAO PAULO,PIRACICABA,5.629
ago-21,GASOLINA COMUM,SUDESTE,SAO PAULO,PIRASSUNUNGA,5.695
ago-21,GASOLINA COMUM,SUDESTE,SAO PAULO,POA,5.512
ago-21,GASOLINA COMUM,SUDESTE,MINAS GERAIS,POCOS DE CALDAS,6.128
ago-21,GASOLINA COMUM,SUL,PARANA,PONTA GROSSA,5.526
ago-21,GASOLINA COMUM,SUL,RIO GRANDE DO SUL,PORTO ALEGRE,6.094
ago-21,GASOLINA COMUM,SUDESTE,SAO PAULO,PORTO FERREIRA,5.798
ago-21,GASOLINA COMUM,NORTE,TOCANTINS,PORTO NACIONAL,5.994
ago-21,GASOLINA COMUM,NORTE,RONDONIA,PORTO VELHO,5.965
ago-21,GASOLINA COMUM,SUDESTE,SAO PAULO,PRAIA GRANDE,5.568
ago-21,GASOLINA COMUM,SUDESTE,SAO PAULO,PRESIDENTE PRUDENTE,5.798
ago-21,GASOLINA COMUM,SUDESTE,SAO PAULO,PRESIDENTE VENCESLAU,5.87
ago-21,GASOLINA COMUM,NORDESTE,CEARA,QUIXADA,5.933
ago-21,GASOLINA COMUM,NORDESTE,PERNAMBUCO,RECIFE,5.86
ago-21,GASOLINA COMUM,NORTE,PARA,REDENCAO,6.488
ago-21,GASOLINA COMUM,SUDESTE,RIO DE JANEIRO,RESENDE,6.535
ago-21,GASOLINA COMUM,SUDESTE,SAO PAULO,RIBEIRAO PIRES,5.573
ago-21,GASOLINA COMUM,SUDESTE,SAO PAULO,RIBEIRAO PRETO,5.646
ago-21,GASOLINA COMUM,SUDESTE,RIO DE JANEIRO,RIO BONITO,6.381
ago-21,GASOLINA COMUM,NORTE,ACRE,RIO BRANCO,6.319
ago-21,GASOLINA COMUM,SUDESTE,SAO PAULO,RIO CLARO,5.585
ago-21,GASOLINA COMUM,SUDESTE,RIO DE JANEIRO,RIO DE JANEIRO,6.415
ago-21,GASOLINA COMUM,SUL,RIO GRANDE DO SUL,RIO GRANDE,6.298
ago-21,GASOLINA COMUM,CENTRO OESTE,GOIAS,RIO VERDE,6.162
ago-21,GASOLINA COMUM,CENTRO OESTE,MATO GROSSO,RONDONOPOLIS,5.966
ago-21,GASOLINA COMUM,SUDESTE,MINAS GERAIS,SABARA,6.142
ago-21,GASOLINA COMUM,SUDESTE,SAO PAULO,SALTO,5.55
ago-21,GASOLINA COMUM,NORDESTE,BAHIA,SALVADOR,5.949
ago-21,GASOLINA COMUM,SUDESTE,SAO PAULO,SANTA BARBARA D'OESTE,5.533
ago-21,GASOLINA COMUM,NORDESTE,PERNAMBUCO,SANTA CRUZ DO CAPIBARIBE,5.937
ago-21,GASOLINA COMUM,SUDESTE,SAO PAULO,SANTA CRUZ DO RIO PARDO,5.645
ago-21,GASOLINA COMUM,SUL,RIO GRANDE DO SUL,SANTA CRUZ DO SUL,6.259
ago-21,GASOLINA COMUM,SUL,RIO GRANDE DO SUL,SANTA MARIA,6.312
ago-21,GASOLINA COMUM,SUL,RIO GRANDE DO SUL,SANTA ROSA,6.058
ago-21,GASOLINA COMUM,SUL,RIO GRANDE DO SUL,SANTANA DO LIVRAMENTO,6.392
ago-21,GASOLINA COMUM,NORTE,PARA,SANTAREM,5.99
ago-21,GASOLINA COMUM,SUDESTE,SAO PAULO,SANTO ANDRE,5.591
ago-21,GASOLINA COMUM,SUL,RIO GRANDE DO SUL,SANTO ANGELO,6.221
ago-21,GASOLINA COMUM,SUL,PARANA,SANTO ANTONIO DA PLATINA,5.725
ago-21,GASOLINA COMUM,SUDESTE,SAO PAULO,SANTOS,5.717
ago-21,GASOLINA COMUM,SUDESTE,SAO PAULO,SAO BERNARDO DO CAMPO,5.593
ago-21,GASOLINA COMUM,SUDESTE,SAO PAULO,SAO CAETANO DO SUL,5.679
ago-21,GASOLINA COMUM,SUDESTE,SAO PAULO,SAO CARLOS,5.719
ago-21,GASOLINA COMUM,SUDESTE,RIO DE JANEIRO,SAO FRANCISCO DE ITABAPOANA,6.569
ago-21,GASOLINA COMUM,SUL,RIO GRANDE DO SUL,SAO GABRIEL,6.305
ago-21,GASOLINA COMUM,SUDESTE,RIO DE JANEIRO,SAO GONCALO,6.371
ago-21,GASOLINA COMUM,SUDESTE,SAO PAULO,SAO JOAO DA BOA VISTA,5.529
ago-21,GASOLINA COMUM,SUDESTE,RIO DE JANEIRO,SAO JOAO DE MERITI,6.338
ago-21,GASOLINA COMUM,SUDESTE,MINAS GERAIS,SAO JOAO DEL REI,6.175
ago-21,GASOLINA COMUM,SUL,SANTA CATARINA,SAO JOSE,5.89
ago-21,GASOLINA COMUM,NORDESTE,MARANHAO,SAO JOSE DE RIBAMAR,5.812
ago-21,GASOLINA COMUM,SUDESTE,SAO PAULO,SAO JOSE DO RIO PRETO,5.667
ago-21,GASOLINA COMUM,SUDESTE,SAO PAULO,SAO JOSE DOS CAMPOS,5.418
ago-21,GASOLINA COMUM,SUL,PARANA,SAO JOSE DOS PINHAIS,5.557
ago-21,GASOLINA COMUM,SUL,RIO GRANDE DO SUL,SAO LEOPOLDO,5.946
ago-21,GASOLINA COMUM,NORDESTE,MARANHAO,SAO LUIS,5.806
ago-21,GASOLINA COMUM,SUL,RIO GRANDE DO SUL,SAO LUIZ GONZAGA,6.236
ago-21,GASOLINA COMUM,SUDESTE,SAO PAULO,SAO PAULO,5.58
ago-21,GASOLINA COMUM,SUDESTE,SAO PAULO,SAO ROQUE,5.533
ago-21,GASOLINA COMUM,SUDESTE,MINAS GERAIS,SAO SEBASTIAO DO PARAISO,6.588
ago-21,GASOLINA COMUM,SUDESTE,SAO PAULO,SAO VICENTE,5.631
ago-21,GASOLINA COMUM,SUL,RIO GRANDE DO SUL,SAPIRANGA,5.962
ago-21,GASOLINA COMUM,SUL,RIO GRANDE DO SUL,SAPUCAIA DO SUL,5.812
ago-21,GASOLINA COMUM,SUDESTE,RIO DE JANEIRO,SAQUAREMA,6.507
ago-21,GASOLINA COMUM,SUDESTE,ESPIRITO SANTO,SERRA,6.064
ago-21,GASOLINA COMUM,SUDESTE,SAO PAULO,SERTAOZINHO,5.79
ago-21,GASOLINA COMUM,SUDESTE,MINAS GERAIS,SETE LAGOAS,6.088
ago-21,GASOLINA COMUM,NORDESTE,BAHIA,SIMOES FILHO,5.93
ago-21,GASOLINA COMUM,CENTRO OESTE,MATO GROSSO,SINOP,5.861
ago-21,GASOLINA COMUM,NORDESTE,CEARA,SOBRAL,6.061
ago-21,GASOLINA COMUM,SUDESTE,SAO PAULO,SOROCABA,5.526
ago-21,GASOLINA COMUM,CENTRO OESTE,MATO GROSSO,SORRISO,6.13
ago-21,GASOLINA COMUM,NORDESTE,PARAIBA,SOUSA,5.999
ago-21,GASOLINA COMUM,SUDESTE,SAO PAULO,SUMARE,5.543
ago-21,GASOLINA COMUM,SUDESTE,SAO PAULO,SUZANO,5.492
ago-21,GASOLINA COMUM,SUDESTE,SAO PAULO,TABOAO DA SERRA,5.571
ago-21,GASOLINA COMUM,SUDESTE,SAO PAULO,TATUI,5.619
ago-21,GASOLINA COMUM,SUDESTE,SAO PAULO,TAUBATE,5.549
ago-21,GASOLINA COMUM,NORTE,AMAZONAS,TEFE,6.34
ago-21,GASOLINA COMUM,SUDESTE,MINAS GERAIS,TEOFILO OTONI,6.328
ago-21,GASOLINA COMUM,NORDESTE,PIAUI,TERESINA,6.298
ago-21,GASOLINA COMUM,SUDESTE,RIO DE JANEIRO,TERESOPOLIS,6.421
ago-21,GASOLINA COMUM,SUL,PARANA,TOLEDO,5.779
ago-21,GASOLINA COMUM,SUL,RIO GRANDE DO SUL,TORRES,6.11
ago-21,GASOLINA COMUM,SUDESTE,MINAS GERAIS,TRES CORACOES,6.389
ago-21,GASOLINA COMUM,CENTRO OESTE,MATO GROSSO DO SUL,TRES LAGOAS,6.191
ago-21,GASOLINA COMUM,SUDESTE,RIO DE JANEIRO,TRES RIOS,6.821
ago-21,GASOLINA COMUM,CENTRO OESTE,GOIAS,TRINDADE,6.329
ago-21,GASOLINA COMUM,SUL,SANTA CATARINA,TUBARAO,5.683
ago-21,GASOLINA COMUM,SUDESTE,SAO PAULO,TUPA,5.604
ago-21,GASOLINA COMUM,SUDESTE,MINAS GERAIS,UBA,6.235
ago-21,GASOLINA COMUM,SUDESTE,SAO PAULO,UBATUBA,5.794
ago-21,GASOLINA COMUM,SUDESTE,MINAS GERAIS,UBERABA,6.248
ago-21,GASOLINA COMUM,SUDESTE,MINAS GERAIS,UBERLANDIA,6.162
ago-21,GASOLINA COMUM,SUL,PARANA,UMUARAMA,5.833
ago-21,GASOLINA COMUM,SUDESTE,MINAS GERAIS,UNAI,6.476
ago-21,GASOLINA COMUM,SUL,PARANA,UNIAO DA VITORIA,5.866
ago-21,GASOLINA COMUM,SUL,RIO GRANDE DO SUL,URUGUAIANA,6.374
ago-21,GASOLINA COMUM,SUL,RIO GRANDE DO SUL,VACARIA,6.366
ago-21,GASOLINA COMUM,SUDESTE,RIO DE JANEIRO,VALENCA,6.73
ago-21,GASOLINA COMUM,SUDESTE,SAO PAULO,VALINHOS,5.534
ago-21,GASOLINA COMUM,SUDESTE,MINAS GERAIS,VARGINHA,6.094
ago-21,GASOLINA COMUM,CENTRO OESTE,MATO GROSSO,VARZEA GRANDE,5.914
ago-21,GASOLINA COMUM,SUDESTE,SAO PAULO,VARZEA PAULISTA,5.539
ago-21,GASOLINA COMUM,SUL,RIO GRANDE DO SUL,VIAMAO,6.127
ago-21,GASOLINA COMUM,SUDESTE,MINAS GERAIS,VICOSA,6.491
ago-21,GASOLINA COMUM,NORTE,RONDONIA,VILHENA,6.063
ago-21,GASOLINA COMUM,SUDESTE,SAO PAULO,VINHEDO,5.504
ago-21,GASOLINA COMUM,SUDESTE,ESPIRITO SANTO,VITORIA,6.101
ago-21,GASOLINA COMUM,NORDESTE,BAHIA,VITORIA DA CONQUISTA,6.368
ago-21,GASOLINA COMUM,NORDESTE,PERNAMBUCO,VITORIA DE SANTO ANTAO,5.847
ago-21,GASOLINA COMUM,SUDESTE,RIO DE JANEIRO,VOLTA REDONDA,6.666
ago-21,GASOLINA COMUM,SUDESTE,SAO PAULO,VOTORANTIM,5.533
ago-21,GASOLINA COMUM,SUDESTE,SAO PAULO,VOTUPORANGA,5.785
ago-21,GASOLINA COMUM,SUL,SANTA CATARINA,XANXERE,5.82
ago-21,GASOLINA COMUM,NORTE,PARA,XINGUARA,6.34
